seq_id,video_id,label,num_frames
cljan9b4p00043n6ligceanyp,B5hrxKe2nP8,parkinsons,511
cljanb45y00083n6lmh1qhydd,B5hrxKe2nP8,parkinsons,214
cljao8kyf000d3n6l0x9kgmav,TgkxrrhnvlM,abnormal,147
cljaoak47000i3n6lsrb9rit9,TgkxrrhnvlM,abnormal,150
cljaobtd0000q3n6lutd71mer,TgkxrrhnvlM,abnormal,490
cljaocn4e000u3n6lgnrx469h,TgkxrrhnvlM,abnormal,178
cljaoebv700113n6lw01p9hl3,TgkxrrhnvlM,abnormal,369
cljaokm0f001e3n6lirgzoymg,5SBtTbfELUU,abnormal,112
cljaolsgy001i3n6li20nkrgp,5SBtTbfELUU,abnormal,118
cljaommx0001m3n6lfb2cuqgv,5SBtTbfELUU,abnormal,113
cljaonfdz001q3n6l4qtxtuut,5SBtTbfELUU,abnormal,103
cljaoo2cn001u3n6lf7xqjrze,5SBtTbfELUU,abnormal,87
cljaop6jn00203n6lk46gbf4c,5SBtTbfELUU,abnormal,97
cljaoq8tp00243n6lav1phi0c,5SBtTbfELUU,abnormal,111
cljaoshr200283n6lp3zsekp0,5SBtTbfELUU,abnormal,90
cljaot782002c3n6liew6rbtf,5SBtTbfELUU,abnormal,95
cljaotzi6002g3n6ljofm5j6d,5SBtTbfELUU,abnormal,98
cljaouueo002k3n6l57zl7081,5SBtTbfELUU,abnormal,104
cljaovpji002o3n6lgugwrc6j,5SBtTbfELUU,abnormal,104
cljaowoxy002s3n6lm5b9d3pg,5SBtTbfELUU,abnormal,96
cljaox711002w3n6lwjtc0qb3,5SBtTbfELUU,abnormal,108
cljaoxl8100303n6ll1waw5n0,5SBtTbfELUU,abnormal,99
cljaoxzmr00343n6lfoaxldb1,5SBtTbfELUU,abnormal,100
cljaoyfcy00383n6lmftrl6rf,5SBtTbfELUU,abnormal,116
cljaoyz1c003c3n6l84cbjwg9,5SBtTbfELUU,abnormal,111
cljaozfe5003g3n6lc5wkcomq,5SBtTbfELUU,abnormal,104
cljaozwlh003k3n6lzk9rxqbs,5SBtTbfELUU,abnormal,98
cljap0c1m003o3n6lgmq5uhwn,5SBtTbfELUU,abnormal,82
cljap0sgs003s3n6lkyvcdzkd,5SBtTbfELUU,abnormal,90
cljap1efc003z3n6l5ghozcy9,5SBtTbfELUU,abnormal,99
cljap2na700433n6lwob4q16g,5SBtTbfELUU,abnormal,124
cljap357k00473n6lpfwcjp1e,5SBtTbfELUU,abnormal,128
cljap3krs004b3n6ldjwuf1cm,5SBtTbfELUU,abnormal,81
cljap4083004f3n6ldx98aixq,5SBtTbfELUU,abnormal,95
cljap4p9j004j3n6lj39g6r9m,5SBtTbfELUU,abnormal,69
cljap548n004n3n6l909fckn8,5SBtTbfELUU,abnormal,80
cljap5o8u004r3n6llsoy3aww,5SBtTbfELUU,abnormal,33
cljap626d004v3n6ldyysleyr,5SBtTbfELUU,abnormal,38
cljapao5600503n6lhrbr4zii,0gAHlm79Bjo,abnormal,305
cljaqc7jf00943n6l9cmdtsmn,pu5Vwf1CBO0,abnormal,259
cljaqdekt00983n6ldn9m222j,pu5Vwf1CBO0,abnormal,300
cljaqdzxw009c3n6lo9tgpswu,pu5Vwf1CBO0,abnormal,1037
cljaqfh2m009g3n6l1e9tgem1,pu5Vwf1CBO0,abnormal,1168
cljaqgysf009k3n6ll9eqg231,pu5Vwf1CBO0,abnormal,227
cljaqi14m009o3n6lutscti5j,pu5Vwf1CBO0,abnormal,228
cljaqjnck009t3n6l3yakz4ot,pu5Vwf1CBO0,abnormal,941
cljaqky9x009x3n6l7nrltuyb,pu5Vwf1CBO0,abnormal,888
cljaqvpdp00an3n6ld9oqnejn,Q98WKpwIpkE,abnormal,159
cljaqwk3x00ar3n6l1dok7jvh,Q98WKpwIpkE,abnormal,171
cljaqz2zx00b33n6lrn4zn4tq,Q98WKpwIpkE,abnormal,203
cljaqzzus00b73n6lkximasu4,Q98WKpwIpkE,abnormal,192
cljar11t100bb3n6ls0aq85hr,Q98WKpwIpkE,abnormal,76
cljar1lys00bf3n6lnn8jrx8y,Q98WKpwIpkE,abnormal,172
cljar4zkz00br3n6lp76etiwf,Q98WKpwIpkE,abnormal,104
cljar5lo000bv3n6l8s10hc7v,Q98WKpwIpkE,abnormal,75
cljar878f00c03n6ly2v2ay88,wRntYsztIEY,cerebral palsy,193
cljar9bqo00c43n6l2u5zmlru,wRntYsztIEY,cerebral palsy,194
cljarar9t00cc3n6lqhi9udoc,wRntYsztIEY,cerebral palsy,763
cljarbn1y00cg3n6l1u4i0d5l,wRntYsztIEY,cerebral palsy,151
cljarcfa700ck3n6lfww83ig1,wRntYsztIEY,cerebral palsy,157
cljarcy3g00co3n6lzsn1x034,wRntYsztIEY,cerebral palsy,684
cljardvzg00cs3n6loetskba6,wRntYsztIEY,cerebral palsy,538
cljargosy00cx3n6lm6atozrz,R8LRCiTvUz8,myopathic,86
cljarhldg00d13n6l7utw0lqn,R8LRCiTvUz8,myopathic,310
cljarj6rf00d53n6ljtivf4q7,R8LRCiTvUz8,myopathic,222
cljarkax200d93n6lukx52g1t,R8LRCiTvUz8,myopathic,241
cljarlbch00dd3n6l9jaubrxq,R8LRCiTvUz8,myopathic,122
cljarmcm700dh3n6lxw24hxgx,R8LRCiTvUz8,myopathic,158
cljarn9oy00dl3n6l8pg9exfg,R8LRCiTvUz8,myopathic,107
cljaroguw00dp3n6lhfddiadu,R8LRCiTvUz8,myopathic,189
cljarp08600dt3n6lxa7sysiv,R8LRCiTvUz8,myopathic,137
cljarpts600dx3n6l98zqf6yn,R8LRCiTvUz8,myopathic,137
cljarqtuz00e13n6lrnox6mfs,R8LRCiTvUz8,myopathic,138
cljas04fw00f33n6lm5cvx9g6,DlPDuHBAP7A,cerebral palsy,146
cljas134500f73n6lkfbjfayp,DlPDuHBAP7A,cerebral palsy,78
cljas1yfs00fb3n6lna38ui6i,DlPDuHBAP7A,cerebral palsy,344
cljas4dqj00fj3n6ldw6wiwpy,DlPDuHBAP7A,cerebral palsy,315
cljas6das00fr3n6lhlqzyhq2,DlPDuHBAP7A,cerebral palsy,115
cljawb5nf00043n6l38chxsod,HDkWDe6FZDg,myopathic,201
cljawd01m00093n6l4kx9020l,HDkWDe6FZDg,myopathic,82
cljawdoej000d3n6ll5ysj34f,HDkWDe6FZDg,myopathic,139
cljawkh09000r3n6lmz56x0qk,uV6dPE2sz7k,abnormal,183
cljawlkt0000v3n6lo2s8a5rl,uV6dPE2sz7k,abnormal,212
cljawmt3400133n6lp41x9vvn,uV6dPE2sz7k,abnormal,548
cljawo31o00173n6lk7goqxm1,uV6dPE2sz7k,abnormal,161
cljawov3k001b3n6li7bmdm12,uV6dPE2sz7k,abnormal,139
cljawpjqr001f3n6lop4rdnzm,uV6dPE2sz7k,abnormal,456
cljawqrbd001j3n6lqufhfuet,uV6dPE2sz7k,abnormal,425
cljax24er002l3n6l0dnxpdh8,SxlhJQ4_PMY,exercise,215
cljax40az002t3n6lwspyczks,SxlhJQ4_PMY,exercise,297
cljax5by5002x3n6la1cd2oel,SxlhJQ4_PMY,exercise,267
cljax9d2p00363n6lx043s1m7,jzJIpY6vRLo,myopathic,139
cljaxabfg003a3n6l95mrlcry,jzJIpY6vRLo,myopathic,124
cljaxb5y2003e3n6lj1j9qvav,jzJIpY6vRLo,myopathic,127
cljaxbq22003i3n6lmzka93uq,jzJIpY6vRLo,myopathic,154
cljaycatw00113n6lai3dpr03,5SBtTbfELUU,abnormal,108
cljayepal00153n6lh4i9j3c8,5SBtTbfELUU,abnormal,111
cljdytzd800083n6l1vuekg83,5SBtTbfELUU,abnormal,104
cljdyypnd000c3n6lp8jaku1w,5SBtTbfELUU,abnormal,106
cljnyb9qa00083n6l2b6wex1t,__CK--Y5I9w,abnormal,64
cljnyexjp000d3n6ls42vn87x,_7bmPmDJuDA,exercise,212
cljnyqv6p001a3n6ltpn3im47,_O8IZaDu8H4,abnormal,206
cljnythm4001j3n6l7hxzn2c4,_sf86EFdrqc,abnormal,392
cljnyv9zm001n3n6l5midofuq,_sf86EFdrqc,abnormal,265
cljnz3l34000c3n6ldapq560j,_Wn9oYGpRdM,parkinsons,169
cljnz4e8u000g3n6l1luikppo,_Wn9oYGpRdM,parkinsons,77
cljnz4y5a000k3n6lkv4b1rjn,_Wn9oYGpRdM,parkinsons,118
cljnz5sb1000o3n6lntosswwz,_Wn9oYGpRdM,parkinsons,80
cljnz6vg1000s3n6lxxknbe72,_Wn9oYGpRdM,parkinsons,110
cljnz7jnj000w3n6lku3pfvtm,_Wn9oYGpRdM,parkinsons,89
cljo0ytcr00143n6lf5yeso30,_ZtLRn19mQE,exercise,144
cljo0zeft00183n6l0oii1i7y,_ZtLRn19mQE,exercise,90
cljo10gje001c3n6l07zobvf1,_ZtLRn19mQE,exercise,200
cljo11225001g3n6l7zdk56hb,_ZtLRn19mQE,exercise,112
cljo1kedv003c3n6l4p52mpyp,0XM23zRNHM8,exercise,71
cljo1phh2003y3n6l69kfyzp4,1eB_RXbyiC0,abnormal,260
cljo2vai700133n6lr8vfevzs,3Et5ZTqMPmU,exercise,175
cljo2wwu7001a3n6ljmqm39l6,3KnFt8bH3tE,normal,95
cljo2y1f7001e3n6lt1wgacw6,3KnFt8bH3tE,normal,84
cljo2yqzp001i3n6lg75p7wtq,3KnFt8bH3tE,normal,60
cljo32213001u3n6lel97up5f,3KnFt8bH3tE,normal,69
cljo32ik2001y3n6lmmnu0sgo,3KnFt8bH3tE,normal,48
cljo32xnz00223n6lvxzyif3y,3KnFt8bH3tE,normal,47
cljo33m8400263n6l4xxsl6ku,3KnFt8bH3tE,normal,43
cljo340cm002a3n6low42ugvh,3KnFt8bH3tE,normal,1169
cljo39ok9002h3n6ldr0w5sey,3KnFt8bH3tE,normal,273
cljo3b2dy002l3n6l270vpzp8,3KnFt8bH3tE,normal,573
cljo6mjzm00043n6lm20jh9gw,3QpsdYh7uhI,abnormal,48
cljo6na9q00083n6lajw2or7e,3QpsdYh7uhI,abnormal,44
cljo6nyzg000c3n6lx8ga01e2,3QpsdYh7uhI,abnormal,24
cljo6oiiv000g3n6lr7nwhvl8,3QpsdYh7uhI,abnormal,37
cljo6pd2x000k3n6lzncvjn3t,3QpsdYh7uhI,abnormal,40
cljo89aiv005p3n6lqmsre4c2,5fczU8Exs70,exercise,852
cljr3h0u500163n6lgbf967hh,7nIQv3K_-Qc,style,79
cljr3ivxh001a3n6l7j382lyt,7nIQv3K_-Qc,style,36
cljr3jq8m001e3n6legw30pqn,7nIQv3K_-Qc,style,114
cljr3kiht001i3n6l4jq31vhh,7nIQv3K_-Qc,style,53
cljr3lvzs001n3n6l5805w9wq,7nIQv3K_-Qc,style,73
cljr3n1ca001r3n6l2qydcdn2,7nIQv3K_-Qc,style,117
cljr3ovxy001v3n6lp1ru2833,7nIQv3K_-Qc,style,33
cljr3pl9g001z3n6luaky2d90,7nIQv3K_-Qc,style,38
cljr3qjx300233n6ltiah1f9z,7nIQv3K_-Qc,style,121
cljr3sirn002b3n6l8et3iuyo,7nIQv3K_-Qc,style,104
cljr3tvxt002f3n6lui2z8qw7,7nIQv3K_-Qc,style,281
cljr3y3de002r3n6ld2hr4lka,7nIQv3K_-Qc,style,53
cljr3yz5f002v3n6lcvv0x2kh,7nIQv3K_-Qc,style,80
cljr3zsb6002z3n6lx6emjomm,7nIQv3K_-Qc,style,90
cljr40g2x00333n6lb1nksqeh,7nIQv3K_-Qc,style,73
cljr41gm600373n6l0lw102v7,7nIQv3K_-Qc,style,140
cljr439n0003f3n6lmanh0f5o,7nIQv3K_-Qc,style,99
cljr44fvu003l3n6l5mjp10bs,7nIQv3K_-Qc,style,101
cljr4wlt0000z3n6l0984n9o3,7Ps0YIF-BS0,abnormal,415
cljr4zha200173n6l6dz5hydi,7Ps0YIF-BS0,abnormal,174
cljr5rpf8001c3n6lpd51eb9m,8PKj0HFCgNo,abnormal,134
cljr5tz3c001k3n6lfc27vpnp,8PPLTf0fZsY,myopathic,124
cljr5unji001o3n6lapqpzkio,8PPLTf0fZsY,myopathic,85
cljr5vg0s001s3n6lvxtmt0rn,8PPLTf0fZsY,myopathic,120
cljr5wgkf001w3n6lwp1w3wlu,8PPLTf0fZsY,myopathic,64
cljr5zp1i002b3n6l72p1rnd6,9bofHbaHTVY,abnormal,88
cljr61601002i3n6lp9ppmflo,5qM6wxZ_dNs,myopathic,221
cljr62h3i002m3n6l9z24blly,5qM6wxZ_dNs,myopathic,180
cljr64k4y002y3n6lqg5rmn1o,5qM6wxZ_dNs,myopathic,168
cljr658xk00323n6lfid0k0y6,5qM6wxZ_dNs,myopathic,188
cljr6kr9p00043n6lxsegjd2q,6unvtCM0fxM,abnormal,215
cljr6mxf0000c3n6lujp11l6w,7Ft1bUTzxkM,myopathic,201
cljr6o2r2000g3n6ld9zqoaqo,7Ft1bUTzxkM,myopathic,110
cljr6ohvb000k3n6lfqwsgy5d,7Ft1bUTzxkM,myopathic,78
cljr6plhu000o3n6loi07umhh,7Ft1bUTzxkM,myopathic,143
cljr6q6hi000s3n6l92mb8yqa,7Ft1bUTzxkM,myopathic,128
cljr6u47g00113n6lkd13v5fb,9qg-3smwLcs,myopathic,59
cljr6wkld00193n6ltjloqzl1,9qg-3smwLcs,myopathic,263
cljr6xqvi001d3n6lctvtihw2,9qg-3smwLcs,myopathic,454
cljr6z0uo001h3n6lixdz25qa,9qg-3smwLcs,myopathic,246
cljr6zqwu001l3n6lc40rmemx,9qg-3smwLcs,myopathic,421
cljr70g44001p3n6l08md7kau,9qg-3smwLcs,myopathic,410
cljrrkkuv000o3n6ldcm0l99u,51O3GEnkbuY,exercise,130
cljrrmdtk000y3n6l6l2e00j6,67bkNin-XDo,exercise,606
cljs0zfbo00043n6lp0sofeh2,9126Bdjn8sg,style,28
cljs10pvi00083n6ljjct68cc,9126Bdjn8sg,style,85
cljs11rxw000c3n6ll6xgdtq5,9126Bdjn8sg,style,82
cljs12u6n000g3n6l1aq9hj4u,9126Bdjn8sg,style,75
cljs141s3000k3n6lj0z35fww,9126Bdjn8sg,style,70
cljs14tc4000o3n6lcl4e859g,9126Bdjn8sg,style,105
cljs1hv8z000s3n6li0v6glrz,9126Bdjn8sg,style,142
cljs1j69t000w3n6ll4jnm662,9126Bdjn8sg,style,51
cljs1ke3l00103n6l5nvm1yfd,9126Bdjn8sg,style,47
cljs1lk2900143n6lddkmnnro,9126Bdjn8sg,style,52
cljs1ngj000183n6l5u5lc6lr,9126Bdjn8sg,style,83
cljs1qgry001c3n6lv7sqrtr6,9126Bdjn8sg,style,117
cljs1rs7s001g3n6lza2i5sdx,9126Bdjn8sg,style,125
cljs1t95n001k3n6ldcxlogmd,9126Bdjn8sg,style,178
cljs2vx9b001s3n6lo4tc3qwd,9126Bdjn8sg,style,59
cljs2wgbs001w3n6lh1rtv3be,9126Bdjn8sg,style,58
cljs35dwh00243n6lp1kx95if,9126Bdjn8sg,style,104
cljs37jz800283n6lb3g7s5a5,9126Bdjn8sg,style,86
cljs38rol002c3n6lnpdlbyoq,9126Bdjn8sg,style,114
cljs3bsag002g3n6l2jctyel3,9126Bdjn8sg,style,86
cljs3cnzx002k3n6lf906p4hv,9126Bdjn8sg,style,118
cljs3dvx6002o3n6lqlo1s770,9126Bdjn8sg,style,183
cljs3fc6r002s3n6l1va1vqkv,9126Bdjn8sg,style,55
cljs3k2d600303n6le6jwya03,9126Bdjn8sg,style,62
cljs3lenp00343n6lg7lk0p9c,9126Bdjn8sg,style,49
cljs3m7j800383n6lhtfqmad8,9126Bdjn8sg,style,99
cljs3pito003c3n6ll8xr0kbi,9126Bdjn8sg,style,130
cljs3r7oy003g3n6lkf4rejsb,9126Bdjn8sg,style,122
cljs40rs9003r3n6lcwzznnbm,9126Bdjn8sg,style,128
cljs424vc003v3n6l00y4fdlb,9126Bdjn8sg,style,103
cljs43skx00433n6lxa7dsu3i,9126Bdjn8sg,style,100
cljs45dkb00473n6lesqaxyj0,9126Bdjn8sg,style,162
cljs46rs6004b3n6l7w9axgfi,9126Bdjn8sg,style,96
cljs47o7w004f3n6lxha5i3or,9126Bdjn8sg,style,112
cljs48vzw004j3n6ld4gmox8u,9126Bdjn8sg,style,88
cljs4b5pp004n3n6lals2zpwr,9126Bdjn8sg,style,112
cljs4dsq7004v3n6lzy1oxbvw,9126Bdjn8sg,style,112
cljs4evdd004z3n6lvr0hypqr,9126Bdjn8sg,style,78
cljs4fg5q00533n6lva2cwo7m,9126Bdjn8sg,style,133
cljs4htao005f3n6ltnfqcut7,9126Bdjn8sg,style,67
cljs4jfyk005j3n6lwif0h0gw,9126Bdjn8sg,style,67
cljs4mt5j005n3n6ladrkpabn,9126Bdjn8sg,style,88
cljs4o2ps005r3n6lxofiekfe,9126Bdjn8sg,style,163
cljs4qzpx005v3n6lpl170g3d,9126Bdjn8sg,style,203
cljs4shwn005z3n6lw5bwbprv,9126Bdjn8sg,style,129
cljs4zb32006g3n6lllbx3wh4,a8tGMhZo69Q,exercise,183
cljs507qx006k3n6l0raraiqg,a8tGMhZo69Q,exercise,71
cljs513ok006o3n6l9oapxupv,a8tGMhZo69Q,exercise,180
cljs51wg8006s3n6la5snnj9g,a8tGMhZo69Q,exercise,68
cljs53720006w3n6l6xfz7cv6,a8tGMhZo69Q,exercise,200
cljs541cf00703n6l8gjj1v6r,a8tGMhZo69Q,exercise,56
cljvw0vgp000i3n6lf0ykyacv,42Nu-u7LRJE,abnormal,523
cljvw26w6000m3n6l6z38a9xm,42Nu-u7LRJE,abnormal,1136
cljvw2pll000q3n6ljsxpln23,42Nu-u7LRJE,abnormal,365
cljvw3sad000u3n6lb57uns3y,42Nu-u7LRJE,abnormal,369
cljvw49xy000y3n6lgej0434g,42Nu-u7LRJE,abnormal,680
cljvw53pm00113n6l61zxh9f3,42Nu-u7LRJE,abnormal,1047
cljvw6qaf00193n6lxyocxz4f,74oid6mPMtM,exercise,385
cljvw7sat001d3n6lyhlwbluy,74oid6mPMtM,exercise,292
cljvw8q00001h3n6lpt6wb3mz,74oid6mPMtM,exercise,382
cljvwa0xv001l3n6ljqjllmr7,74oid6mPMtM,exercise,187
cljvwb1h6001p3n6l138k9qo4,338R10fA_wU,cerebral palsy,326
cljvwd8v1001x3n6l4kctzozr,338R10fA_wU,cerebral palsy,420
cljvwe0ky00213n6l7qczieno,338R10fA_wU,cerebral palsy,264
cljvwev0l00253n6l9z4c0e64,338R10fA_wU,cerebral palsy,139
cljvwg5ec002d3n6l2md9azmd,338R10fA_wU,cerebral palsy,159
cljvwh32z002h3n6lqbpciciy,338R10fA_wU,cerebral palsy,196
cljvwi48w002l3n6l60p46q08,338R10fA_wU,cerebral palsy,244
cljvwkifk002x3n6l7jeh6adi,338R10fA_wU,cerebral palsy,365
cljvwngzn00373n6l5ma7hfra,AKa5EkK1Pl0,abnormal,440
cljvx26e4003q3n6lkx7aqcme,as0e_s4LMKE,exercise,264
cljvx44jt003v3n6lgox22f0q,AWS_zIFfGTg,abnormal,138
cljvx4wos003z3n6l6bdtpbfj,AWS_zIFfGTg,abnormal,94
cljvx5r6q00433n6l9t84rm4c,AWS_zIFfGTg,abnormal,256
cljvx6sap00473n6la59xatps,AWS_zIFfGTg,abnormal,82
cljvx7axd004b3n6lftkobhxs,AWS_zIFfGTg,abnormal,93
cljvx8zo5004j3n6l09nz7rpt,AWS_zIFfGTg,abnormal,199
cljvxbmbq004v3n6lz5ou4j62,AWS_zIFfGTg,abnormal,325
cljvxcwbz004z3n6lmavy9xwl,AWS_zIFfGTg,abnormal,35
cljvxflwd00573n6lpn9dt7mc,AWS_zIFfGTg,abnormal,21
cljvxhzpm005f3n6lup499agk,AWS_zIFfGTg,abnormal,211
cljvxijr4005i3n6l51ll5c0g,AWS_zIFfGTg,abnormal,192
cljvxjkga005m3n6llroca6j3,AWS_zIFfGTg,abnormal,493
cljvxkgf9005q3n6ls1lts5ug,AWS_zIFfGTg,abnormal,167
cljw43jb900123n6lewjt9vqg,B3ohGeUR0XY,exercise,215
cljw448vx00163n6lhm5vmfhm,B3ohGeUR0XY,exercise,209
cljw47neo001o3n6ll8fh5krg,b7VSPvw4FvE,exercise,198
cljw488gl001t3n6l5ogfho3h,b46xmMgdtnY,abnormal,138
cljw48sqo001x3n6lui1j6arn,b46xmMgdtnY,abnormal,126
cljw498vp00213n6lke1u98jj,b46xmMgdtnY,abnormal,133
cljw614kh002n3n6l98x3nnr6,bmi1hYOnTHs,parkinsons,187
cljw61mqp002r3n6ly9axf1b2,bmi1hYOnTHs,parkinsons,97
cljw6392x002v3n6l2cmbbtj8,bmi1hYOnTHs,parkinsons,165
cljw66tru00363n6lul1gvz3v,bmi1hYOnTHs,parkinsons,353
cljw69f3h003a3n6lk2qd3f08,bmi1hYOnTHs,parkinsons,295
cljw6a6on003e3n6l34f95ehd,bmi1hYOnTHs,parkinsons,121
cljw6e97y00083n6lopyf3zqt,By95MlAGTjE,abnormal,77
cljw6f07a000c3n6l2ayhqj3o,By95MlAGTjE,abnormal,102
cljw6gacy000g3n6lot0jsum0,By95MlAGTjE,abnormal,37
cljw6hu10000o3n6l4cmx3ypi,By95MlAGTjE,abnormal,43
cljw6ilc7000s3n6l6iyc9ju4,By95MlAGTjE,abnormal,41
cljw6n7mg00173n6lnk3lmru5,cAETIJSUobY,exercise,215
cljw6nqn7001b3n6liypqmvgj,cAETIJSUobY,exercise,272
cljw6om0e001f3n6l395dmbg4,cAETIJSUobY,exercise,263
cljw6phvc001k3n6l65kgd53c,cegLAYxNO1E,exercise,240
cljw6qeiv001o3n6lo9dcmmeg,cegLAYxNO1E,exercise,221
cljw6zrh800353n6l76psqelc,cqbQi5BTsSw,abnormal,270
cljw70c2t00393n6l8ou5prmf,cqbQi5BTsSw,abnormal,266
cljw7257w003h3n6lgnsitrvd,cqbQi5BTsSw,abnormal,1093
cljw74mqw003u3n6lmj3h1v6x,CrToYDUN89A,abnormal,389
cljw75out003z3n6ldarll2qz,cWujgb8jHNE,myopathic,175
cljw7a2mf004q3n6l5u1wps0e,ddMHjYSIQsM,exercise,200
cljw7ajrd004u3n6ltrzrbk92,ddMHjYSIQsM,exercise,206
cljw7c11f004z3n6ldnwe9cqj,d-jXLtMnqGY,exercise,152
cljw7orya006s3n6lopenf75e,dxRMtNtjwCc,parkinsons,651
cljw7pk60006w3n6lud1dvft9,dxRMtNtjwCc,parkinsons,257
cljw7q1kn00703n6lo6plljo9,dxRMtNtjwCc,parkinsons,331
cljw7u9tn007u3n6lq4pt7x51,eC5rBFti78M,exercise,164
cljw7uo8h007y3n6lyok5axbw,eC5rBFti78M,exercise,132
cljwbcjvq00043n6lllxhr535,EjPUpKUbZSg,abnormal,306
cljwbrss4001k3n6l6oaj5ayy,f1Jt0xVqvtI,exercise,263
cljwbsax5001o3n6lgoj7f57r,f1Jt0xVqvtI,exercise,277
cljwcp4ds00233n6lr9hvtf73,FoWTST-lrZw,exercise,299
cljwcx6nj00043n6l90obz35w,F-T39hlQ6i0,exercise,163
cljwcxjlo00083n6lkqia9zx0,F-T39hlQ6i0,exercise,177
cljwd0g2x000m3n6lgzb8jcwo,FtpcgPPcySk,abnormal,100
cljwd2k4l000y3n6lp5jngk5e,FtpcgPPcySk,abnormal,173
cljwd6kxa001i3n6lm1mk8bg8,gBvMHns6N90,abnormal,184
cljwd7gqa001m3n6lteailldg,gBvMHns6N90,abnormal,172
cljwd7wey001q3n6lgwlba49x,gBvMHns6N90,abnormal,124
cljwd8jby001u3n6lizluv10f,gBvMHns6N90,abnormal,238
cljwd92y7001y3n6lz7l3kpb7,gBvMHns6N90,abnormal,176
cljwno0m600043n6lq54umusu,-oJM2wUUjws,parkinsons,202
cljwnp5ai000c3n6lqhuqij08,-oJM2wUUjws,parkinsons,124
cljwnqgpo000h3n6ljjl2gyh2,ONUjYikzmNE,exercise,192
cljwr30g000043n6ls0cp5ety,OoCDFmCm1DE,normal,113
cljwr3nzm00083n6lt90ynbix,OoCDFmCm1DE,normal,101
cljwr3zxa000c3n6l3s75sppt,OoCDFmCm1DE,normal,119
cljwr4g4a000g3n6lp1himnx5,OoCDFmCm1DE,normal,97
cljwr52cx000k3n6lkhlqiy7m,OoCDFmCm1DE,normal,132
cljwr5ix0000o3n6luidaxct4,OoCDFmCm1DE,normal,105
cljwr7n4o000w3n6lqxx0iv86,L26I5sHvleg,myopathic,284
cljwr9rrl00163n6lt054x4sf,lkr-EBeDC3I,myopathic,153
cljwraiju001a3n6l55k44i9k,lkr-EBeDC3I,myopathic,158
cljwrbegv001e3n6l2d7a3018,lkr-EBeDC3I,myopathic,94
cljwrcrjm001n3n6lpfcn7b9t,lSXuxyrywwY,abnormal,301
cljwrdzna001r3n6l0rabjj56,lSXuxyrywwY,abnormal,272
cljwreup5001v3n6lv1gnmnpu,lSXuxyrywwY,abnormal,231
cljwrju1q002k3n6locdj52a9,mBAxLr73IHU,normal,105
cljwrkef8002o3n6lp21lyyik,mBAxLr73IHU,normal,77
cljwrl5sp002s3n6l9f979pew,mBAxLr73IHU,normal,81
cljwrm2hl00303n6lmj6myxp0,mBAxLr73IHU,normal,70
cljwrtedu00413n6lty9mdlvq,MTNB0MOO_yk,exercise,132
cljwrw6js004g3n6lnv6bbczy,nB1nLMza88I,exercise,697
cljwrxi03004k3n6ltnmu15ks,nB1nLMza88I,exercise,237
cljwrxvse004o3n6l8gzn0koh,nB1nLMza88I,exercise,772
cljwsawxw000h3n6lxtnmrtll,RnGsGqxJS-8,abnormal,156
cljwsd2vm000o3n6ldtv71ge9,rvx2Pie-k2E,abnormal,343
cljwse3x0000t3n6l8umadcwn,sBQsjPibYnQ,abnormal,309
cljwsgzl400173n6l1o4umk7l,SG_2SlYRERQ,exercise,312
cljwshr10001c3n6ln1kkpqs6,SiYe89_WaTQ,cerebral palsy,300
cljwsiehw001g3n6lmr006lhr,SiYe89_WaTQ,cerebral palsy,129
cljwsj29l001k3n6l8938wrtc,SiYe89_WaTQ,cerebral palsy,532
cljwsjpbp001o3n6ln3z2vtfk,SiYe89_WaTQ,cerebral palsy,1036
cljwslbss001w3n6lr5pf4t4k,SiYe89_WaTQ,cerebral palsy,183
cljwsrf6f00043n6lyvybiqah,v1SoZ_S31pk,parkinsons,414
cljwssdku00093n6lv3u03u8b,vCn1WRR_U3E,abnormal,306
cljwstff4000d3n6ll71hchoj,vCn1WRR_U3E,abnormal,250
cljwsuzo5000i3n6l6fh04vn2,vRur-M5U4Q0,abnormal,246
cljwsw2aj000n3n6l8leupj5h,vUM4OwTQk34,normal,53
cljwswmbz000r3n6lijh3r47s,vUM4OwTQk34,normal,80
cljwswza1000v3n6lfl03wwes,vUM4OwTQk34,normal,82
cljwsxudc000z3n6l8eoon4wq,vUM4OwTQk34,normal,78
cljwsyscb00133n6lj5h5v9v1,vUM4OwTQk34,normal,78
cljwszgu800183n6lv2aev7fd,vUM4OwTQk34,normal,159
cljwszxbr001c3n6lb5como0l,vUM4OwTQk34,normal,167
cljwt17kh001g3n6lhqelrx2w,vUM4OwTQk34,normal,254
cljwt1mnk001k3n6lsrz5snat,vUM4OwTQk34,normal,262
cljwt275b001o3n6lx021hys6,vUM4OwTQk34,normal,77
cljwt2kh6001s3n6lnyzpoe3i,vUM4OwTQk34,normal,106
cljwta1v800043n6l7tvrpsc5,z9Jzz1849L8,abnormal,216
cljwtauxc00093n6lcfjk03tn,DfRhvdCiUJk,normal,100
cljwtchru000e3n6ln81oebjw,diCVwltkV5M,normal,76
cljwtdtig000m3n6l1wnao0fx,diCVwltkV5M,normal,81
cljxgtshi00093n6lozooumt1,gp4H7Z2Vvn0,normal,137
cljxgugiu000d3n6l1ieoxyk9,gp4H7Z2Vvn0,normal,140
cljxgw12o000o3n6lm1k3e342,gp4H7Z2Vvn0,normal,137
cljxgwqfa000s3n6lpfzakjof,gp4H7Z2Vvn0,normal,125
cljxgxq03000w3n6lpsp4cgc9,gp4H7Z2Vvn0,normal,104
cljxh0rcs00103n6lwtbna364,gp4H7Z2Vvn0,normal,102
cljxh19il00143n6lcoxgwtoj,gp4H7Z2Vvn0,normal,106
cljxh25bj00183n6lp4ev8gns,gp4H7Z2Vvn0,normal,97
cljxh303i001c3n6lznalpt42,gp4H7Z2Vvn0,normal,97
cljxjjxh5009f3n6ltrwv4sda,tUT8Fh1zGKA,normal,289
cljxjktjg009j3n6lvb3spwbi,tUT8Fh1zGKA,normal,151
cljxjogr100083n6ldltplryd,ucZdenbi65k,normal,170
cljxjpb7z000d3n6lpmxhbqau,VL0AOiZt_lg,normal,60
cljxjq1v8000h3n6ljow5w2g6,VL0AOiZt_lg,normal,60
cljxjqo0e000l3n6lzw4fbzvx,VL0AOiZt_lg,normal,89
cljxjrak3000p3n6lpocul02a,VL0AOiZt_lg,normal,58
cljxjsfhr000t3n6l1t0t0i5v,VL0AOiZt_lg,normal,88
cljxjsxio000x3n6ldkxm7gs4,VL0AOiZt_lg,normal,90
cljxjv25j001a3n6lw4iv9fwe,WpARylM4UYU,normal,169
cljxktaru002w3n6lb8hll80p,zDC7pKfK_iQ,abnormal,506
cljxkz0sw000l3n6lag5efqf7,zJ6PFxJrGf8,myopathic,316
cljxl011m000p3n6l374n38ms,zJ6PFxJrGf8,myopathic,346
cljxl14d9000x3n6la28mx768,zJ6PFxJrGf8,myopathic,139
cljxl1oc900113n6larkl504p,zJ6PFxJrGf8,myopathic,96
cljxl2hlg00183n6lww6aucok,zJ6PFxJrGf8,myopathic,203
cljxl3an5001c3n6lschs9zkv,zJ6PFxJrGf8,myopathic,35
cljxl3joo001g3n6l4rl9x2md,zJ6PFxJrGf8,myopathic,101
cljxl3w9f001k3n6lf6lezxqe,zJ6PFxJrGf8,myopathic,277
cljxl4f0n001o3n6lbbq2h864,zJ6PFxJrGf8,myopathic,349
cljxlnjav001x3n6l5nn2uken,zRRKEuSzieM,abnormal,131
cljxlohpd00223n6l1ev4lh2f,zuPI5BA8mQ8,exercise,215
cljxloy3800263n6lyoi0r1ft,zuPI5BA8mQ8,exercise,269
cljxlptaq002b3n6l5ppph0z3,yFBy0X0D-w8,normal,473
cljxlqqqm002g3n6lc2tgfix6,_-Ubl8iD2B0,normal,171
cljxlrov1002l3n6lpdcu0j0p,-0wbleNgAwg,normal,143
cljxlsc97002p3n6ldn9pbuxt,-0wbleNgAwg,normal,178
cljxlsxdl002t3n6l0re2d2cy,-0wbleNgAwg,normal,104
cljxltgmi002x3n6luf6r5xa4,-0wbleNgAwg,normal,129
cljxlu1ql00313n6lqtuw77ji,-0wbleNgAwg,normal,155
cljxlunqd00353n6lhitle9h1,-0wbleNgAwg,normal,163
clk6kbxrx000c3n6lnxcdhw1x,dGSMgtCmk-A,exercise,195
clk6kdbvm000g3n6ln30mqzw6,dGSMgtCmk-A,exercise,263
clk6ko1kf000w3n6l3wq5uxbi,edYFuhaff7c,exercise,300
clk6kqt7000163n6liyzaaif6,ErkLnvUHQuc,abnormal,198
clk6krh1l001a3n6le4octg6x,ErkLnvUHQuc,abnormal,638
clk6ks8hy001e3n6labhtzxzt,ErkLnvUHQuc,abnormal,176
clk6ksjhi001i3n6la1jkwelz,ErkLnvUHQuc,abnormal,186
clk6ksvq7001l3n6lh5doclng,ErkLnvUHQuc,abnormal,485
clk6ktoi4001o3n6l2m6oag7i,ErkLnvUHQuc,abnormal,645
clk6kx8jj001u3n6lwnfad24d,es5nSkAx4p4,abnormal,133
clk6ky7b5001z3n6l2xsvs2z2,esn4r6L-rhQ,exercise,205
clk6kym3f00233n6lkpm2dxnq,esn4r6L-rhQ,exercise,488
clk6li116004p3n6lxwvkwmoh,fGY7PMK3cVU,exercise,412
clk6lmg90004w3n6l0o506aay,fGY7PMK3cVU,exercise,150
clk7v3gtf000v3n6la00c8eue,MN4vnaNwIsA,normal,202
clk7v612u00133n6ldrkdfi7n,MN4vnaNwIsA,normal,181
clk7v783700173n6l6ng8xiqw,MN4vnaNwIsA,normal,188
clk7v85pj001b3n6lhmu8dk9m,MN4vnaNwIsA,normal,181
clk7v95jh001f3n6lh0f2hs6i,MN4vnaNwIsA,normal,190
clk7va03r001j3n6l2elaj4na,MN4vnaNwIsA,normal,195
clk7vhaux002j3n6lnpdit5wa,MN4vnaNwIsA,normal,167
clk7vifr9002o3n6lofjqr29e,MN4vnaNwIsA,normal,174
clk7vl6yu00313n6lknetd6da,n-O8dHyYIF0,normal,122
clk7vphu3003f3n6l7q6xnzl8,nXuJIs25z1U,normal,110
clk7vs979003r3n6l21728wxc,nXuJIs25z1U,normal,100
clk7vuicr00413n6l97p3b0gj,PAeh4qBwsUk,normal,111
clk7vv77k00453n6lht826fk9,PAeh4qBwsUk,normal,124
clk7vzont004k3n6l8rzcrabu,sk0EU7MNt78,normal,112
clk7wg3vw005x3n6lh068vbd3,vCn1WRR_U3E,abnormal,199
clk7wguxr00613n6lcojvp2w1,vCn1WRR_U3E,abnormal,70
clk7wi2pt00663n6lc98qnzvz,VDv7QEcoRGg,exercise,180
clk7wilpu006a3n6lly2g44il,VDv7QEcoRGg,exercise,161
clk7wj19b006e3n6lrt6z46hn,VDv7QEcoRGg,exercise,118
clk7wqyig007i3n6lkie1ez3m,VrgGp38yJhg,exercise,186
clk7wr95s007m3n6lclomc8ru,VrgGp38yJhg,exercise,167
cll167h5e001i3o6l5mpbhm7y,diCVwltkV5M,normal,57
cll168a55001o3o6lwsqxz5b4,diCVwltkV5M,normal,76
cll16mmxj004a3o6lims8zdjc,EHymg4AGMJs,normal,91
cll16nhyo004i3o6lhic41bhi,EHymg4AGMJs,normal,101
cll1sv6l6000o3o6lnedidemq,t1IkEAkBSz4,parkinsons,81
cll1svwwf000u3o6l1ek6dzq5,t1IkEAkBSz4,parkinsons,79
cll1sweuf00103o6lbl3xk82g,t1IkEAkBSz4,parkinsons,95
cll1swzih00163o6lxkyk0n6i,t1IkEAkBSz4,parkinsons,70
cll1sz60600053o6lewgeftg3,T8NGOdOMtZ4,abnormal,319
cll1t00hj000b3o6ltvcr8m0l,T8NGOdOMtZ4,abnormal,308
cll1t1y56000n3o6l0erm0qfo,T8NGOdOMtZ4,abnormal,1215
cll1tbuth00053o6lx6ohlub5,b0KrA_96Ks0,parkinsons,416
cll1tcctq00093o6l30ew8fz2,b0KrA_96Ks0,parkinsons,337
cll1tfz0t000e3o6l6ypxvap2,FwJlEV6M1hk,abnormal,262
cll1tggon000i3o6lpdnpztyg,FwJlEV6M1hk,abnormal,253
cll1thi3n000q3o6lnr0j6u0f,FwJlEV6M1hk,abnormal,844
cll1tkcu900133o6lebvnmt2x,G5iGtnC06YU,abnormal,53
cll1tl72s00183o6lidwjpm4l,G6QVztrW93k,exercise,123
cll1tlpxj001c3o6lkqkvvqhq,G6QVztrW93k,exercise,131
cll1tmroq001h3o6loxlzrj86,gBvMHns6N90,abnormal,188
cll1tpvdm001v3o6lpqzlnorv,GJCHyOxnPIU,abnormal,176
cll1tqcty001z3o6lieri2lsg,GJCHyOxnPIU,abnormal,294
cll1tsq1n00293o6lu7c9kurh,gOMr8ezwiSU,exercise,197
cll1tta09002d3o6l4kroorkw,gOMr8ezwiSU,exercise,181
cll1tvded002o3o6lqnb31xmm,gRSNMxt9ZmM,abnormal,347
cll44833z000j3o6lwxof7566,Ha9LKXZfWBQ,myopathic,270
cll4494ux000n3o6lyqr7dx4l,Ha9LKXZfWBQ,myopathic,167
cll449lal000t3o6lv4pja4l7,Ha9LKXZfWBQ,myopathic,185
cll44a69n000z3o6l8p6gooxx,Ha9LKXZfWBQ,myopathic,275
cll44ar0q00153o6luv35dhl0,Ha9LKXZfWBQ,myopathic,152
cll44balt00193o6lbzpyxlqq,Ha9LKXZfWBQ,myopathic,361
cll44bzhg001f3o6l7spc508t,Ha9LKXZfWBQ,myopathic,123
cll44cgt0001l3o6lsn9qb73s,Ha9LKXZfWBQ,myopathic,129
cll44cxvz001r3o6l42os54zz,Ha9LKXZfWBQ,myopathic,213
cll44dip4001x3o6l2pa7optw,Ha9LKXZfWBQ,myopathic,127
cll44e48l00233o6lu0msccp4,Ha9LKXZfWBQ,myopathic,120
cll44faz0002b3o6lkfu2oggx,HEoUhlesN9E,abnormal,89
cll44hiwd002e3o6llv2e9o9t,HEoUhlesN9E,abnormal,90
cll44hwjc002i3o6lqv6hv0ze,HEoUhlesN9E,abnormal,90
cll44i8u8002l3o6l70vg7c0k,HEoUhlesN9E,abnormal,90
cll44iuad002o3o6l836m07p6,HEoUhlesN9E,abnormal,90
cll44jfs6002s3o6lx81eaw9d,HEoUhlesN9E,abnormal,90
cll44jukm002v3o6lri55zuf7,HEoUhlesN9E,abnormal,90
cll44k63a002y3o6l5mrc1stg,HEoUhlesN9E,abnormal,91
cll44kk8300323o6l8rw8x8gy,HEoUhlesN9E,abnormal,89
cll44l89z00353o6l1ve62vk7,HEoUhlesN9E,abnormal,90
cll44m0to00393o6l0zg49ou0,HEoUhlesN9E,abnormal,90
cll44md5y003d3o6l2s8g314n,HEoUhlesN9E,abnormal,90
cll44mu2g003h3o6lo05v7xlw,HEoUhlesN9E,abnormal,90
cll44n86b003l3o6l2rl66u61,HEoUhlesN9E,abnormal,89
cll44nq06003p3o6l7vf29lq8,HEoUhlesN9E,abnormal,90
cll44orl7003t3o6lwcnhjt1q,HEoUhlesN9E,abnormal,90
cll44p7pf003x3o6ll7fkmgvc,HEoUhlesN9E,abnormal,90
cll44pl8l00413o6l376phbvv,HEoUhlesN9E,abnormal,90
cll44q7mm00453o6lblioekqn,HEoUhlesN9E,abnormal,90
cll44qpg400493o6lfcd9cdqa,HEoUhlesN9E,abnormal,54
cll44r4mc004d3o6lf9qrgqcn,HEoUhlesN9E,abnormal,90
cll44rghz004h3o6lrlt6ov6i,HEoUhlesN9E,abnormal,90
cll44rrtg004l3o6lodazy5i6,HEoUhlesN9E,abnormal,90
cll44s9xc004p3o6l0u5rf1xc,HEoUhlesN9E,abnormal,90
cll44srul004t3o6lx6ivzcz3,HEoUhlesN9E,abnormal,90
cll44t8c3004x3o6llo4b3z0m,HEoUhlesN9E,abnormal,90
cll44tnb500513o6l5zdd2bsb,HEoUhlesN9E,abnormal,90
cll44u10u00553o6lf2iilwrx,HEoUhlesN9E,abnormal,90
cll44ukc800593o6lcuyd2sai,HEoUhlesN9E,abnormal,90
cll44uuy8005d3o6lp580ed3c,HEoUhlesN9E,abnormal,90
cll44vdaw005h3o6ldaam12sk,HEoUhlesN9E,abnormal,90
cll44vscs005l3o6lizvxoeqj,HEoUhlesN9E,abnormal,90
cll44wafv005p3o6lsd1boi3s,HEoUhlesN9E,abnormal,90
cll44wqg1005t3o6lor9rzkdb,HEoUhlesN9E,abnormal,90
cll44x594005x3o6l8ojujebf,HEoUhlesN9E,abnormal,90
cll44xmlt00613o6luubjssx8,HEoUhlesN9E,abnormal,90
cll44xxfd00653o6li0fk3odg,HEoUhlesN9E,abnormal,90
cll44yle100693o6l4twv3pw7,HEoUhlesN9E,abnormal,89
cll44yz75006d3o6l4a0v6ovq,HEoUhlesN9E,abnormal,90
cll44zhfw006h3o6l8nn8i80l,HEoUhlesN9E,abnormal,90
cll44ztbc006l3o6lwzcrjhsh,HEoUhlesN9E,abnormal,90
cll450706006p3o6l2vc93wf0,HEoUhlesN9E,abnormal,90
cll450m70006t3o6l88dmnp6h,HEoUhlesN9E,abnormal,90
cll451060006x3o6lq5y3lw7f,HEoUhlesN9E,abnormal,90
cll451mvy00713o6lvcdckobf,HEoUhlesN9E,abnormal,90
cll45208v00753o6lzyi7ilgm,HEoUhlesN9E,abnormal,90
cll453dco007d3o6lyqagucjd,HEoUhlesN9E,abnormal,89
cll453wld007h3o6lgmtr9kg4,HEoUhlesN9E,abnormal,90
cll454erx007l3o6lwt9kmva5,HEoUhlesN9E,abnormal,90
cll458jkt007p3o6lzvdpvi7z,HEoUhlesN9E,abnormal,90
cll4591gc007t3o6lgclxbwfm,HEoUhlesN9E,abnormal,90
cll459c0b007w3o6lki1lqixo,HEoUhlesN9E,abnormal,90
cll459mu2007z3o6l93enseug,HEoUhlesN9E,abnormal,90
cll45anxm00823o6la2q71owc,HEoUhlesN9E,abnormal,89
cll45b4zs00883o6li71m93e8,HEoUhlesN9E,abnormal,89
cll45bo9v008c3o6lli3qkb72,HEoUhlesN9E,abnormal,90
cll45c3m7008f3o6lu5mtrg74,HEoUhlesN9E,abnormal,90
cll45cd8v008j3o6lylxngkv3,HEoUhlesN9E,abnormal,90
cll45ct6p008n3o6ltsoy1y7d,HEoUhlesN9E,abnormal,90
cll45d7vn008q3o6l4sxv3e67,HEoUhlesN9E,abnormal,90
cll45dokq008u3o6laphlyfqp,HEoUhlesN9E,abnormal,90
cll45e1rg008x3o6lki1yqi2o,HEoUhlesN9E,abnormal,90
cll45eqix00903o6lalmbmqlv,HEoUhlesN9E,abnormal,90
cll45f2ga00943o6l35m5g4x0,HEoUhlesN9E,abnormal,89
cll45fxj000983o6lr7ndc8m8,HEoUhlesN9E,abnormal,90
cll45g99e009c3o6lf75cdfr4,HEoUhlesN9E,abnormal,90
cll45gpat009g3o6lzcamhn5r,HEoUhlesN9E,abnormal,90
cll45h3z5009k3o6lfvvbtj9i,HEoUhlesN9E,abnormal,90
cll45hgo1009n3o6l3r35aw10,HEoUhlesN9E,abnormal,90
cll45htx3009r3o6laazc10p1,HEoUhlesN9E,abnormal,90
cll45i8bj009v3o6l81ux4gw6,HEoUhlesN9E,abnormal,90
cll45im97009y3o6lyqr7w588,HEoUhlesN9E,abnormal,90
cll45j2b700a23o6lz86a8zm7,HEoUhlesN9E,abnormal,90
cll45jh7d00a63o6lbqz4ayaj,HEoUhlesN9E,abnormal,90
cll45jwip00a93o6l9kjkmwjf,HEoUhlesN9E,abnormal,180
cll45kp6a00ad3o6lakhi62pm,HEoUhlesN9E,abnormal,180
cll45mblp00ah3o6lihobda7q,HEoUhlesN9E,abnormal,90
cll45mm5f00al3o6l20i5vm7w,HEoUhlesN9E,abnormal,90
cll45mw7j00ap3o6l0erzo5ug,HEoUhlesN9E,abnormal,90
cll45n5z700as3o6lqvsiny7q,HEoUhlesN9E,abnormal,90
cll45nlw300av3o6l315uns4s,HEoUhlesN9E,abnormal,90
cll45obbz00az3o6lw3j673sm,HEoUhlesN9E,abnormal,90
cll45oxsj00b33o6lua4xy1dp,HEoUhlesN9E,abnormal,180
cll45pxyw00b73o6loem485nq,HEoUhlesN9E,abnormal,90
cll45q86s00bb3o6lzf8ik4k6,HEoUhlesN9E,abnormal,90
cll45qjap00bf3o6lsjazc5zi,HEoUhlesN9E,abnormal,90
cll45qw8700bi3o6l1hnhjw9i,HEoUhlesN9E,abnormal,180
cll45rg0v00bl3o6ls2ix6zfv,HEoUhlesN9E,abnormal,90
cll45s6c300bo3o6ln7e944ww,HEoUhlesN9E,abnormal,91
cll45shi700br3o6l4ggnfmtz,HEoUhlesN9E,abnormal,89
cll45su0100bu3o6l2kw4m5g8,HEoUhlesN9E,abnormal,90
cll45t8v800by3o6lvwscenc3,HEoUhlesN9E,abnormal,90
cll45wx9r00c93o6ls8i3p388,h2d2sPwD_mU,abnormal,303
cll45xfis00cd3o6l8ljdswtv,h2d2sPwD_mU,abnormal,281
cll45y7bn00ch3o6lda25s1bw,h2d2sPwD_mU,abnormal,657
cll45za6600cp3o6l44cswqa9,h2d2sPwD_mU,abnormal,241
cll45zkrs00ct3o6loe94okf8,h2d2sPwD_mU,abnormal,304
cll460wqp00d13o6lp5bsf1ku,h2d2sPwD_mU,abnormal,666
cll4sar1800053o6lrjwfg70j,hnoIST5gg9U,abnormal,533
cll4sbha700093o6ly9spvstq,hnoIST5gg9U,abnormal,474
cll4scju3000h3o6ls1eg53cq,hnoIST5gg9U,abnormal,1163
cll4scvxa000k3o6lyevj3yli,hnoIST5gg9U,abnormal,505
cll4sddkv000o3o6lpm75iyoy,hnoIST5gg9U,abnormal,446
cll4seb5n000v3o6lwdsjtqzy,hnoIST5gg9U,abnormal,1118
cll4slf5s00203o6l0corii5i,HHFuTpVvRCI,abnormal,123
cll4smfpk00283o6ljyi7o6t3,HHFuTpVvRCI,abnormal,36
cll4smvp6002c3o6l64twsyns,HHFuTpVvRCI,abnormal,33
cll747czo00063o6l5sox9fps,I0AxJhE0tGk,exercise,86
cll747tza000a3o6l8yboodhd,I0AxJhE0tGk,exercise,93
cll7492n5000k3o6lv2s5m91s,i3cgwFdqSfs,abnormal,143
cll749gur000o3o6liy16wuvp,i3cgwFdqSfs,abnormal,148
cll74aq06000w3o6l1li6whdq,i3cgwFdqSfs,abnormal,371
cll74bcch00103o6ljzbks9ds,i3cgwFdqSfs,abnormal,155
cll74cfvn00183o6lzjgjf4sy,i3cgwFdqSfs,abnormal,393
cll74iurd000n3o6l11c4d3dr,IdAdpZaTWjU,myopathic,177
cll74jg80000r3o6liy3ptuv8,IdAdpZaTWjU,myopathic,98
cll74k2q6000v3o6lkwwid8uy,IdAdpZaTWjU,myopathic,123
cll74kndy000z3o6libp3z895,IdAdpZaTWjU,myopathic,188
cll74l1t600133o6l0y8ernl6,IdAdpZaTWjU,myopathic,161
cll74lhf600173o6l1j74wi5e,IdAdpZaTWjU,myopathic,174
cll74m03k001b3o6lxpj0gss4,IdAdpZaTWjU,myopathic,448
cll74mw1p001g3o6lmzp645v9,idpMyfZB8NY,myopathic,128
cll74njy2001k3o6ls5l7mt08,idpMyfZB8NY,myopathic,121
cll74nx98001o3o6lkdlyjqkj,idpMyfZB8NY,myopathic,123
cll74oaue001s3o6lokpt6r3r,idpMyfZB8NY,myopathic,118
cll74opgk001w3o6lpjvqslkk,idpMyfZB8NY,myopathic,102
cll74pdep00203o6l8m5f1a7p,idpMyfZB8NY,myopathic,111
cll74psft00243o6lzpm59k27,idpMyfZB8NY,myopathic,183
cll74q59g00283o6lp8wjejom,idpMyfZB8NY,myopathic,119
cll74qs2e002c3o6l88xwhcsc,idpMyfZB8NY,myopathic,123
cll74r665002g3o6leghjiw3d,idpMyfZB8NY,myopathic,119
cll74rnnc002k3o6lgyr24huh,idpMyfZB8NY,myopathic,158
cll74s21j002o3o6lee0bhajg,idpMyfZB8NY,myopathic,97
cll74sxdi002s3o6ljm7imxsb,idpMyfZB8NY,myopathic,120
cll74tkf6002w3o6lgyark0c3,idpMyfZB8NY,myopathic,90
cll74u7cs00303o6lf02y81t8,idpMyfZB8NY,myopathic,97
cll751hue00353o6ly952utd8,IFukr8BJYRE,exercise,129
cll7522up00393o6lahjxv1rb,IFukr8BJYRE,exercise,69
cll752hdv003d3o6lvk6cl1qq,IFukr8BJYRE,exercise,103
cll7530dx003h3o6lj1cobct1,IFukr8BJYRE,exercise,94
cll753nnb003l3o6l6a8wjsb5,IFukr8BJYRE,exercise,68
cll7ar7am00053o6l5o5l0gu5,IHCwsRk2qmg,exercise,78
cll7arq7a00093o6l16i63dz7,IHCwsRk2qmg,exercise,196
cll7as4yq000d3o6l9o4h2ozb,IHCwsRk2qmg,exercise,191
cll7ate0a000j3o6lurub2tak,Iu4nWYBqM5w,exercise,75
cll7auory000n3o6lkh50rbef,Iu4nWYBqM5w,exercise,196
cll7bb07a00293o6lln0i08hu,J3mY4-IMp9o,exercise,827
cll7bdq38002l3o6l1q2ph1uc,jGMjBt41I7g,abnormal,334
cll7bec6c002p3o6lddbs22oo,jGMjBt41I7g,abnormal,292
cll7bfkl4002u3o6l8hbja1yl,JGXs0fVXl8E,exercise,100
cll7bgdaa002y3o6l35uuu3cn,JGXs0fVXl8E,exercise,110
cll7bh2lv00333o6l66gqcyq3,JRS8q8Ri8Jo,abnormal,420
cll7bhnmu00373o6lsa7y9j51,JRS8q8Ri8Jo,abnormal,340
cll7nivjk00043o6llmtvg69b,JRS8q8Ri8Jo,abnormal,773
cll7nkrfb00093o6l6bba9hwo,JUMhhwFANKE,parkinsons,174
cll7nljgk000d3o6l3psndypi,JUMhhwFANKE,parkinsons,225
cll7nqash00123o6l6sft78cp,jz1pkRCC-7Q,abnormal,121
cll7nro3u001a3o6l0ddx81ph,jz1pkRCC-7Q,abnormal,116
cll7ntwcy001j3o6l58p3y3fx,jzJIpY6vRLo,myopathic,215
cll7nuif7001n3o6ltux62vsz,jzJIpY6vRLo,myopathic,185
cll7nuzfe001r3o6lzh1nyjnq,jzJIpY6vRLo,myopathic,220
cll7nvnpk001v3o6l6i9yqdbg,jzJIpY6vRLo,myopathic,199
cll7nz8sk00213o6lvx7830ce,k_u1odxxsWY,abnormal,210
cll7nzrgj00253o6lf04usvqf,k_u1odxxsWY,abnormal,241
cll7o1528002d3o6lbwomj1bu,k_u1odxxsWY,abnormal,757
cll7o1pfd002h3o6lslcoqnba,k_u1odxxsWY,abnormal,253
cll7o3c6p002p3o6ldijxknj2,k_u1odxxsWY,abnormal,566
cll7o3rt6002t3o6lhmpnv4pa,k_u1odxxsWY,abnormal,654
cll7of6ql00393o6l0hjh0o8h,kfy7eAnlFHI,exercise,192
cll7ofv0l003d3o6lfsogroze,kfy7eAnlFHI,exercise,158
cll7orenf004z3o6lv1lktjsl,-KQ2pfIsGRw,abnormal,218
cll7p17gq005w3o6lqpp7ngr6,kqoUzTyn_k4,myopathic,149
cll7p1o7c00603o6lnxxropze,kqoUzTyn_k4,myopathic,114
cll7p23kk00643o6le67ff7aj,kqoUzTyn_k4,myopathic,122
cll7p2ixg00683o6lhbtcct1j,kqoUzTyn_k4,myopathic,76
cll7p2x3z006c3o6l9gfs03ce,kqoUzTyn_k4,myopathic,65
cll7p3axj006g3o6lly39n3tl,kqoUzTyn_k4,myopathic,155
cll7p45l4006l3o6labj32ddr,krm2Fm26S54,abnormal,154
cll7p4i4x006p3o6l46wg9ley,krm2Fm26S54,abnormal,143
cll7p4tbq006t3o6lbgfi7uc9,krm2Fm26S54,abnormal,248
cll7p5cft006x3o6lzxa3l9lx,krm2Fm26S54,abnormal,258
cll7p5o5700713o6lf77pcwo6,krm2Fm26S54,abnormal,232
cll7p63zc00753o6lmf6n6p9i,krm2Fm26S54,abnormal,212
cll7p6iq200793o6lyzrndvi1,krm2Fm26S54,abnormal,232
cll7p6z61007d3o6l15kfwloq,krm2Fm26S54,abnormal,165
cll7p882j00053o6lf14c7el3,KtFmOS-QVIc,abnormal,380
cll7pdpya000q3o6ljqewymao,L-41u-0tsFo,abnormal,240
cll7pe1vf000u3o6l4kz90gxi,L-41u-0tsFo,abnormal,246
cll7pesk200123o6lfl30fyxl,L-41u-0tsFo,abnormal,1007
cll7pg92t00173o6ll4zeix6p,LIF-guVFEt0,myopathic,290
cll7pgnnw001b3o6l6dj7pz87,LIF-guVFEt0,myopathic,136
cll7phgq7001f3o6lhvyp3qkx,LIF-guVFEt0,myopathic,189
cll7phxi9001j3o6l45fcb97i,LIF-guVFEt0,myopathic,154
cll7pipui001n3o6lnqji6t09,LIF-guVFEt0,myopathic,144
cll7pj6z0001r3o6lonkwy0ou,LIF-guVFEt0,myopathic,157
cll7pk4bv001v3o6l4rvsbn9u,LIF-guVFEt0,myopathic,150
cll7pkihc001z3o6l2k2myogc,LIF-guVFEt0,myopathic,99
cll7pkx8m00233o6l364wm6k4,LIF-guVFEt0,myopathic,64
cll7plefm00273o6lrluiavsv,LIF-guVFEt0,myopathic,158
cll7pluwd002b3o6lktk9yfpv,LIF-guVFEt0,myopathic,107
cll7pm826002f3o6lp5tm9v27,LIF-guVFEt0,myopathic,126
cll7pmkwd002j3o6l8zgf0gll,LIF-guVFEt0,myopathic,146
cll7pmvht002n3o6lwh3pr199,LIF-guVFEt0,myopathic,91
cll7pn8hj002r3o6lgw1isap7,LIF-guVFEt0,myopathic,82
cll7pnxg4002v3o6lpixzcc64,LIF-guVFEt0,myopathic,131
cll7pofeu002z3o6l476wbj4v,LIF-guVFEt0,myopathic,141
cll7pov8d00333o6l7l4m5nuj,LIF-guVFEt0,myopathic,183
cll7pp9ze00373o6lbfxzudn0,LIF-guVFEt0,myopathic,144
cll7ppx1b003b3o6l7e9k5dwc,LIF-guVFEt0,myopathic,87
cll7pqcwm003f3o6ltfi4x1ti,LIF-guVFEt0,myopathic,65
cll7psrig003q3o6lqzf1eqde,Lm44SFUFcag,exercise,99
cll7pumim00413o6lxq82nwrf,m_3L5ph8ZUY,exercise,222
cll7pvj2400463o6lfkjwek8x,m_3L5ph8ZUY,exercise,176
cll7qa64b00593o6lrncwg6xx,mjnL8jRppxg,exercise,224
cll7qcz84005l3o6l0u2rjgr3,mMNFxYLGsBg,exercise,112
cll7qdokm005p3o6l1i7orqpa,mMNFxYLGsBg,exercise,91
cll7qekvj005t3o6ln160mgm7,mMNFxYLGsBg,exercise,277
cll7qfnma00613o6ly66zt286,mMNFxYLGsBg,exercise,117
cll7qg66200653o6lt08n89it,mMNFxYLGsBg,exercise,281
cll7qgtea00693o6l50q3lo00,mMNFxYLGsBg,exercise,493
cll7qhd3g006d3o6lee9v7nbf,mMNFxYLGsBg,exercise,258
cll7qis3j006m3o6l9fdb6x79,Mqr3kdiUzeM,abnormal,248
cll7qjcba006q3o6lzz0lkvdi,Mqr3kdiUzeM,abnormal,272
cll7qkwgd006y3o6llnmxybt1,Mqr3kdiUzeM,abnormal,1061
cll7r1ayz00983o6lyniyjad5,nBE1N5CgLm8,exercise,211
cll7r2tbm009f3o6ltp97agru,Nd_aPzROpZg,exercise,189
cll7r3sa3009k3o6l1r97egyz,nhTOzpZm5fQ,exercise,215
cll7rem8d00ay3o6l3ytumz1s,ntzzSZW8plk,abnormal,418
cll7rf3tx00b23o6l6rmg0swu,ntzzSZW8plk,abnormal,346
cll7rg9nk00ba3o6lblgphdnf,ntzzSZW8plk,abnormal,1033
cll7rgp8y00be3o6lxy3nwceo,ntzzSZW8plk,abnormal,341
cll7rh5l100bi3o6lsl6a0l14,ntzzSZW8plk,abnormal,323
cll7riaoo00bq3o6ljjm9tgdk,ntzzSZW8plk,abnormal,895
cll8e6qmr00063o6lwy5xaa06,O1QibgYaKbY,abnormal,421
cll8e7fwo000a3o6lx7vbhve7,O1QibgYaKbY,abnormal,403
cll8e821x000e3o6l1a9bjetz,O1QibgYaKbY,abnormal,914
cll8e93g3000i3o6lxvm2yhd6,O1QibgYaKbY,abnormal,1063
cll8e9sgi000m3o6lveq1w2fr,O1QibgYaKbY,abnormal,513
cll8eahs6000q3o6lzemkbi27,O1QibgYaKbY,abnormal,528
cll8ebce5000u3o6lj55n38oe,O1QibgYaKbY,abnormal,95
cll8ee0we00143o6lutcc0bu3,oGXAmLs3ODY,exercise,371
cll8el32600273o6lv1oz0vub,OPkJnoYkhPA,abnormal,1139
cll8elvuh002b3o6llun2czxc,OPkJnoYkhPA,abnormal,741
cll8evi6b003a3o6l1yx635i2,OPkJnoYkhPA,abnormal,840
cll8eyoab003q3o6lje0rebim,OPkJnoYkhPA,abnormal,1217
cll8f521600423o6lve8akyfs,OPkJnoYkhPA,abnormal,1279
cll8fg7sv005l3o6le13nrlr6,PTAHfDyI9vo,abnormal,402
cll8fp9jh00043o6leq1pvm6n,pu5Vwf1CBO0,abnormal,1782
cll8fprbu00083o6l8va6lsx5,pu5Vwf1CBO0,abnormal,1055
cll8fqbit000c3o6l5hmryp94,pu5Vwf1CBO0,abnormal,253
cll8fqm0r000f3o6lzmwvuf19,pu5Vwf1CBO0,abnormal,244
cll8fr0b5000j3o6l5m8zqasq,pu5Vwf1CBO0,abnormal,964
cll8freaa000n3o6lyd8w47o6,pu5Vwf1CBO0,abnormal,964
cll8gb2f0002s3o6la9w211ms,QdR_EJ8jKCE,exercise,410
cll8gdntt00353o6l94nu8a89,qeG-H6lnlL4,abnormal,54
cll8ggl88003b3o6laxqnyw1g,qM3GNLKI9rg,exercise,145
cll8gh26x003f3o6lmz6412q0,qM3GNLKI9rg,exercise,138
cll8gk6by003t3o6lapad7tff,qPPMaJBESY0,exercise,200
cll8gkpjk003x3o6lj30cbt8l,qPPMaJBESY0,exercise,220
cll8gltqn00463o6l6wniyefr,qqrlMCktWIo,exercise,288
cll8gpm34004h3o6lj5wimhnb,qVfnxAlL6d0,myopathic,297
cll8gq7i7004l3o6lby0zk8l9,qVfnxAlL6d0,myopathic,255
cll8h0akb00683o6ls74ez7x9,R8LRCiTvUz8,myopathic,204
cll8h0wn0006c3o6laag88cor,R8LRCiTvUz8,myopathic,304
cll8h1d5f006g3o6lhytfdu5d,R8LRCiTvUz8,myopathic,147
cll8h1zss006k3o6lophvktm7,R8LRCiTvUz8,myopathic,242
cll8h2imm006o3o6lrk0orfvc,R8LRCiTvUz8,myopathic,242
cll8h2yit006s3o6l0megfvr0,R8LRCiTvUz8,myopathic,119
cll8h3m1d006w3o6l16evhm2z,R8LRCiTvUz8,myopathic,136
cll8ht6s600703o6lxkz5kl10,R8LRCiTvUz8,myopathic,120
cll8hu4qq00743o6l9abmzbfu,R8LRCiTvUz8,myopathic,219
cll8huk7100783o6la7heoyxn,R8LRCiTvUz8,myopathic,143
cll8hv4lm007c3o6l3u0iruij,R8LRCiTvUz8,myopathic,143
cll8hvnj0007g3o6l26dqegsl,R8LRCiTvUz8,myopathic,160
cll8hwczx007k3o6l9iqpma0o,R8LRCiTvUz8,myopathic,147
cll8i0gkd00053o6l4uzo1j7e,Rk7vzPpvQ_E,abnormal,274
cll8i0rxj00093o6l725vxjzr,Rk7vzPpvQ_E,abnormal,263
cll8i1ry6000h3o6lro9qix4i,Rk7vzPpvQ_E,abnormal,826
cll8i28ce000l3o6lixho6ri4,Rk7vzPpvQ_E,abnormal,179
cll8i2l3w000p3o6l8vxxvet5,Rk7vzPpvQ_E,abnormal,215
cll8i2wa6000t3o6l1lq6m3k1,Rk7vzPpvQ_E,abnormal,595
cll8i3cyg000x3o6l2tosywms,Rk7vzPpvQ_E,abnormal,746
cll8i48z500123o6labtj33qq,rKS2yeoub6s,exercise,184
cll8i4y5000163o6lrkj1m6h7,rKS2yeoub6s,exercise,114
cll8jbufk003o3o6lbdlhq55p,RTov2oYJfyo,exercise,219
cll8jctrz003s3o6lrq9j7upl,RTov2oYJfyo,exercise,186
cll8jdnzy003w3o6lvkbd1iiq,RTov2oYJfyo,exercise,103
cll8je3cl00403o6lem0c5jxl,RTov2oYJfyo,exercise,215
cll8jeiqh00443o6le0d9gijv,RTov2oYJfyo,exercise,148
cll8k1ddg00503o6ld0ttyqyk,rWKYDfklSkE,cerebral palsy,271
cll8k1pmt00543o6llho982y4,rWKYDfklSkE,cerebral palsy,261
cll8k24qs00583o6lbnpqmjyl,rWKYDfklSkE,cerebral palsy,538
cll8k3gus005g3o6la0ll4n2f,rWKYDfklSkE,cerebral palsy,250
cll8k3z7n005k3o6lps3evia5,rWKYDfklSkE,cerebral palsy,233
cll8k4oby005r3o6ljjncvkp8,rWKYDfklSkE,cerebral palsy,644
cll8k5qsr005z3o6lauk0dd4a,rWKYDfklSkE,cerebral palsy,235
cll8k6b0t00633o6l0qohgf43,rWKYDfklSkE,cerebral palsy,518
cll8k6t9d00673o6lb9ryzdsb,rWKYDfklSkE,cerebral palsy,481
cll8k74kx006b3o6l0fue0bcg,rWKYDfklSkE,cerebral palsy,235
cll8k7lo2006f3o6lf4tw2dqz,rWKYDfklSkE,cerebral palsy,214
cll8k844v006j3o6lyfwxu6xu,rWKYDfklSkE,cerebral palsy,463
cll8k8pxy006n3o6l2q1gopyo,rWKYDfklSkE,cerebral palsy,492
cll8kgvkh007d3o6lqcab168x,Rx21leooiqQ,myopathic,213
cll8khcsh007h3o6la2rsk9l5,Rx21leooiqQ,myopathic,174
cll8kht99007l3o6lzvihldb2,Rx21leooiqQ,myopathic,71
cll8ki7xa007p3o6lrxe1n7lb,Rx21leooiqQ,myopathic,45
cll8kijic007s3o6lbxho0i7s,Rx21leooiqQ,myopathic,293
cll8kj4xu007w3o6ll27qmd7n,Rx21leooiqQ,myopathic,155
cll8kjx4500803o6laioc6a6l,Rx21leooiqQ,myopathic,74
cll8kklqc00843o6lqv7v4xnl,Rx21leooiqQ,myopathic,65
cll8kl3ha00883o6l861c0yh4,Rx21leooiqQ,myopathic,165
cll8kljtt008c3o6lo3nauxjy,Rx21leooiqQ,myopathic,180
cll8kx8ia008p3o6l5gkgknlv,Rz7V1i8kYGU,myopathic,267
cll8kxq55008t3o6lg6kdl7lw,Rz7V1i8kYGU,myopathic,248
cll8ky6ov008x3o6l7axg5yhe,Rz7V1i8kYGU,myopathic,259
cll8y079o000n3o6l3vep725g,SUmgeoM5tWQ,abnormal,136
cll8y0q36000r3o6ljimeybn1,SUmgeoM5tWQ,abnormal,197
cll8y32yb00153o6lll6uq3r4,-swSVo8-i4I,exercise,193
cll8y3gpc00193o6lk70shwvu,-swSVo8-i4I,exercise,176
cll8y553i001k3o6lqko1gnwa,SxlhJQ4_PMY,exercise,215
cll8y63s3001o3o6l1iuxw0qg,SxlhJQ4_PMY,exercise,257
cll8y6s9i001s3o6lc0zvi1j4,SxlhJQ4_PMY,exercise,251
cll8y8es9001x3o6l3mcv4f58,t_-37DIMeG0,myopathic,140
cll8y8q8500213o6lzgu2vbx6,t_-37DIMeG0,myopathic,135
cll8y97aw00253o6l8vtn03pu,t_-37DIMeG0,myopathic,265
cll8y9mwq00293o6l6ub1jwm9,t_-37DIMeG0,myopathic,122
cll8ya2fg002d3o6ln8rlee1k,t_-37DIMeG0,myopathic,104
cll8yagvo002h3o6logwq14xn,t_-37DIMeG0,myopathic,265
cll8yaux6002l3o6l4ox4ttlh,t_-37DIMeG0,myopathic,219
cll8ybcxb002p3o6l2rlnx6fb,t_-37DIMeG0,myopathic,157
cll8ybx5d002t3o6ldf5s7yss,t_-37DIMeG0,myopathic,150
cll8ycctu002x3o6lpkcttnko,t_-37DIMeG0,myopathic,127
cll8ycy3i00313o6l7c95r6hw,t_-37DIMeG0,myopathic,106
cll8ydfsl00353o6lsn6rymhc,t_-37DIMeG0,myopathic,129
cll8ydvhl00393o6l4pn0f0db,t_-37DIMeG0,myopathic,108
cll8yfox7003f3o6ls5wjgmkn,tB-0oWBuK7A,abnormal,72
cll8yglwy003m3o6ln0ykr332,tB-0oWBuK7A,abnormal,130
cll8yh7sd003q3o6lqt5nao7f,tB-0oWBuK7A,abnormal,110
cll8yhohu003u3o6loak9t1uh,tB-0oWBuK7A,abnormal,78
cll8yirpz00423o6ltb2zalyj,tB-0oWBuK7A,abnormal,72
cll8yj3l800453o6lacid5bqv,tB-0oWBuK7A,abnormal,153
cll8yk8or00493o6la302k3ww,tB-0oWBuK7A,abnormal,70
cll8ykj7v004d3o6lva1anuss,tB-0oWBuK7A,abnormal,74
cll8ym9ap004q3o6llydjg21d,tB-0oWBuK7A,abnormal,62
cll8yq2pj00513o6lkv0grvn9,tB-0oWBuK7A,abnormal,69
cll8yqmmo00553o6l1mj7ote9,tB-0oWBuK7A,abnormal,112
cll8ysxvg005f3o6lyxwy9am9,tepDPo5RhOk,exercise,199
cll8ytqe1005j3o6l3r7h2zkx,tepDPo5RhOk,exercise,192
cll8yu4li005n3o6l7zfk7m67,tepDPo5RhOk,exercise,186
cll8yvfp4005t3o6l33zyx8ap,TgkxrrhnvlM,abnormal,158
cll8yvrje005x3o6lv7fdip49,TgkxrrhnvlM,abnormal,157
cll8ywl6200653o6lvr3kd8ni,TgkxrrhnvlM,abnormal,493
cll8ywztu00693o6l3vf6is8g,TgkxrrhnvlM,abnormal,179
cll8yxw15006h3o6liqintyur,TgkxrrhnvlM,abnormal,377
cll8z0i67006w3o6l1edfeg5x,TKK1YW1cQKo,abnormal,178
cll8z1h2100703o6lx7kes4i5,TKK1YW1cQKo,abnormal,193
cll8z5xql007n3o6l052xywc3,TNeeovY4qNU,abnormal,91
cll8z7uqs007z3o6lg1xwihmc,TNeeovY4qNU,abnormal,36
cll8z9hk100883o6l3llduslo,TP9xWreUQYk,exercise,483
cll9ub6zm000i3o6l9pagthuv,Ul-s2LkWzEk,exercise,192
cll9uc54b000m3o6lp356kyh6,Ul-s2LkWzEk,exercise,202
cll9ucwud000q3o6l14sjstwt,Ul-s2LkWzEk,exercise,196
cll9udswa000u3o6lwgei346g,Ul-s2LkWzEk,exercise,172
cll9uee8e000y3o6l6j48z4tx,Ul-s2LkWzEk,exercise,141
cll9uf30j00123o6lw9wpdi43,Ul-s2LkWzEk,exercise,161
cll9ufofj00163o6l0whdyobn,Ul-s2LkWzEk,exercise,177
cll9uh5a4001e3o6l9eue9kni,Ul-s2LkWzEk,exercise,127
cll9uhu2g001i3o6l5w4xpzhs,Ul-s2LkWzEk,exercise,166
cll9uigic001m3o6lx02tt005,Ul-s2LkWzEk,exercise,151
cll9uj0xb001q3o6lrwr7pk8u,Ul-s2LkWzEk,exercise,158
cll9ujz58001u3o6lsjtl6pva,Ul-s2LkWzEk,exercise,154
cll9ukoss001y3o6l50e0q3lu,Ul-s2LkWzEk,exercise,148
cll9us5dz002t3o6l40csibv8,-us6-5kgu4g,exercise,453
cll9usru4002x3o6lx0n272sp,-us6-5kgu4g,exercise,342
cll9uuo0600383o6l2qtuk7lz,uV6dPE2sz7k,abnormal,184
cll9uvanr003c3o6lpzud1lr4,uV6dPE2sz7k,abnormal,211
cll9uw5d0003k3o6lrqtgjt9a,uV6dPE2sz7k,abnormal,546
cll9uwjqd003o3o6lcu3t5orv,uV6dPE2sz7k,abnormal,159
cll9ux9kg003w3o6larf35e2j,uV6dPE2sz7k,abnormal,463
cll9uxvtz00403o6l7p8awgpk,uV6dPE2sz7k,abnormal,423
cll9v16uc004c3o6liq2wc2u8,VAicLVgTZNQ,exercise,106
cll9v1wrv004g3o6ldfsksu23,VAicLVgTZNQ,exercise,85
cll9v2gym004k3o6lse7pn7tt,VAicLVgTZNQ,exercise,95
cll9v88e7005b3o6lsm78vmuo,VDv7QEcoRGg,exercise,181
cll9v8q89005f3o6loixx36b4,VDv7QEcoRGg,exercise,188
cll9v9302005j3o6lcgyrlbkp,VDv7QEcoRGg,exercise,113
cll9vg9un000t3o6ledh37ba2,VrgGp38yJhg,exercise,185
cll9vgqli000x3o6lnyfwj9yf,VrgGp38yJhg,exercise,155
cll9vjtaw00133o6lyz1ucmc4,vUM4OwTQk34,normal,140
cll9x3gsf007u3o6laeaexzen,W7IZV0m45xA,abnormal,299
cll9x3zb0007y3o6l9z096i87,W7IZV0m45xA,abnormal,269
cll9x56vp00863o6labnlv6yt,W7IZV0m45xA,abnormal,985
cll9xbavd000v3o6lcuiseko3,wKPijYAemYA,exercise,163
cll9xc1np00103o6l7mlj3e43,WLPBz6gAYrY,abnormal,366
cll9xchd900143o6lj63k8c6r,WLPBz6gAYrY,abnormal,333
cll9xdfxd001c3o6l6mds2dvp,WLPBz6gAYrY,abnormal,1330
cll9xelef001i3o6lz3xa6hw6,wRntYsztIEY,abnormal,193
cll9xf4z7001m3o6l1kaimbdt,wRntYsztIEY,abnormal,199
cll9xwz5r001u3o6lp3khnj7q,wRntYsztIEY,abnormal,734
cll9xxd7l001y3o6l53bs9rox,wRntYsztIEY,abnormal,169
cll9xxn1300223o6ld7rnxtls,wRntYsztIEY,abnormal,167
cll9xy2d900263o6llvx82ob0,wRntYsztIEY,abnormal,698
cll9xz82s002d3o6l4m4f9oj4,WwFFa-VHz3o,exercise,117
cll9y063j002i3o6lfk3xgifq,WWS-iOlLsoo,cerebral palsy,148
cll9y0psg002m3o6lg6c2sd97,WWS-iOlLsoo,cerebral palsy,117
cll9y3j53002u3o6ldv6062um,XDC4tTuZvRk,exercise,404
cll9y4lev00303o6lah01qglm,xhX66Sz7vec,exercise,208
cll9y725p003e3o6lr6oco1w9,XT_laviJR7U,abnormal,86
cll9y7s1s003i3o6lo33zan5m,XT_laviJR7U,abnormal,141
cll9y84ep003m3o6lpk4lprg8,XT_laviJR7U,abnormal,220
cll9y8lpw003q3o6l5ynsgrm5,XT_laviJR7U,abnormal,157
cll9y9spt003u3o6l3sjk40hf,XT_laviJR7U,abnormal,175
cll9yab0u003y3o6lj0ncffa5,XT_laviJR7U,abnormal,449
cll9yaxfs00413o6lqxu7a4qw,XT_laviJR7U,abnormal,123
cll9ybfgq00453o6ltqrsnmq0,XT_laviJR7U,abnormal,244
cllam0u6900053o6ls6ps8z9c,YDuAE9ta-ck,exercise,1276
cllam232500093o6l726e7cf4,YDuAE9ta-ck,exercise,799
cllam6iz2000n3o6l64srxfcp,yIRxcmKJnAY,abnormal,524
cllam6wcv000r3o6lq0gebr35,yIRxcmKJnAY,abnormal,409
cllam7kno000v3o6lzb3jexu6,yIRxcmKJnAY,abnormal,176
cllam7xgc000z3o6lwanrl4ie,yIRxcmKJnAY,abnormal,368
cllam8frg00133o6l16jpk53x,yIRxcmKJnAY,abnormal,375
cllam8www00173o6l4nf6u36a,yIRxcmKJnAY,abnormal,283
cllam9ewb001b3o6liwz90gsq,yIRxcmKJnAY,abnormal,192
cllam9w82001f3o6lb3j1vm9l,yIRxcmKJnAY,abnormal,188
cllama9uj001j3o6lk9zjv9vx,yIRxcmKJnAY,abnormal,220
cllami1j5002o3o6lds4184l6,YQ4N76aCCL8,exercise,140
cllamwa5z00493o6lnpn080ov,zJ6PFxJrGf8,myopathic,227
cllamwozn004d3o6l7puz81dt,zJ6PFxJrGf8,myopathic,265
cllamxx59004k3o6lkg8cvmpl,zJ6PFxJrGf8,myopathic,424
cllamyil1004o3o6lsl7ye5jj,zJ6PFxJrGf8,myopathic,189
cllano2w1004y3o6la5r54560,ZmpGIPxKlok,abnormal,648
cllap9zvq000i3o6lwfdbdw03,UHcSAHVQKCs,exercise,147
cllapanh9000m3o6l7bvi0buh,UHcSAHVQKCs,exercise,201
cllapbhiq000q3o6lvbqzxdb5,UHcSAHVQKCs,exercise,145
cllapc5o7000u3o6lijj8asww,UHcSAHVQKCs,exercise,167
cllba3xz8000p3o6lpaedkp88,w2fYQyikrts,abnormal,292
cllba4baj000t3o6lxfq01aok,w2fYQyikrts,abnormal,265
cllba535b000x3o6l204nr8e8,w2fYQyikrts,abnormal,294
cllba5q1o00113o6lst176ho2,w2fYQyikrts,abnormal,333
cllba6aci00153o6lcl94c1sg,w2fYQyikrts,abnormal,158
cllbbsgxm003q3o6lz11hb2tj,9126Bdjn8sg,style,83
cllbjs73i000x3o6lx7zbihtv,ErkLnvUHQuc,abnormal,171
cllbjuuah00133o6l8feqshab,ErkLnvUHQuc,abnormal,491
cllbkxxuf000c3o6l848vr3gz,v1SoZ_S31pk,parkinsons,213
cllbz3nkx001u3o6lc1n8stel,hSIYGZhRGd4,normal,66
cllc1x7j3001y3o6l3jo829my,MN4vnaNwIsA,normal,162
cllc248am002q3o6lx58pvcyp,MN4vnaNwIsA,normal,157
cllc26p7b002x3o6lmz7e7jh5,MN4vnaNwIsA,normal,161
cllc295kl00343o6ldnlgsc1i,MN4vnaNwIsA,normal,158
cllc2b2ja003b3o6lprua1g0l,MN4vnaNwIsA,normal,153
cllc2gg5z003i3o6l7f4xc4qr,MN4vnaNwIsA,normal,151
cllc2ioa7003q3o6lns793jmg,MN4vnaNwIsA,normal,154
cllc2jyqh003u3o6lmte5fdzt,MN4vnaNwIsA,normal,141
cllc2ljyk00413o6l0hx0vps0,MN4vnaNwIsA,normal,160
clld2t47s000c3o6l0a95gyc2,Ul-s2LkWzEk,exercise,46
clldfwnnn00153o6l8d3rygky,__CK--Y5I9w,abnormal,93
clldgy8s700723o6l5i2b6d4e,R8LRCiTvUz8,myopathic,146
cllep8bfm00093o6lsk0z8oh8,FFki8FtaByw,abnormal,152
cllepaawp000f3o6licwg9yxt,FFki8FtaByw,abnormal,183
cllepbkly000l3o6l0iowjhfk,FFki8FtaByw,abnormal,161
cllepcqcx000r3o6lduq2uact,FFki8FtaByw,abnormal,36
cllepdv8r000x3o6lqo5x4bvl,FFki8FtaByw,abnormal,150
cllepefwp00133o6lt28nvaio,FFki8FtaByw,abnormal,128
cllepfo1p00193o6lvxqto8mm,FFki8FtaByw,abnormal,71
cllepgmuf001f3o6lms5hhzg1,FFki8FtaByw,abnormal,122
cllephqq9001m3o6li43x1ynu,FFki8FtaByw,abnormal,66
cllepj4kb001s3o6le0fhjor3,FFki8FtaByw,abnormal,172
cllfyfckd00043o6liq5zlwv2,Ha9LKXZfWBQ,myopathic,119
cllfygkas000a3o6lz5uy81n1,Ha9LKXZfWBQ,myopathic,211
