seq_id,video_id,true_label,pred_label
cljan9b4p00043n6ligceanyp,B5hrxKe2nP8,parkinsons,normal
cljanb45y00083n6lmh1qhydd,B5hrxKe2nP8,parkinsons,normal
cljaqc7jf00943n6l9cmdtsmn,pu5Vwf1CBO0,abnormal,normal
cljaqdekt00983n6ldn9m222j,pu5Vwf1CBO0,abnormal,normal
cljaqdzxw009c3n6lo9tgpswu,pu5Vwf1CBO0,abnormal,normal
cljaqfh2m009g3n6l1e9tgem1,pu5Vwf1CBO0,abnormal,normal
cljaqgysf009k3n6ll9eqg231,pu5Vwf1CBO0,abnormal,normal
cljaqi14m009o3n6lutscti5j,pu5Vwf1CBO0,abnormal,normal
cljaqjnck009t3n6l3yakz4ot,pu5Vwf1CBO0,abnormal,normal
cljaqky9x009x3n6l7nrltuyb,pu5Vwf1CBO0,abnormal,normal
cljaqvpdp00an3n6ld9oqnejn,Q98WKpwIpkE,abnormal,normal
cljaqwk3x00ar3n6l1dok7jvh,Q98WKpwIpkE,abnormal,normal
cljaqz2zx00b33n6lrn4zn4tq,Q98WKpwIpkE,abnormal,normal
cljaqzzus00b73n6lkximasu4,Q98WKpwIpkE,abnormal,normal
cljar11t100bb3n6ls0aq85hr,Q98WKpwIpkE,abnormal,normal
cljar1lys00bf3n6lnn8jrx8y,Q98WKpwIpkE,abnormal,normal
cljar4zkz00br3n6lp76etiwf,Q98WKpwIpkE,abnormal,normal
cljar5lo000bv3n6l8s10hc7v,Q98WKpwIpkE,abnormal,normal
cljnz3l34000c3n6ldapq560j,_Wn9oYGpRdM,parkinsons,normal
cljnz4e8u000g3n6l1luikppo,_Wn9oYGpRdM,parkinsons,normal
cljnz4y5a000k3n6lkv4b1rjn,_Wn9oYGpRdM,parkinsons,normal
cljnz5sb1000o3n6lntosswwz,_Wn9oYGpRdM,parkinsons,normal
cljnz6vg1000s3n6lxxknbe72,_Wn9oYGpRdM,parkinsons,normal
cljnz7jnj000w3n6lku3pfvtm,_Wn9oYGpRdM,parkinsons,normal
cljr4wlt0000z3n6l0984n9o3,7Ps0YIF-BS0,abnormal,normal
cljr4zha200173n6l6dz5hydi,7Ps0YIF-BS0,abnormal,normal
cljr5rpf8001c3n6lpd51eb9m,8PKj0HFCgNo,abnormal,normal
cljs0zfbo00043n6lp0sofeh2,9126Bdjn8sg,style,normal
cljs10pvi00083n6ljjct68cc,9126Bdjn8sg,style,normal
cljs11rxw000c3n6ll6xgdtq5,9126Bdjn8sg,style,normal
cljs12u6n000g3n6l1aq9hj4u,9126Bdjn8sg,style,normal
cljs141s3000k3n6lj0z35fww,9126Bdjn8sg,style,abnormal
cljs14tc4000o3n6lcl4e859g,9126Bdjn8sg,style,normal
cljs1hv8z000s3n6li0v6glrz,9126Bdjn8sg,style,style
cljs1j69t000w3n6ll4jnm662,9126Bdjn8sg,style,normal
cljs1lk2900143n6lddkmnnro,9126Bdjn8sg,style,style
cljs1ngj000183n6l5u5lc6lr,9126Bdjn8sg,style,style
cljs1qgry001c3n6lv7sqrtr6,9126Bdjn8sg,style,normal
cljs1rs7s001g3n6lza2i5sdx,9126Bdjn8sg,style,normal
cljs1t95n001k3n6ldcxlogmd,9126Bdjn8sg,style,normal
cljs2vx9b001s3n6lo4tc3qwd,9126Bdjn8sg,style,normal
cljs2wgbs001w3n6lh1rtv3be,9126Bdjn8sg,style,normal
cljs35dwh00243n6lp1kx95if,9126Bdjn8sg,style,style
cljs37jz800283n6lb3g7s5a5,9126Bdjn8sg,style,normal
cljs38rol002c3n6lnpdlbyoq,9126Bdjn8sg,style,abnormal
cljs3bsag002g3n6l2jctyel3,9126Bdjn8sg,style,normal
cljs3cnzx002k3n6lf906p4hv,9126Bdjn8sg,style,style
cljs3dvx6002o3n6lqlo1s770,9126Bdjn8sg,style,abnormal
cljs3fc6r002s3n6l1va1vqkv,9126Bdjn8sg,style,normal
cljs3k2d600303n6le6jwya03,9126Bdjn8sg,style,normal
cljs3lenp00343n6lg7lk0p9c,9126Bdjn8sg,style,normal
cljs3m7j800383n6lhtfqmad8,9126Bdjn8sg,style,normal
cljs3pito003c3n6ll8xr0kbi,9126Bdjn8sg,style,normal
cljs3r7oy003g3n6lkf4rejsb,9126Bdjn8sg,style,normal
cljs40rs9003r3n6lcwzznnbm,9126Bdjn8sg,style,normal
cljs424vc003v3n6l00y4fdlb,9126Bdjn8sg,style,abnormal
cljs43skx00433n6lxa7dsu3i,9126Bdjn8sg,style,abnormal
cljs45dkb00473n6lesqaxyj0,9126Bdjn8sg,style,normal
cljs46rs6004b3n6l7w9axgfi,9126Bdjn8sg,style,normal
cljs47o7w004f3n6lxha5i3or,9126Bdjn8sg,style,normal
cljs48vzw004j3n6ld4gmox8u,9126Bdjn8sg,style,normal
cljs4b5pp004n3n6lals2zpwr,9126Bdjn8sg,style,normal
cljs4dsq7004v3n6lzy1oxbvw,9126Bdjn8sg,style,normal
cljs4evdd004z3n6lvr0hypqr,9126Bdjn8sg,style,normal
cljs4fg5q00533n6lva2cwo7m,9126Bdjn8sg,style,normal
cljs4htao005f3n6ltnfqcut7,9126Bdjn8sg,style,normal
cljs4jfyk005j3n6lwif0h0gw,9126Bdjn8sg,style,style
cljs4mt5j005n3n6ladrkpabn,9126Bdjn8sg,style,style
cljs4o2ps005r3n6lxofiekfe,9126Bdjn8sg,style,normal
cljs4qzpx005v3n6lpl170g3d,9126Bdjn8sg,style,style
cljs4shwn005z3n6lw5bwbprv,9126Bdjn8sg,style,normal
cljw75out003z3n6ldarll2qz,cWujgb8jHNE,myopathic,normal
cljw7a2mf004q3n6l5u1wps0e,ddMHjYSIQsM,exercise,normal
cljw7ajrd004u3n6ltrzrbk92,ddMHjYSIQsM,exercise,normal
cljw7c11f004z3n6ldnwe9cqj,d-jXLtMnqGY,exercise,normal
cljw7u9tn007u3n6lq4pt7x51,eC5rBFti78M,exercise,normal
cljw7uo8h007y3n6lyok5axbw,eC5rBFti78M,exercise,normal
cljwbrss4001k3n6l6oaj5ayy,f1Jt0xVqvtI,exercise,normal
cljwbsax5001o3n6lgoj7f57r,f1Jt0xVqvtI,exercise,normal
cljwr30g000043n6ls0cp5ety,OoCDFmCm1DE,normal,normal
cljwr3nzm00083n6lt90ynbix,OoCDFmCm1DE,normal,normal
cljwr3zxa000c3n6l3s75sppt,OoCDFmCm1DE,normal,normal
cljwr4g4a000g3n6lp1himnx5,OoCDFmCm1DE,normal,normal
cljwr52cx000k3n6lkhlqiy7m,OoCDFmCm1DE,normal,normal
cljwr5ix0000o3n6luidaxct4,OoCDFmCm1DE,normal,normal
cljwr7n4o000w3n6lqxx0iv86,L26I5sHvleg,myopathic,normal
cljwrju1q002k3n6locdj52a9,mBAxLr73IHU,normal,normal
cljwrkef8002o3n6lp21lyyik,mBAxLr73IHU,normal,normal
cljwrl5sp002s3n6l9f979pew,mBAxLr73IHU,normal,normal
cljwrm2hl00303n6lmj6myxp0,mBAxLr73IHU,normal,normal
cljwsd2vm000o3n6ldtv71ge9,rvx2Pie-k2E,abnormal,normal
cljwssdku00093n6lv3u03u8b,vCn1WRR_U3E,abnormal,abnormal
cljwstff4000d3n6ll71hchoj,vCn1WRR_U3E,abnormal,normal
cljxjjxh5009f3n6ltrwv4sda,tUT8Fh1zGKA,normal,normal
cljxjktjg009j3n6lvb3spwbi,tUT8Fh1zGKA,normal,normal
cljxkz0sw000l3n6lag5efqf7,zJ6PFxJrGf8,myopathic,normal
cljxl011m000p3n6l374n38ms,zJ6PFxJrGf8,myopathic,normal
cljxl14d9000x3n6la28mx768,zJ6PFxJrGf8,myopathic,normal
cljxl1oc900113n6larkl504p,zJ6PFxJrGf8,myopathic,normal
cljxl2hlg00183n6lww6aucok,zJ6PFxJrGf8,myopathic,normal
cljxl3an5001c3n6lschs9zkv,zJ6PFxJrGf8,myopathic,normal
cljxl3joo001g3n6l4rl9x2md,zJ6PFxJrGf8,myopathic,normal
cljxl3w9f001k3n6lf6lezxqe,zJ6PFxJrGf8,myopathic,abnormal
cljxl4f0n001o3n6lbbq2h864,zJ6PFxJrGf8,myopathic,style
clk6ko1kf000w3n6l3wq5uxbi,edYFuhaff7c,exercise,normal
clk6kx8jj001u3n6lwnfad24d,es5nSkAx4p4,abnormal,normal
clk7vzont004k3n6l8rzcrabu,sk0EU7MNt78,normal,normal
clk7wg3vw005x3n6lh068vbd3,vCn1WRR_U3E,abnormal,abnormal
clk7wguxr00613n6lcojvp2w1,vCn1WRR_U3E,abnormal,myopathic
cll1tsq1n00293o6lu7c9kurh,gOMr8ezwiSU,exercise,normal
cll1tta09002d3o6l4kroorkw,gOMr8ezwiSU,exercise,normal
cll44faz0002b3o6lkfu2oggx,HEoUhlesN9E,abnormal,normal
cll44hiwd002e3o6llv2e9o9t,HEoUhlesN9E,abnormal,normal
cll44hwjc002i3o6lqv6hv0ze,HEoUhlesN9E,abnormal,normal
cll44i8u8002l3o6l70vg7c0k,HEoUhlesN9E,abnormal,abnormal
cll44iuad002o3o6l836m07p6,HEoUhlesN9E,abnormal,exercise
cll44jfs6002s3o6lx81eaw9d,HEoUhlesN9E,abnormal,normal
cll44jukm002v3o6lri55zuf7,HEoUhlesN9E,abnormal,normal
cll44k63a002y3o6l5mrc1stg,HEoUhlesN9E,abnormal,normal
cll44kk8300323o6l8rw8x8gy,HEoUhlesN9E,abnormal,abnormal
cll44l89z00353o6l1ve62vk7,HEoUhlesN9E,abnormal,normal
cll44m0to00393o6l0zg49ou0,HEoUhlesN9E,abnormal,abnormal
cll44md5y003d3o6l2s8g314n,HEoUhlesN9E,abnormal,normal
cll44mu2g003h3o6lo05v7xlw,HEoUhlesN9E,abnormal,normal
cll44n86b003l3o6l2rl66u61,HEoUhlesN9E,abnormal,normal
cll44nq06003p3o6l7vf29lq8,HEoUhlesN9E,abnormal,normal
cll44orl7003t3o6lwcnhjt1q,HEoUhlesN9E,abnormal,normal
cll44p7pf003x3o6ll7fkmgvc,HEoUhlesN9E,abnormal,normal
cll44pl8l00413o6l376phbvv,HEoUhlesN9E,abnormal,normal
cll44q7mm00453o6lblioekqn,HEoUhlesN9E,abnormal,normal
cll44qpg400493o6lfcd9cdqa,HEoUhlesN9E,abnormal,normal
cll44r4mc004d3o6lf9qrgqcn,HEoUhlesN9E,abnormal,normal
cll44rghz004h3o6lrlt6ov6i,HEoUhlesN9E,abnormal,abnormal
cll44rrtg004l3o6lodazy5i6,HEoUhlesN9E,abnormal,abnormal
cll44s9xc004p3o6l0u5rf1xc,HEoUhlesN9E,abnormal,normal
cll44srul004t3o6lx6ivzcz3,HEoUhlesN9E,abnormal,normal
cll44t8c3004x3o6llo4b3z0m,HEoUhlesN9E,abnormal,abnormal
cll44tnb500513o6l5zdd2bsb,HEoUhlesN9E,abnormal,abnormal
cll44u10u00553o6lf2iilwrx,HEoUhlesN9E,abnormal,normal
cll44ukc800593o6lcuyd2sai,HEoUhlesN9E,abnormal,normal
cll44uuy8005d3o6lp580ed3c,HEoUhlesN9E,abnormal,normal
cll44vdaw005h3o6ldaam12sk,HEoUhlesN9E,abnormal,normal
cll44vscs005l3o6lizvxoeqj,HEoUhlesN9E,abnormal,style
cll44wafv005p3o6lsd1boi3s,HEoUhlesN9E,abnormal,normal
cll44wqg1005t3o6lor9rzkdb,HEoUhlesN9E,abnormal,normal
cll44x594005x3o6l8ojujebf,HEoUhlesN9E,abnormal,normal
cll44xmlt00613o6luubjssx8,HEoUhlesN9E,abnormal,normal
cll44xxfd00653o6li0fk3odg,HEoUhlesN9E,abnormal,normal
cll44yle100693o6l4twv3pw7,HEoUhlesN9E,abnormal,style
cll44yz75006d3o6l4a0v6ovq,HEoUhlesN9E,abnormal,normal
cll44zhfw006h3o6l8nn8i80l,HEoUhlesN9E,abnormal,normal
cll44ztbc006l3o6lwzcrjhsh,HEoUhlesN9E,abnormal,exercise
cll450706006p3o6l2vc93wf0,HEoUhlesN9E,abnormal,style
cll450m70006t3o6l88dmnp6h,HEoUhlesN9E,abnormal,exercise
cll451060006x3o6lq5y3lw7f,HEoUhlesN9E,abnormal,exercise
cll451mvy00713o6lvcdckobf,HEoUhlesN9E,abnormal,normal
cll45208v00753o6lzyi7ilgm,HEoUhlesN9E,abnormal,normal
cll453dco007d3o6lyqagucjd,HEoUhlesN9E,abnormal,normal
cll453wld007h3o6lgmtr9kg4,HEoUhlesN9E,abnormal,normal
cll454erx007l3o6lwt9kmva5,HEoUhlesN9E,abnormal,normal
cll458jkt007p3o6lzvdpvi7z,HEoUhlesN9E,abnormal,normal
cll4591gc007t3o6lgclxbwfm,HEoUhlesN9E,abnormal,normal
cll459c0b007w3o6lki1lqixo,HEoUhlesN9E,abnormal,style
cll459mu2007z3o6l93enseug,HEoUhlesN9E,abnormal,normal
cll45anxm00823o6la2q71owc,HEoUhlesN9E,abnormal,normal
cll45b4zs00883o6li71m93e8,HEoUhlesN9E,abnormal,style
cll45bo9v008c3o6lli3qkb72,HEoUhlesN9E,abnormal,normal
cll45c3m7008f3o6lu5mtrg74,HEoUhlesN9E,abnormal,normal
cll45cd8v008j3o6lylxngkv3,HEoUhlesN9E,abnormal,abnormal
cll45ct6p008n3o6ltsoy1y7d,HEoUhlesN9E,abnormal,normal
cll45d7vn008q3o6l4sxv3e67,HEoUhlesN9E,abnormal,normal
cll45dokq008u3o6laphlyfqp,HEoUhlesN9E,abnormal,normal
cll45e1rg008x3o6lki1yqi2o,HEoUhlesN9E,abnormal,normal
cll45eqix00903o6lalmbmqlv,HEoUhlesN9E,abnormal,normal
cll45f2ga00943o6l35m5g4x0,HEoUhlesN9E,abnormal,style
cll45fxj000983o6lr7ndc8m8,HEoUhlesN9E,abnormal,exercise
cll45g99e009c3o6lf75cdfr4,HEoUhlesN9E,abnormal,normal
cll45gpat009g3o6lzcamhn5r,HEoUhlesN9E,abnormal,normal
cll45h3z5009k3o6lfvvbtj9i,HEoUhlesN9E,abnormal,normal
cll45hgo1009n3o6l3r35aw10,HEoUhlesN9E,abnormal,exercise
cll45htx3009r3o6laazc10p1,HEoUhlesN9E,abnormal,normal
cll45i8bj009v3o6l81ux4gw6,HEoUhlesN9E,abnormal,style
cll45im97009y3o6lyqr7w588,HEoUhlesN9E,abnormal,normal
cll45j2b700a23o6lz86a8zm7,HEoUhlesN9E,abnormal,style
cll45jh7d00a63o6lbqz4ayaj,HEoUhlesN9E,abnormal,normal
cll45jwip00a93o6l9kjkmwjf,HEoUhlesN9E,abnormal,normal
cll45kp6a00ad3o6lakhi62pm,HEoUhlesN9E,abnormal,style
cll45mblp00ah3o6lihobda7q,HEoUhlesN9E,abnormal,normal
cll45mm5f00al3o6l20i5vm7w,HEoUhlesN9E,abnormal,exercise
cll45mw7j00ap3o6l0erzo5ug,HEoUhlesN9E,abnormal,style
cll45n5z700as3o6lqvsiny7q,HEoUhlesN9E,abnormal,normal
cll45nlw300av3o6l315uns4s,HEoUhlesN9E,abnormal,normal
cll45obbz00az3o6lw3j673sm,HEoUhlesN9E,abnormal,normal
cll45oxsj00b33o6lua4xy1dp,HEoUhlesN9E,abnormal,normal
cll45pxyw00b73o6loem485nq,HEoUhlesN9E,abnormal,exercise
cll45q86s00bb3o6lzf8ik4k6,HEoUhlesN9E,abnormal,abnormal
cll45qjap00bf3o6lsjazc5zi,HEoUhlesN9E,abnormal,exercise
cll45qw8700bi3o6l1hnhjw9i,HEoUhlesN9E,abnormal,style
cll45rg0v00bl3o6ls2ix6zfv,HEoUhlesN9E,abnormal,abnormal
cll45s6c300bo3o6ln7e944ww,HEoUhlesN9E,abnormal,normal
cll45shi700br3o6l4ggnfmtz,HEoUhlesN9E,abnormal,style
cll45su0100bu3o6l2kw4m5g8,HEoUhlesN9E,abnormal,normal
cll45t8v800by3o6lvwscenc3,HEoUhlesN9E,abnormal,normal
cll4slf5s00203o6l0corii5i,HHFuTpVvRCI,abnormal,normal
cll4smfpk00283o6ljyi7o6t3,HHFuTpVvRCI,abnormal,normal
cll4smvp6002c3o6l64twsyns,HHFuTpVvRCI,abnormal,normal
cll747czo00063o6l5sox9fps,I0AxJhE0tGk,exercise,normal
cll747tza000a3o6l8yboodhd,I0AxJhE0tGk,exercise,normal
cll7492n5000k3o6lv2s5m91s,i3cgwFdqSfs,abnormal,normal
cll749gur000o3o6liy16wuvp,i3cgwFdqSfs,abnormal,normal
cll74aq06000w3o6l1li6whdq,i3cgwFdqSfs,abnormal,normal
cll74bcch00103o6ljzbks9ds,i3cgwFdqSfs,abnormal,normal
cll74cfvn00183o6lzjgjf4sy,i3cgwFdqSfs,abnormal,normal
cll751hue00353o6ly952utd8,IFukr8BJYRE,exercise,normal
cll7522up00393o6lahjxv1rb,IFukr8BJYRE,exercise,normal
cll752hdv003d3o6lvk6cl1qq,IFukr8BJYRE,exercise,normal
cll7530dx003h3o6lj1cobct1,IFukr8BJYRE,exercise,normal
cll753nnb003l3o6l6a8wjsb5,IFukr8BJYRE,exercise,normal
cll7ate0a000j3o6lurub2tak,Iu4nWYBqM5w,exercise,normal
cll7auory000n3o6lkh50rbef,Iu4nWYBqM5w,exercise,normal
cll7qis3j006m3o6l9fdb6x79,Mqr3kdiUzeM,abnormal,normal
cll7qjcba006q3o6lzz0lkvdi,Mqr3kdiUzeM,abnormal,normal
cll7qkwgd006y3o6llnmxybt1,Mqr3kdiUzeM,abnormal,normal
cll7r3sa3009k3o6l1r97egyz,nhTOzpZm5fQ,exercise,normal
cll8fp9jh00043o6leq1pvm6n,pu5Vwf1CBO0,abnormal,normal
cll8fprbu00083o6l8va6lsx5,pu5Vwf1CBO0,abnormal,normal
cll8fqbit000c3o6l5hmryp94,pu5Vwf1CBO0,abnormal,normal
cll8fqm0r000f3o6lzmwvuf19,pu5Vwf1CBO0,abnormal,normal
cll8fr0b5000j3o6l5m8zqasq,pu5Vwf1CBO0,abnormal,normal
cll8freaa000n3o6lyd8w47o6,pu5Vwf1CBO0,abnormal,normal
cll8ggl88003b3o6laxqnyw1g,qM3GNLKI9rg,exercise,normal
cll8gh26x003f3o6lmz6412q0,qM3GNLKI9rg,exercise,normal
cll8k1ddg00503o6ld0ttyqyk,rWKYDfklSkE,cerebral palsy,normal
cll8k1pmt00543o6llho982y4,rWKYDfklSkE,cerebral palsy,normal
cll8k24qs00583o6lbnpqmjyl,rWKYDfklSkE,cerebral palsy,normal
cll8k3gus005g3o6la0ll4n2f,rWKYDfklSkE,cerebral palsy,normal
cll8k3z7n005k3o6lps3evia5,rWKYDfklSkE,cerebral palsy,normal
cll8k4oby005r3o6ljjncvkp8,rWKYDfklSkE,cerebral palsy,normal
cll8k5qsr005z3o6lauk0dd4a,rWKYDfklSkE,cerebral palsy,normal
cll8k6b0t00633o6l0qohgf43,rWKYDfklSkE,cerebral palsy,normal
cll8k6t9d00673o6lb9ryzdsb,rWKYDfklSkE,cerebral palsy,normal
cll8k74kx006b3o6l0fue0bcg,rWKYDfklSkE,cerebral palsy,normal
cll8k7lo2006f3o6lf4tw2dqz,rWKYDfklSkE,cerebral palsy,normal
cll8k844v006j3o6lyfwxu6xu,rWKYDfklSkE,cerebral palsy,normal
cll8k8pxy006n3o6l2q1gopyo,rWKYDfklSkE,cerebral palsy,normal
cll8kgvkh007d3o6lqcab168x,Rx21leooiqQ,myopathic,abnormal
cll8khcsh007h3o6la2rsk9l5,Rx21leooiqQ,myopathic,normal
cll8kht99007l3o6lzvihldb2,Rx21leooiqQ,myopathic,normal
cll8ki7xa007p3o6lrxe1n7lb,Rx21leooiqQ,myopathic,normal
cll8kijic007s3o6lbxho0i7s,Rx21leooiqQ,myopathic,normal
cll8kj4xu007w3o6ll27qmd7n,Rx21leooiqQ,myopathic,normal
cll8kjx4500803o6laioc6a6l,Rx21leooiqQ,myopathic,normal
cll8kklqc00843o6lqv7v4xnl,Rx21leooiqQ,myopathic,normal
cll8kl3ha00883o6l861c0yh4,Rx21leooiqQ,myopathic,normal
cll8kljtt008c3o6lo3nauxjy,Rx21leooiqQ,myopathic,normal
cll8ysxvg005f3o6lyxwy9am9,tepDPo5RhOk,exercise,normal
cll8ytqe1005j3o6l3r7h2zkx,tepDPo5RhOk,exercise,normal
cll8yu4li005n3o6l7zfk7m67,tepDPo5RhOk,exercise,normal
cll9ub6zm000i3o6l9pagthuv,Ul-s2LkWzEk,exercise,normal
cll9uc54b000m3o6lp356kyh6,Ul-s2LkWzEk,exercise,normal
cll9ucwud000q3o6l14sjstwt,Ul-s2LkWzEk,exercise,normal
cll9udswa000u3o6lwgei346g,Ul-s2LkWzEk,exercise,normal
cll9uee8e000y3o6l6j48z4tx,Ul-s2LkWzEk,exercise,normal
cll9uf30j00123o6lw9wpdi43,Ul-s2LkWzEk,exercise,normal
cll9ufofj00163o6l0whdyobn,Ul-s2LkWzEk,exercise,normal
cll9uh5a4001e3o6l9eue9kni,Ul-s2LkWzEk,exercise,normal
cll9uhu2g001i3o6l5w4xpzhs,Ul-s2LkWzEk,exercise,normal
cll9uigic001m3o6lx02tt005,Ul-s2LkWzEk,exercise,normal
cll9uj0xb001q3o6lrwr7pk8u,Ul-s2LkWzEk,exercise,normal
cll9ujz58001u3o6lsjtl6pva,Ul-s2LkWzEk,exercise,normal
cll9ukoss001y3o6l50e0q3lu,Ul-s2LkWzEk,exercise,normal
cll9xbavd000v3o6lcuiseko3,wKPijYAemYA,exercise,normal
cll9y725p003e3o6lr6oco1w9,XT_laviJR7U,abnormal,abnormal
cll9y7s1s003i3o6lo33zan5m,XT_laviJR7U,abnormal,normal
cll9y84ep003m3o6lpk4lprg8,XT_laviJR7U,abnormal,normal
cll9y8lpw003q3o6l5ynsgrm5,XT_laviJR7U,abnormal,normal
cll9y9spt003u3o6l3sjk40hf,XT_laviJR7U,abnormal,normal
cll9yab0u003y3o6lj0ncffa5,XT_laviJR7U,abnormal,normal
cll9yaxfs00413o6lqxu7a4qw,XT_laviJR7U,abnormal,normal
cll9ybfgq00453o6ltqrsnmq0,XT_laviJR7U,abnormal,normal
cllamwa5z00493o6lnpn080ov,zJ6PFxJrGf8,myopathic,abnormal
cllamwozn004d3o6l7puz81dt,zJ6PFxJrGf8,myopathic,style
cllamxx59004k3o6lkg8cvmpl,zJ6PFxJrGf8,myopathic,normal
cllamyil1004o3o6lsl7ye5jj,zJ6PFxJrGf8,myopathic,normal
cllano2w1004y3o6la5r54560,ZmpGIPxKlok,abnormal,normal
cllba3xz8000p3o6lpaedkp88,w2fYQyikrts,abnormal,normal
cllba4baj000t3o6lxfq01aok,w2fYQyikrts,abnormal,normal
cllba535b000x3o6l204nr8e8,w2fYQyikrts,abnormal,normal
cllba5q1o00113o6lst176ho2,w2fYQyikrts,abnormal,normal
cllba6aci00153o6lcl94c1sg,w2fYQyikrts,abnormal,normal
cllbbsgxm003q3o6lz11hb2tj,9126Bdjn8sg,style,style
clld2t47s000c3o6l0a95gyc2,Ul-s2LkWzEk,exercise,normal
cljao8kyf000d3n6l0x9kgmav,TgkxrrhnvlM,abnormal,normal
cljaoak47000i3n6lsrb9rit9,TgkxrrhnvlM,abnormal,normal
cljaobtd0000q3n6lutd71mer,TgkxrrhnvlM,abnormal,normal
cljaocn4e000u3n6lgnrx469h,TgkxrrhnvlM,abnormal,normal
cljaoebv700113n6lw01p9hl3,TgkxrrhnvlM,abnormal,normal
cljaokm0f001e3n6lirgzoymg,5SBtTbfELUU,abnormal,normal
cljaolsgy001i3n6li20nkrgp,5SBtTbfELUU,abnormal,abnormal
cljaommx0001m3n6lfb2cuqgv,5SBtTbfELUU,abnormal,normal
cljaonfdz001q3n6l4qtxtuut,5SBtTbfELUU,abnormal,abnormal
cljaoo2cn001u3n6lf7xqjrze,5SBtTbfELUU,abnormal,normal
cljaop6jn00203n6lk46gbf4c,5SBtTbfELUU,abnormal,normal
cljaoq8tp00243n6lav1phi0c,5SBtTbfELUU,abnormal,normal
cljaoshr200283n6lp3zsekp0,5SBtTbfELUU,abnormal,abnormal
cljaot782002c3n6liew6rbtf,5SBtTbfELUU,abnormal,normal
cljaotzi6002g3n6ljofm5j6d,5SBtTbfELUU,abnormal,normal
cljaouueo002k3n6l57zl7081,5SBtTbfELUU,abnormal,normal
cljaovpji002o3n6lgugwrc6j,5SBtTbfELUU,abnormal,normal
cljaowoxy002s3n6lm5b9d3pg,5SBtTbfELUU,abnormal,normal
cljaox711002w3n6lwjtc0qb3,5SBtTbfELUU,abnormal,normal
cljaoxl8100303n6ll1waw5n0,5SBtTbfELUU,abnormal,normal
cljaoxzmr00343n6lfoaxldb1,5SBtTbfELUU,abnormal,normal
cljaoyfcy00383n6lmftrl6rf,5SBtTbfELUU,abnormal,normal
cljaoyz1c003c3n6l84cbjwg9,5SBtTbfELUU,abnormal,abnormal
cljaozfe5003g3n6lc5wkcomq,5SBtTbfELUU,abnormal,normal
cljaozwlh003k3n6lzk9rxqbs,5SBtTbfELUU,abnormal,abnormal
cljap0c1m003o3n6lgmq5uhwn,5SBtTbfELUU,abnormal,normal
cljap0sgs003s3n6lkyvcdzkd,5SBtTbfELUU,abnormal,abnormal
cljap1efc003z3n6l5ghozcy9,5SBtTbfELUU,abnormal,normal
cljap2na700433n6lwob4q16g,5SBtTbfELUU,abnormal,abnormal
cljap357k00473n6lpfwcjp1e,5SBtTbfELUU,abnormal,normal
cljap3krs004b3n6ldjwuf1cm,5SBtTbfELUU,abnormal,normal
cljap4083004f3n6ldx98aixq,5SBtTbfELUU,abnormal,normal
cljap4p9j004j3n6lj39g6r9m,5SBtTbfELUU,abnormal,normal
cljap548n004n3n6l909fckn8,5SBtTbfELUU,abnormal,normal
cljap5o8u004r3n6llsoy3aww,5SBtTbfELUU,abnormal,normal
cljap626d004v3n6ldyysleyr,5SBtTbfELUU,abnormal,normal
cljapao5600503n6lhrbr4zii,0gAHlm79Bjo,abnormal,normal
cljar878f00c03n6ly2v2ay88,wRntYsztIEY,cerebral palsy,normal
cljar9bqo00c43n6l2u5zmlru,wRntYsztIEY,cerebral palsy,normal
cljarar9t00cc3n6lqhi9udoc,wRntYsztIEY,cerebral palsy,normal
cljarbn1y00cg3n6l1u4i0d5l,wRntYsztIEY,cerebral palsy,normal
cljarcfa700ck3n6lfww83ig1,wRntYsztIEY,cerebral palsy,normal
cljarcy3g00co3n6lzsn1x034,wRntYsztIEY,cerebral palsy,normal
cljardvzg00cs3n6loetskba6,wRntYsztIEY,cerebral palsy,normal
cljargosy00cx3n6lm6atozrz,R8LRCiTvUz8,myopathic,normal
cljarhldg00d13n6l7utw0lqn,R8LRCiTvUz8,myopathic,normal
cljarj6rf00d53n6ljtivf4q7,R8LRCiTvUz8,myopathic,normal
cljarkax200d93n6lukx52g1t,R8LRCiTvUz8,myopathic,normal
cljarlbch00dd3n6l9jaubrxq,R8LRCiTvUz8,myopathic,normal
cljarmcm700dh3n6lxw24hxgx,R8LRCiTvUz8,myopathic,normal
cljarn9oy00dl3n6l8pg9exfg,R8LRCiTvUz8,myopathic,normal
cljaroguw00dp3n6lhfddiadu,R8LRCiTvUz8,myopathic,normal
cljarp08600dt3n6lxa7sysiv,R8LRCiTvUz8,myopathic,normal
cljarpts600dx3n6l98zqf6yn,R8LRCiTvUz8,myopathic,normal
cljarqtuz00e13n6lrnox6mfs,R8LRCiTvUz8,myopathic,normal
cljas04fw00f33n6lm5cvx9g6,DlPDuHBAP7A,cerebral palsy,normal
cljas134500f73n6lkfbjfayp,DlPDuHBAP7A,cerebral palsy,normal
cljas1yfs00fb3n6lna38ui6i,DlPDuHBAP7A,cerebral palsy,normal
cljas4dqj00fj3n6ldw6wiwpy,DlPDuHBAP7A,cerebral palsy,normal
cljas6das00fr3n6lhlqzyhq2,DlPDuHBAP7A,cerebral palsy,normal
cljawb5nf00043n6l38chxsod,HDkWDe6FZDg,myopathic,normal
cljawd01m00093n6l4kx9020l,HDkWDe6FZDg,myopathic,normal
cljawdoej000d3n6ll5ysj34f,HDkWDe6FZDg,myopathic,normal
cljawkh09000r3n6lmz56x0qk,uV6dPE2sz7k,abnormal,normal
cljawlkt0000v3n6lo2s8a5rl,uV6dPE2sz7k,abnormal,normal
cljawmt3400133n6lp41x9vvn,uV6dPE2sz7k,abnormal,normal
cljawo31o00173n6lk7goqxm1,uV6dPE2sz7k,abnormal,normal
cljawov3k001b3n6li7bmdm12,uV6dPE2sz7k,abnormal,normal
cljawpjqr001f3n6lop4rdnzm,uV6dPE2sz7k,abnormal,normal
cljawqrbd001j3n6lqufhfuet,uV6dPE2sz7k,abnormal,normal
cljax24er002l3n6l0dnxpdh8,SxlhJQ4_PMY,exercise,normal
cljax40az002t3n6lwspyczks,SxlhJQ4_PMY,exercise,normal
cljax5by5002x3n6la1cd2oel,SxlhJQ4_PMY,exercise,normal
cljax9d2p00363n6lx043s1m7,jzJIpY6vRLo,myopathic,normal
cljaxabfg003a3n6l95mrlcry,jzJIpY6vRLo,myopathic,normal
cljaxb5y2003e3n6lj1j9qvav,jzJIpY6vRLo,myopathic,normal
cljaxbq22003i3n6lmzka93uq,jzJIpY6vRLo,myopathic,normal
cljaycatw00113n6lai3dpr03,5SBtTbfELUU,abnormal,abnormal
cljayepal00153n6lh4i9j3c8,5SBtTbfELUU,abnormal,normal
cljdytzd800083n6l1vuekg83,5SBtTbfELUU,abnormal,normal
cljdyypnd000c3n6lp8jaku1w,5SBtTbfELUU,abnormal,abnormal
cljnyb9qa00083n6l2b6wex1t,__CK--Y5I9w,abnormal,normal
cljnyexjp000d3n6ls42vn87x,_7bmPmDJuDA,exercise,normal
cljnyqv6p001a3n6ltpn3im47,_O8IZaDu8H4,abnormal,normal
cljnythm4001j3n6l7hxzn2c4,_sf86EFdrqc,abnormal,normal
cljnyv9zm001n3n6l5midofuq,_sf86EFdrqc,abnormal,normal
cljo0ytcr00143n6lf5yeso30,_ZtLRn19mQE,exercise,normal
cljo0zeft00183n6l0oii1i7y,_ZtLRn19mQE,exercise,normal
cljo10gje001c3n6l07zobvf1,_ZtLRn19mQE,exercise,normal
cljo11225001g3n6l7zdk56hb,_ZtLRn19mQE,exercise,normal
cljo1kedv003c3n6l4p52mpyp,0XM23zRNHM8,exercise,normal
cljo1phh2003y3n6l69kfyzp4,1eB_RXbyiC0,abnormal,normal
cljo2vai700133n6lr8vfevzs,3Et5ZTqMPmU,exercise,normal
cljo2wwu7001a3n6ljmqm39l6,3KnFt8bH3tE,normal,normal
cljo2y1f7001e3n6lt1wgacw6,3KnFt8bH3tE,normal,normal
cljo2yqzp001i3n6lg75p7wtq,3KnFt8bH3tE,normal,normal
cljo32213001u3n6lel97up5f,3KnFt8bH3tE,normal,normal
cljo32ik2001y3n6lmmnu0sgo,3KnFt8bH3tE,normal,normal
cljo32xnz00223n6lvxzyif3y,3KnFt8bH3tE,normal,normal
cljo33m8400263n6l4xxsl6ku,3KnFt8bH3tE,normal,normal
cljo340cm002a3n6low42ugvh,3KnFt8bH3tE,normal,normal
cljo39ok9002h3n6ldr0w5sey,3KnFt8bH3tE,normal,normal
cljo3b2dy002l3n6l270vpzp8,3KnFt8bH3tE,normal,normal
cljo6mjzm00043n6lm20jh9gw,3QpsdYh7uhI,abnormal,normal
cljo6na9q00083n6lajw2or7e,3QpsdYh7uhI,abnormal,normal
cljo6nyzg000c3n6lx8ga01e2,3QpsdYh7uhI,abnormal,normal
cljo6oiiv000g3n6lr7nwhvl8,3QpsdYh7uhI,abnormal,normal
cljo6pd2x000k3n6lzncvjn3t,3QpsdYh7uhI,abnormal,normal
cljo89aiv005p3n6lqmsre4c2,5fczU8Exs70,exercise,normal
cljr3h0u500163n6lgbf967hh,7nIQv3K_-Qc,style,normal
cljr3ivxh001a3n6l7j382lyt,7nIQv3K_-Qc,style,normal
cljr3jq8m001e3n6legw30pqn,7nIQv3K_-Qc,style,normal
cljr3kiht001i3n6l4jq31vhh,7nIQv3K_-Qc,style,normal
cljr3lvzs001n3n6l5805w9wq,7nIQv3K_-Qc,style,style
cljr3n1ca001r3n6l2qydcdn2,7nIQv3K_-Qc,style,style
cljr3ovxy001v3n6lp1ru2833,7nIQv3K_-Qc,style,normal
cljr3pl9g001z3n6luaky2d90,7nIQv3K_-Qc,style,normal
cljr3qjx300233n6ltiah1f9z,7nIQv3K_-Qc,style,normal
cljr3sirn002b3n6l8et3iuyo,7nIQv3K_-Qc,style,normal
cljr3tvxt002f3n6lui2z8qw7,7nIQv3K_-Qc,style,normal
cljr3y3de002r3n6ld2hr4lka,7nIQv3K_-Qc,style,style
cljr3yz5f002v3n6lcvv0x2kh,7nIQv3K_-Qc,style,normal
cljr3zsb6002z3n6lx6emjomm,7nIQv3K_-Qc,style,style
cljr40g2x00333n6lb1nksqeh,7nIQv3K_-Qc,style,style
cljr41gm600373n6l0lw102v7,7nIQv3K_-Qc,style,style
cljr439n0003f3n6lmanh0f5o,7nIQv3K_-Qc,style,normal
cljr44fvu003l3n6l5mjp10bs,7nIQv3K_-Qc,style,normal
cljr5tz3c001k3n6lfc27vpnp,8PPLTf0fZsY,myopathic,normal
cljr5unji001o3n6lapqpzkio,8PPLTf0fZsY,myopathic,normal
cljr5vg0s001s3n6lvxtmt0rn,8PPLTf0fZsY,myopathic,normal
cljr5wgkf001w3n6lwp1w3wlu,8PPLTf0fZsY,myopathic,normal
cljr5zp1i002b3n6l72p1rnd6,9bofHbaHTVY,abnormal,normal
cljr61601002i3n6lp9ppmflo,5qM6wxZ_dNs,myopathic,normal
cljr62h3i002m3n6l9z24blly,5qM6wxZ_dNs,myopathic,normal
cljr64k4y002y3n6lqg5rmn1o,5qM6wxZ_dNs,myopathic,normal
cljr658xk00323n6lfid0k0y6,5qM6wxZ_dNs,myopathic,normal
cljr6kr9p00043n6lxsegjd2q,6unvtCM0fxM,abnormal,normal
cljr6mxf0000c3n6lujp11l6w,7Ft1bUTzxkM,myopathic,normal
cljr6o2r2000g3n6ld9zqoaqo,7Ft1bUTzxkM,myopathic,normal
cljr6ohvb000k3n6lfqwsgy5d,7Ft1bUTzxkM,myopathic,normal
cljr6plhu000o3n6loi07umhh,7Ft1bUTzxkM,myopathic,normal
cljr6q6hi000s3n6l92mb8yqa,7Ft1bUTzxkM,myopathic,normal
cljr6u47g00113n6lkd13v5fb,9qg-3smwLcs,myopathic,abnormal
cljr6wkld00193n6ltjloqzl1,9qg-3smwLcs,myopathic,normal
cljr6xqvi001d3n6lctvtihw2,9qg-3smwLcs,myopathic,normal
cljr6z0uo001h3n6lixdz25qa,9qg-3smwLcs,myopathic,normal
cljr6zqwu001l3n6lc40rmemx,9qg-3smwLcs,myopathic,normal
cljr70g44001p3n6l08md7kau,9qg-3smwLcs,myopathic,normal
cljrrkkuv000o3n6ldcm0l99u,51O3GEnkbuY,exercise,normal
cljrrmdtk000y3n6l6l2e00j6,67bkNin-XDo,exercise,normal
cljs4zb32006g3n6lllbx3wh4,a8tGMhZo69Q,exercise,normal
cljs507qx006k3n6l0raraiqg,a8tGMhZo69Q,exercise,normal
cljs513ok006o3n6l9oapxupv,a8tGMhZo69Q,exercise,normal
cljs51wg8006s3n6la5snnj9g,a8tGMhZo69Q,exercise,normal
cljs53720006w3n6l6xfz7cv6,a8tGMhZo69Q,exercise,normal
cljs541cf00703n6l8gjj1v6r,a8tGMhZo69Q,exercise,normal
cljvw0vgp000i3n6lf0ykyacv,42Nu-u7LRJE,abnormal,normal
cljvw26w6000m3n6l6z38a9xm,42Nu-u7LRJE,abnormal,normal
cljvw2pll000q3n6ljsxpln23,42Nu-u7LRJE,abnormal,normal
cljvw3sad000u3n6lb57uns3y,42Nu-u7LRJE,abnormal,myopathic
cljvw49xy000y3n6lgej0434g,42Nu-u7LRJE,abnormal,myopathic
cljvw53pm00113n6l61zxh9f3,42Nu-u7LRJE,abnormal,myopathic
cljvw6qaf00193n6lxyocxz4f,74oid6mPMtM,exercise,normal
cljvw7sat001d3n6lyhlwbluy,74oid6mPMtM,exercise,normal
cljvw8q00001h3n6lpt6wb3mz,74oid6mPMtM,exercise,normal
cljvwa0xv001l3n6ljqjllmr7,74oid6mPMtM,exercise,normal
cljvwb1h6001p3n6l138k9qo4,338R10fA_wU,cerebral palsy,normal
cljvwd8v1001x3n6l4kctzozr,338R10fA_wU,cerebral palsy,normal
cljvwe0ky00213n6l7qczieno,338R10fA_wU,cerebral palsy,normal
cljvwev0l00253n6l9z4c0e64,338R10fA_wU,cerebral palsy,normal
cljvwg5ec002d3n6l2md9azmd,338R10fA_wU,cerebral palsy,normal
cljvwh32z002h3n6lqbpciciy,338R10fA_wU,cerebral palsy,normal
cljvwi48w002l3n6l60p46q08,338R10fA_wU,cerebral palsy,normal
cljvwkifk002x3n6l7jeh6adi,338R10fA_wU,cerebral palsy,normal
cljvwngzn00373n6l5ma7hfra,AKa5EkK1Pl0,abnormal,normal
cljvx26e4003q3n6lkx7aqcme,as0e_s4LMKE,exercise,normal
cljvx44jt003v3n6lgox22f0q,AWS_zIFfGTg,abnormal,normal
cljvx4wos003z3n6l6bdtpbfj,AWS_zIFfGTg,abnormal,normal
cljvx5r6q00433n6l9t84rm4c,AWS_zIFfGTg,abnormal,style
cljvx6sap00473n6la59xatps,AWS_zIFfGTg,abnormal,normal
cljvx7axd004b3n6lftkobhxs,AWS_zIFfGTg,abnormal,style
cljvx8zo5004j3n6l09nz7rpt,AWS_zIFfGTg,abnormal,normal
cljvxbmbq004v3n6lz5ou4j62,AWS_zIFfGTg,abnormal,style
cljvxcwbz004z3n6lmavy9xwl,AWS_zIFfGTg,abnormal,style
cljvxflwd00573n6lpn9dt7mc,AWS_zIFfGTg,abnormal,normal
cljvxhzpm005f3n6lup499agk,AWS_zIFfGTg,abnormal,normal
cljvxijr4005i3n6l51ll5c0g,AWS_zIFfGTg,abnormal,normal
cljvxjkga005m3n6llroca6j3,AWS_zIFfGTg,abnormal,normal
cljvxkgf9005q3n6ls1lts5ug,AWS_zIFfGTg,abnormal,normal
cljw43jb900123n6lewjt9vqg,B3ohGeUR0XY,exercise,normal
cljw448vx00163n6lhm5vmfhm,B3ohGeUR0XY,exercise,normal
cljw47neo001o3n6ll8fh5krg,b7VSPvw4FvE,exercise,normal
cljw488gl001t3n6l5ogfho3h,b46xmMgdtnY,abnormal,style
cljw48sqo001x3n6lui1j6arn,b46xmMgdtnY,abnormal,normal
cljw498vp00213n6lke1u98jj,b46xmMgdtnY,abnormal,style
cljw614kh002n3n6l98x3nnr6,bmi1hYOnTHs,parkinsons,normal
cljw61mqp002r3n6ly9axf1b2,bmi1hYOnTHs,parkinsons,normal
cljw6392x002v3n6l2cmbbtj8,bmi1hYOnTHs,parkinsons,normal
cljw66tru00363n6lul1gvz3v,bmi1hYOnTHs,parkinsons,normal
cljw69f3h003a3n6lk2qd3f08,bmi1hYOnTHs,parkinsons,normal
cljw6a6on003e3n6l34f95ehd,bmi1hYOnTHs,parkinsons,normal
cljw6e97y00083n6lopyf3zqt,By95MlAGTjE,abnormal,normal
cljw6f07a000c3n6l2ayhqj3o,By95MlAGTjE,abnormal,abnormal
cljw6gacy000g3n6lot0jsum0,By95MlAGTjE,abnormal,style
cljw6hu10000o3n6l4cmx3ypi,By95MlAGTjE,abnormal,style
cljw6ilc7000s3n6l6iyc9ju4,By95MlAGTjE,abnormal,abnormal
cljw6n7mg00173n6lnk3lmru5,cAETIJSUobY,exercise,normal
cljw6nqn7001b3n6liypqmvgj,cAETIJSUobY,exercise,style
cljw6om0e001f3n6l395dmbg4,cAETIJSUobY,exercise,normal
cljw6phvc001k3n6l65kgd53c,cegLAYxNO1E,exercise,normal
cljw6qeiv001o3n6lo9dcmmeg,cegLAYxNO1E,exercise,normal
cljw6zrh800353n6l76psqelc,cqbQi5BTsSw,abnormal,normal
cljw70c2t00393n6l8ou5prmf,cqbQi5BTsSw,abnormal,normal
cljw7257w003h3n6lgnsitrvd,cqbQi5BTsSw,abnormal,normal
cljw74mqw003u3n6lmj3h1v6x,CrToYDUN89A,abnormal,normal
cljw7orya006s3n6lopenf75e,dxRMtNtjwCc,parkinsons,normal
cljw7pk60006w3n6lud1dvft9,dxRMtNtjwCc,parkinsons,normal
cljw7q1kn00703n6lo6plljo9,dxRMtNtjwCc,parkinsons,normal
cljwbcjvq00043n6lllxhr535,EjPUpKUbZSg,abnormal,normal
cljwcp4ds00233n6lr9hvtf73,FoWTST-lrZw,exercise,normal
cljwcx6nj00043n6l90obz35w,F-T39hlQ6i0,exercise,normal
cljwcxjlo00083n6lkqia9zx0,F-T39hlQ6i0,exercise,normal
cljwd0g2x000m3n6lgzb8jcwo,FtpcgPPcySk,abnormal,myopathic
cljwd2k4l000y3n6lp5jngk5e,FtpcgPPcySk,abnormal,abnormal
cljwd6kxa001i3n6lm1mk8bg8,gBvMHns6N90,abnormal,abnormal
cljwd7wey001q3n6lgwlba49x,gBvMHns6N90,abnormal,abnormal
cljwd8jby001u3n6lizluv10f,gBvMHns6N90,abnormal,normal
cljwd92y7001y3n6lz7l3kpb7,gBvMHns6N90,abnormal,normal
cljwno0m600043n6lq54umusu,-oJM2wUUjws,parkinsons,normal
cljwnp5ai000c3n6lqhuqij08,-oJM2wUUjws,parkinsons,normal
cljwnqgpo000h3n6ljjl2gyh2,ONUjYikzmNE,exercise,normal
cljwr9rrl00163n6lt054x4sf,lkr-EBeDC3I,myopathic,normal
cljwraiju001a3n6l55k44i9k,lkr-EBeDC3I,myopathic,normal
cljwrbegv001e3n6l2d7a3018,lkr-EBeDC3I,myopathic,normal
cljwrcrjm001n3n6lpfcn7b9t,lSXuxyrywwY,abnormal,normal
cljwrdzna001r3n6l0rabjj56,lSXuxyrywwY,abnormal,normal
cljwreup5001v3n6lv1gnmnpu,lSXuxyrywwY,abnormal,normal
cljwrtedu00413n6lty9mdlvq,MTNB0MOO_yk,exercise,normal
cljwrw6js004g3n6lnv6bbczy,nB1nLMza88I,exercise,normal
cljwrxi03004k3n6ltnmu15ks,nB1nLMza88I,exercise,normal
cljwrxvse004o3n6l8gzn0koh,nB1nLMza88I,exercise,normal
cljwsawxw000h3n6lxtnmrtll,RnGsGqxJS-8,abnormal,normal
cljwse3x0000t3n6l8umadcwn,sBQsjPibYnQ,abnormal,normal
cljwsgzl400173n6l1o4umk7l,SG_2SlYRERQ,exercise,normal
cljwshr10001c3n6ln1kkpqs6,SiYe89_WaTQ,cerebral palsy,normal
cljwsiehw001g3n6lmr006lhr,SiYe89_WaTQ,cerebral palsy,normal
cljwsj29l001k3n6l8938wrtc,SiYe89_WaTQ,cerebral palsy,normal
cljwsjpbp001o3n6ln3z2vtfk,SiYe89_WaTQ,cerebral palsy,normal
cljwslbss001w3n6lr5pf4t4k,SiYe89_WaTQ,cerebral palsy,normal
cljwsrf6f00043n6lyvybiqah,v1SoZ_S31pk,parkinsons,abnormal
cljwsuzo5000i3n6l6fh04vn2,vRur-M5U4Q0,abnormal,normal
cljwsw2aj000n3n6l8leupj5h,vUM4OwTQk34,normal,normal
cljwswmbz000r3n6lijh3r47s,vUM4OwTQk34,normal,normal
cljwswza1000v3n6lfl03wwes,vUM4OwTQk34,normal,normal
cljwsxudc000z3n6l8eoon4wq,vUM4OwTQk34,normal,normal
cljwsyscb00133n6lj5h5v9v1,vUM4OwTQk34,normal,normal
cljwszgu800183n6lv2aev7fd,vUM4OwTQk34,normal,normal
cljwszxbr001c3n6lb5como0l,vUM4OwTQk34,normal,normal
cljwt17kh001g3n6lhqelrx2w,vUM4OwTQk34,normal,normal
cljwt1mnk001k3n6lsrz5snat,vUM4OwTQk34,normal,normal
cljwt275b001o3n6lx021hys6,vUM4OwTQk34,normal,normal
cljwt2kh6001s3n6lnyzpoe3i,vUM4OwTQk34,normal,normal
cljwta1v800043n6l7tvrpsc5,z9Jzz1849L8,abnormal,normal
cljwtauxc00093n6lcfjk03tn,DfRhvdCiUJk,normal,normal
cljwtchru000e3n6ln81oebjw,diCVwltkV5M,normal,normal
cljwtdtig000m3n6l1wnao0fx,diCVwltkV5M,normal,style
cljxgtshi00093n6lozooumt1,gp4H7Z2Vvn0,normal,normal
cljxgugiu000d3n6l1ieoxyk9,gp4H7Z2Vvn0,normal,normal
cljxgw12o000o3n6lm1k3e342,gp4H7Z2Vvn0,normal,normal
cljxgwqfa000s3n6lpfzakjof,gp4H7Z2Vvn0,normal,normal
cljxgxq03000w3n6lpsp4cgc9,gp4H7Z2Vvn0,normal,normal
cljxh0rcs00103n6lwtbna364,gp4H7Z2Vvn0,normal,normal
cljxh19il00143n6lcoxgwtoj,gp4H7Z2Vvn0,normal,normal
cljxh25bj00183n6lp4ev8gns,gp4H7Z2Vvn0,normal,normal
cljxh303i001c3n6lznalpt42,gp4H7Z2Vvn0,normal,normal
cljxjogr100083n6ldltplryd,ucZdenbi65k,normal,normal
cljxjpb7z000d3n6lpmxhbqau,VL0AOiZt_lg,normal,abnormal
cljxjq1v8000h3n6ljow5w2g6,VL0AOiZt_lg,normal,abnormal
cljxjqo0e000l3n6lzw4fbzvx,VL0AOiZt_lg,normal,style
cljxjrak3000p3n6lpocul02a,VL0AOiZt_lg,normal,style
cljxjsfhr000t3n6l1t0t0i5v,VL0AOiZt_lg,normal,style
cljxjsxio000x3n6ldkxm7gs4,VL0AOiZt_lg,normal,normal
cljxjv25j001a3n6lw4iv9fwe,WpARylM4UYU,normal,normal
cljxktaru002w3n6lb8hll80p,zDC7pKfK_iQ,abnormal,normal
cljxlnjav001x3n6l5nn2uken,zRRKEuSzieM,abnormal,normal
cljxlohpd00223n6l1ev4lh2f,zuPI5BA8mQ8,exercise,normal
cljxloy3800263n6lyoi0r1ft,zuPI5BA8mQ8,exercise,normal
cljxlptaq002b3n6l5ppph0z3,yFBy0X0D-w8,normal,normal
cljxlqqqm002g3n6lc2tgfix6,_-Ubl8iD2B0,normal,normal
cljxlrov1002l3n6lpdcu0j0p,-0wbleNgAwg,normal,normal
cljxlsc97002p3n6ldn9pbuxt,-0wbleNgAwg,normal,normal
cljxlsxdl002t3n6l0re2d2cy,-0wbleNgAwg,normal,normal
cljxltgmi002x3n6luf6r5xa4,-0wbleNgAwg,normal,exercise
cljxlu1ql00313n6lqtuw77ji,-0wbleNgAwg,normal,normal
cljxlunqd00353n6lhitle9h1,-0wbleNgAwg,normal,normal
clk6kbxrx000c3n6lnxcdhw1x,dGSMgtCmk-A,exercise,normal
clk6kdbvm000g3n6ln30mqzw6,dGSMgtCmk-A,exercise,normal
clk6kqt7000163n6liyzaaif6,ErkLnvUHQuc,abnormal,normal
clk6krh1l001a3n6le4octg6x,ErkLnvUHQuc,abnormal,normal
clk6ks8hy001e3n6labhtzxzt,ErkLnvUHQuc,abnormal,normal
clk6ksjhi001i3n6la1jkwelz,ErkLnvUHQuc,abnormal,normal
clk6ksvq7001l3n6lh5doclng,ErkLnvUHQuc,abnormal,normal
clk6ktoi4001o3n6l2m6oag7i,ErkLnvUHQuc,abnormal,normal
clk6ky7b5001z3n6l2xsvs2z2,esn4r6L-rhQ,exercise,normal
clk6kym3f00233n6lkpm2dxnq,esn4r6L-rhQ,exercise,normal
clk6li116004p3n6lxwvkwmoh,fGY7PMK3cVU,exercise,normal
clk6lmg90004w3n6l0o506aay,fGY7PMK3cVU,exercise,style
clk7v3gtf000v3n6la00c8eue,MN4vnaNwIsA,normal,normal
clk7v612u00133n6ldrkdfi7n,MN4vnaNwIsA,normal,normal
clk7v783700173n6l6ng8xiqw,MN4vnaNwIsA,normal,normal
clk7v85pj001b3n6lhmu8dk9m,MN4vnaNwIsA,normal,normal
clk7v95jh001f3n6lh0f2hs6i,MN4vnaNwIsA,normal,normal
clk7va03r001j3n6l2elaj4na,MN4vnaNwIsA,normal,normal
clk7vhaux002j3n6lnpdit5wa,MN4vnaNwIsA,normal,normal
clk7vifr9002o3n6lofjqr29e,MN4vnaNwIsA,normal,normal
clk7vl6yu00313n6lknetd6da,n-O8dHyYIF0,normal,normal
clk7vphu3003f3n6l7q6xnzl8,nXuJIs25z1U,normal,normal
clk7vs979003r3n6l21728wxc,nXuJIs25z1U,normal,normal
clk7vuicr00413n6l97p3b0gj,PAeh4qBwsUk,normal,normal
clk7vv77k00453n6lht826fk9,PAeh4qBwsUk,normal,normal
clk7wi2pt00663n6lc98qnzvz,VDv7QEcoRGg,exercise,normal
clk7wilpu006a3n6lly2g44il,VDv7QEcoRGg,exercise,normal
clk7wj19b006e3n6lrt6z46hn,VDv7QEcoRGg,exercise,normal
clk7wqyig007i3n6lkie1ez3m,VrgGp38yJhg,exercise,normal
clk7wr95s007m3n6lclomc8ru,VrgGp38yJhg,exercise,style
cll167h5e001i3o6l5mpbhm7y,diCVwltkV5M,normal,normal
cll168a55001o3o6lwsqxz5b4,diCVwltkV5M,normal,normal
cll16mmxj004a3o6lims8zdjc,EHymg4AGMJs,normal,normal
cll16nhyo004i3o6lhic41bhi,EHymg4AGMJs,normal,normal
cll1sv6l6000o3o6lnedidemq,t1IkEAkBSz4,parkinsons,normal
cll1svwwf000u3o6l1ek6dzq5,t1IkEAkBSz4,parkinsons,normal
cll1sweuf00103o6lbl3xk82g,t1IkEAkBSz4,parkinsons,normal
cll1swzih00163o6lxkyk0n6i,t1IkEAkBSz4,parkinsons,normal
cll1sz60600053o6lewgeftg3,T8NGOdOMtZ4,abnormal,normal
cll1t00hj000b3o6ltvcr8m0l,T8NGOdOMtZ4,abnormal,normal
cll1t1y56000n3o6l0erm0qfo,T8NGOdOMtZ4,abnormal,normal
cll1tbuth00053o6lx6ohlub5,b0KrA_96Ks0,parkinsons,abnormal
cll1tcctq00093o6l30ew8fz2,b0KrA_96Ks0,parkinsons,abnormal
cll1tfz0t000e3o6l6ypxvap2,FwJlEV6M1hk,abnormal,normal
cll1tggon000i3o6lpdnpztyg,FwJlEV6M1hk,abnormal,normal
cll1thi3n000q3o6lnr0j6u0f,FwJlEV6M1hk,abnormal,normal
cll1tkcu900133o6lebvnmt2x,G5iGtnC06YU,abnormal,style
cll1tl72s00183o6lidwjpm4l,G6QVztrW93k,exercise,normal
cll1tlpxj001c3o6lkqkvvqhq,G6QVztrW93k,exercise,normal
cll1tmroq001h3o6loxlzrj86,gBvMHns6N90,abnormal,myopathic
cll1tpvdm001v3o6lpqzlnorv,GJCHyOxnPIU,abnormal,myopathic
cll1tqcty001z3o6lieri2lsg,GJCHyOxnPIU,abnormal,myopathic
cll1tvded002o3o6lqnb31xmm,gRSNMxt9ZmM,abnormal,normal
cll44833z000j3o6lwxof7566,Ha9LKXZfWBQ,myopathic,myopathic
cll4494ux000n3o6lyqr7dx4l,Ha9LKXZfWBQ,myopathic,normal
cll449lal000t3o6lv4pja4l7,Ha9LKXZfWBQ,myopathic,normal
cll44a69n000z3o6l8p6gooxx,Ha9LKXZfWBQ,myopathic,normal
cll44ar0q00153o6luv35dhl0,Ha9LKXZfWBQ,myopathic,myopathic
cll44balt00193o6lbzpyxlqq,Ha9LKXZfWBQ,myopathic,normal
cll44bzhg001f3o6l7spc508t,Ha9LKXZfWBQ,myopathic,normal
cll44cgt0001l3o6lsn9qb73s,Ha9LKXZfWBQ,myopathic,normal
cll44cxvz001r3o6l42os54zz,Ha9LKXZfWBQ,myopathic,normal
cll44dip4001x3o6l2pa7optw,Ha9LKXZfWBQ,myopathic,normal
cll44e48l00233o6lu0msccp4,Ha9LKXZfWBQ,myopathic,normal
cll45wx9r00c93o6ls8i3p388,h2d2sPwD_mU,abnormal,normal
cll45xfis00cd3o6l8ljdswtv,h2d2sPwD_mU,abnormal,normal
cll45y7bn00ch3o6lda25s1bw,h2d2sPwD_mU,abnormal,normal
cll45za6600cp3o6l44cswqa9,h2d2sPwD_mU,abnormal,normal
cll45zkrs00ct3o6loe94okf8,h2d2sPwD_mU,abnormal,normal
cll460wqp00d13o6lp5bsf1ku,h2d2sPwD_mU,abnormal,normal
cll4sar1800053o6lrjwfg70j,hnoIST5gg9U,abnormal,normal
cll4sbha700093o6ly9spvstq,hnoIST5gg9U,abnormal,normal
cll4scju3000h3o6ls1eg53cq,hnoIST5gg9U,abnormal,normal
cll4scvxa000k3o6lyevj3yli,hnoIST5gg9U,abnormal,normal
cll4sddkv000o3o6lpm75iyoy,hnoIST5gg9U,abnormal,normal
cll4seb5n000v3o6lwdsjtqzy,hnoIST5gg9U,abnormal,myopathic
cll74iurd000n3o6l11c4d3dr,IdAdpZaTWjU,myopathic,abnormal
cll74jg80000r3o6liy3ptuv8,IdAdpZaTWjU,myopathic,normal
cll74k2q6000v3o6lkwwid8uy,IdAdpZaTWjU,myopathic,normal
cll74kndy000z3o6libp3z895,IdAdpZaTWjU,myopathic,normal
cll74l1t600133o6l0y8ernl6,IdAdpZaTWjU,myopathic,normal
cll74lhf600173o6l1j74wi5e,IdAdpZaTWjU,myopathic,normal
cll74m03k001b3o6lxpj0gss4,IdAdpZaTWjU,myopathic,normal
cll74mw1p001g3o6lmzp645v9,idpMyfZB8NY,myopathic,normal
cll74njy2001k3o6ls5l7mt08,idpMyfZB8NY,myopathic,normal
cll74nx98001o3o6lkdlyjqkj,idpMyfZB8NY,myopathic,normal
cll74oaue001s3o6lokpt6r3r,idpMyfZB8NY,myopathic,normal
cll74opgk001w3o6lpjvqslkk,idpMyfZB8NY,myopathic,normal
cll74pdep00203o6l8m5f1a7p,idpMyfZB8NY,myopathic,normal
cll74psft00243o6lzpm59k27,idpMyfZB8NY,myopathic,normal
cll74q59g00283o6lp8wjejom,idpMyfZB8NY,myopathic,normal
cll74qs2e002c3o6l88xwhcsc,idpMyfZB8NY,myopathic,normal
cll74r665002g3o6leghjiw3d,idpMyfZB8NY,myopathic,normal
cll74rnnc002k3o6lgyr24huh,idpMyfZB8NY,myopathic,normal
cll74s21j002o3o6lee0bhajg,idpMyfZB8NY,myopathic,normal
cll74sxdi002s3o6ljm7imxsb,idpMyfZB8NY,myopathic,normal
cll74tkf6002w3o6lgyark0c3,idpMyfZB8NY,myopathic,normal
cll74u7cs00303o6lf02y81t8,idpMyfZB8NY,myopathic,normal
cll7ar7am00053o6l5o5l0gu5,IHCwsRk2qmg,exercise,normal
cll7arq7a00093o6l16i63dz7,IHCwsRk2qmg,exercise,normal
cll7as4yq000d3o6l9o4h2ozb,IHCwsRk2qmg,exercise,normal
cll7bb07a00293o6lln0i08hu,J3mY4-IMp9o,exercise,normal
cll7bdq38002l3o6l1q2ph1uc,jGMjBt41I7g,abnormal,normal
cll7bec6c002p3o6lddbs22oo,jGMjBt41I7g,abnormal,normal
cll7bfkl4002u3o6l8hbja1yl,JGXs0fVXl8E,exercise,normal
cll7bgdaa002y3o6l35uuu3cn,JGXs0fVXl8E,exercise,normal
cll7bh2lv00333o6l66gqcyq3,JRS8q8Ri8Jo,abnormal,myopathic
cll7bhnmu00373o6lsa7y9j51,JRS8q8Ri8Jo,abnormal,myopathic
cll7nivjk00043o6llmtvg69b,JRS8q8Ri8Jo,abnormal,myopathic
cll7nkrfb00093o6l6bba9hwo,JUMhhwFANKE,parkinsons,normal
cll7nljgk000d3o6l3psndypi,JUMhhwFANKE,parkinsons,normal
cll7nqash00123o6l6sft78cp,jz1pkRCC-7Q,abnormal,normal
cll7nro3u001a3o6l0ddx81ph,jz1pkRCC-7Q,abnormal,normal
cll7ntwcy001j3o6l58p3y3fx,jzJIpY6vRLo,myopathic,normal
cll7nuif7001n3o6ltux62vsz,jzJIpY6vRLo,myopathic,normal
cll7nuzfe001r3o6lzh1nyjnq,jzJIpY6vRLo,myopathic,normal
cll7nvnpk001v3o6l6i9yqdbg,jzJIpY6vRLo,myopathic,normal
cll7nz8sk00213o6lvx7830ce,k_u1odxxsWY,abnormal,normal
cll7nzrgj00253o6lf04usvqf,k_u1odxxsWY,abnormal,normal
cll7o1528002d3o6lbwomj1bu,k_u1odxxsWY,abnormal,normal
cll7o1pfd002h3o6lslcoqnba,k_u1odxxsWY,abnormal,normal
cll7o3c6p002p3o6ldijxknj2,k_u1odxxsWY,abnormal,normal
cll7o3rt6002t3o6lhmpnv4pa,k_u1odxxsWY,abnormal,normal
cll7of6ql00393o6l0hjh0o8h,kfy7eAnlFHI,exercise,normal
cll7ofv0l003d3o6lfsogroze,kfy7eAnlFHI,exercise,normal
cll7orenf004z3o6lv1lktjsl,-KQ2pfIsGRw,abnormal,exercise
cll7p17gq005w3o6lqpp7ngr6,kqoUzTyn_k4,myopathic,myopathic
cll7p1o7c00603o6lnxxropze,kqoUzTyn_k4,myopathic,normal
cll7p23kk00643o6le67ff7aj,kqoUzTyn_k4,myopathic,normal
cll7p2ixg00683o6lhbtcct1j,kqoUzTyn_k4,myopathic,normal
cll7p2x3z006c3o6l9gfs03ce,kqoUzTyn_k4,myopathic,normal
cll7p3axj006g3o6lly39n3tl,kqoUzTyn_k4,myopathic,normal
cll7p45l4006l3o6labj32ddr,krm2Fm26S54,abnormal,normal
cll7p4i4x006p3o6l46wg9ley,krm2Fm26S54,abnormal,normal
cll7p4tbq006t3o6lbgfi7uc9,krm2Fm26S54,abnormal,normal
cll7p5cft006x3o6lzxa3l9lx,krm2Fm26S54,abnormal,normal
cll7p5o5700713o6lf77pcwo6,krm2Fm26S54,abnormal,normal
cll7p63zc00753o6lmf6n6p9i,krm2Fm26S54,abnormal,normal
cll7p6iq200793o6lyzrndvi1,krm2Fm26S54,abnormal,normal
cll7p6z61007d3o6l15kfwloq,krm2Fm26S54,abnormal,normal
cll7p882j00053o6lf14c7el3,KtFmOS-QVIc,abnormal,normal
cll7pdpya000q3o6ljqewymao,L-41u-0tsFo,abnormal,normal
cll7pe1vf000u3o6l4kz90gxi,L-41u-0tsFo,abnormal,normal
cll7pesk200123o6lfl30fyxl,L-41u-0tsFo,abnormal,normal
cll7pg92t00173o6ll4zeix6p,LIF-guVFEt0,myopathic,abnormal
cll7pgnnw001b3o6l6dj7pz87,LIF-guVFEt0,myopathic,normal
cll7phgq7001f3o6lhvyp3qkx,LIF-guVFEt0,myopathic,normal
cll7phxi9001j3o6l45fcb97i,LIF-guVFEt0,myopathic,normal
cll7pipui001n3o6lnqji6t09,LIF-guVFEt0,myopathic,normal
cll7pj6z0001r3o6lonkwy0ou,LIF-guVFEt0,myopathic,normal
cll7pk4bv001v3o6l4rvsbn9u,LIF-guVFEt0,myopathic,normal
cll7pkihc001z3o6l2k2myogc,LIF-guVFEt0,myopathic,normal
cll7pkx8m00233o6l364wm6k4,LIF-guVFEt0,myopathic,normal
cll7plefm00273o6lrluiavsv,LIF-guVFEt0,myopathic,normal
cll7pluwd002b3o6lktk9yfpv,LIF-guVFEt0,myopathic,normal
cll7pm826002f3o6lp5tm9v27,LIF-guVFEt0,myopathic,normal
cll7pmkwd002j3o6l8zgf0gll,LIF-guVFEt0,myopathic,normal
cll7pmvht002n3o6lwh3pr199,LIF-guVFEt0,myopathic,normal
cll7pn8hj002r3o6lgw1isap7,LIF-guVFEt0,myopathic,normal
cll7pnxg4002v3o6lpixzcc64,LIF-guVFEt0,myopathic,normal
cll7pofeu002z3o6l476wbj4v,LIF-guVFEt0,myopathic,normal
cll7pov8d00333o6l7l4m5nuj,LIF-guVFEt0,myopathic,normal
cll7pp9ze00373o6lbfxzudn0,LIF-guVFEt0,myopathic,normal
cll7ppx1b003b3o6l7e9k5dwc,LIF-guVFEt0,myopathic,normal
cll7pqcwm003f3o6ltfi4x1ti,LIF-guVFEt0,myopathic,normal
cll7psrig003q3o6lqzf1eqde,Lm44SFUFcag,exercise,normal
cll7pumim00413o6lxq82nwrf,m_3L5ph8ZUY,exercise,style
cll7pvj2400463o6lfkjwek8x,m_3L5ph8ZUY,exercise,style
cll7qa64b00593o6lrncwg6xx,mjnL8jRppxg,exercise,normal
cll7qcz84005l3o6l0u2rjgr3,mMNFxYLGsBg,exercise,normal
cll7qdokm005p3o6l1i7orqpa,mMNFxYLGsBg,exercise,normal
cll7qekvj005t3o6ln160mgm7,mMNFxYLGsBg,exercise,normal
cll7qfnma00613o6ly66zt286,mMNFxYLGsBg,exercise,normal
cll7qg66200653o6lt08n89it,mMNFxYLGsBg,exercise,normal
cll7qgtea00693o6l50q3lo00,mMNFxYLGsBg,exercise,normal
cll7qhd3g006d3o6lee9v7nbf,mMNFxYLGsBg,exercise,normal
cll7r1ayz00983o6lyniyjad5,nBE1N5CgLm8,exercise,normal
cll7r2tbm009f3o6ltp97agru,Nd_aPzROpZg,exercise,normal
cll7rem8d00ay3o6l3ytumz1s,ntzzSZW8plk,abnormal,normal
cll7rf3tx00b23o6l6rmg0swu,ntzzSZW8plk,abnormal,normal
cll7rg9nk00ba3o6lblgphdnf,ntzzSZW8plk,abnormal,normal
cll7rgp8y00be3o6lxy3nwceo,ntzzSZW8plk,abnormal,normal
cll7rh5l100bi3o6lsl6a0l14,ntzzSZW8plk,abnormal,normal
cll7riaoo00bq3o6ljjm9tgdk,ntzzSZW8plk,abnormal,normal
cll8e6qmr00063o6lwy5xaa06,O1QibgYaKbY,abnormal,normal
cll8e7fwo000a3o6lx7vbhve7,O1QibgYaKbY,abnormal,normal
cll8e821x000e3o6l1a9bjetz,O1QibgYaKbY,abnormal,normal
cll8e93g3000i3o6lxvm2yhd6,O1QibgYaKbY,abnormal,normal
cll8e9sgi000m3o6lveq1w2fr,O1QibgYaKbY,abnormal,myopathic
cll8eahs6000q3o6lzemkbi27,O1QibgYaKbY,abnormal,myopathic
cll8ebce5000u3o6lj55n38oe,O1QibgYaKbY,abnormal,normal
cll8ee0we00143o6lutcc0bu3,oGXAmLs3ODY,exercise,normal
cll8el32600273o6lv1oz0vub,OPkJnoYkhPA,abnormal,abnormal
cll8elvuh002b3o6llun2czxc,OPkJnoYkhPA,abnormal,normal
cll8evi6b003a3o6l1yx635i2,OPkJnoYkhPA,abnormal,normal
cll8eyoab003q3o6lje0rebim,OPkJnoYkhPA,abnormal,abnormal
cll8f521600423o6lve8akyfs,OPkJnoYkhPA,abnormal,normal
cll8fg7sv005l3o6le13nrlr6,PTAHfDyI9vo,abnormal,normal
cll8gb2f0002s3o6la9w211ms,QdR_EJ8jKCE,exercise,normal
cll8gdntt00353o6l94nu8a89,qeG-H6lnlL4,abnormal,normal
cll8gk6by003t3o6lapad7tff,qPPMaJBESY0,exercise,normal
cll8gkpjk003x3o6lj30cbt8l,qPPMaJBESY0,exercise,normal
cll8gltqn00463o6l6wniyefr,qqrlMCktWIo,exercise,normal
cll8gpm34004h3o6lj5wimhnb,qVfnxAlL6d0,myopathic,myopathic
cll8gq7i7004l3o6lby0zk8l9,qVfnxAlL6d0,myopathic,myopathic
cll8h0akb00683o6ls74ez7x9,R8LRCiTvUz8,myopathic,abnormal
cll8h0wn0006c3o6laag88cor,R8LRCiTvUz8,myopathic,normal
cll8h1d5f006g3o6lhytfdu5d,R8LRCiTvUz8,myopathic,normal
cll8h1zss006k3o6lophvktm7,R8LRCiTvUz8,myopathic,normal
cll8h2imm006o3o6lrk0orfvc,R8LRCiTvUz8,myopathic,normal
cll8h2yit006s3o6l0megfvr0,R8LRCiTvUz8,myopathic,normal
cll8h3m1d006w3o6l16evhm2z,R8LRCiTvUz8,myopathic,normal
cll8ht6s600703o6lxkz5kl10,R8LRCiTvUz8,myopathic,normal
cll8hu4qq00743o6l9abmzbfu,R8LRCiTvUz8,myopathic,normal
cll8huk7100783o6la7heoyxn,R8LRCiTvUz8,myopathic,normal
cll8hv4lm007c3o6l3u0iruij,R8LRCiTvUz8,myopathic,normal
cll8hvnj0007g3o6l26dqegsl,R8LRCiTvUz8,myopathic,normal
cll8hwczx007k3o6l9iqpma0o,R8LRCiTvUz8,myopathic,normal
cll8i0gkd00053o6l4uzo1j7e,Rk7vzPpvQ_E,abnormal,normal
cll8i0rxj00093o6l725vxjzr,Rk7vzPpvQ_E,abnormal,normal
cll8i1ry6000h3o6lro9qix4i,Rk7vzPpvQ_E,abnormal,normal
cll8i28ce000l3o6lixho6ri4,Rk7vzPpvQ_E,abnormal,normal
cll8i2l3w000p3o6l8vxxvet5,Rk7vzPpvQ_E,abnormal,normal
cll8i2wa6000t3o6l1lq6m3k1,Rk7vzPpvQ_E,abnormal,normal
cll8i3cyg000x3o6l2tosywms,Rk7vzPpvQ_E,abnormal,normal
cll8i48z500123o6labtj33qq,rKS2yeoub6s,exercise,exercise
cll8i4y5000163o6lrkj1m6h7,rKS2yeoub6s,exercise,exercise
cll8jbufk003o3o6lbdlhq55p,RTov2oYJfyo,exercise,normal
cll8jctrz003s3o6lrq9j7upl,RTov2oYJfyo,exercise,normal
cll8jdnzy003w3o6lvkbd1iiq,RTov2oYJfyo,exercise,normal
cll8je3cl00403o6lem0c5jxl,RTov2oYJfyo,exercise,normal
cll8jeiqh00443o6le0d9gijv,RTov2oYJfyo,exercise,normal
cll8kx8ia008p3o6l5gkgknlv,Rz7V1i8kYGU,myopathic,normal
cll8kxq55008t3o6lg6kdl7lw,Rz7V1i8kYGU,myopathic,normal
cll8ky6ov008x3o6l7axg5yhe,Rz7V1i8kYGU,myopathic,normal
cll8y079o000n3o6l3vep725g,SUmgeoM5tWQ,abnormal,normal
cll8y0q36000r3o6ljimeybn1,SUmgeoM5tWQ,abnormal,normal
cll8y32yb00153o6lll6uq3r4,-swSVo8-i4I,exercise,normal
cll8y3gpc00193o6lk70shwvu,-swSVo8-i4I,exercise,normal
cll8y553i001k3o6lqko1gnwa,SxlhJQ4_PMY,exercise,normal
cll8y63s3001o3o6l1iuxw0qg,SxlhJQ4_PMY,exercise,normal
cll8y6s9i001s3o6lc0zvi1j4,SxlhJQ4_PMY,exercise,normal
cll8y8es9001x3o6l3mcv4f58,t_-37DIMeG0,myopathic,normal
cll8y8q8500213o6lzgu2vbx6,t_-37DIMeG0,myopathic,normal
cll8y97aw00253o6l8vtn03pu,t_-37DIMeG0,myopathic,normal
cll8y9mwq00293o6l6ub1jwm9,t_-37DIMeG0,myopathic,normal
cll8ya2fg002d3o6ln8rlee1k,t_-37DIMeG0,myopathic,normal
cll8yagvo002h3o6logwq14xn,t_-37DIMeG0,myopathic,normal
cll8yaux6002l3o6l4ox4ttlh,t_-37DIMeG0,myopathic,normal
cll8ybcxb002p3o6l2rlnx6fb,t_-37DIMeG0,myopathic,normal
cll8ybx5d002t3o6ldf5s7yss,t_-37DIMeG0,myopathic,normal
cll8ycctu002x3o6lpkcttnko,t_-37DIMeG0,myopathic,normal
cll8ycy3i00313o6l7c95r6hw,t_-37DIMeG0,myopathic,normal
cll8ydfsl00353o6lsn6rymhc,t_-37DIMeG0,myopathic,normal
cll8ydvhl00393o6l4pn0f0db,t_-37DIMeG0,myopathic,normal
cll8yfox7003f3o6ls5wjgmkn,tB-0oWBuK7A,abnormal,normal
cll8yglwy003m3o6ln0ykr332,tB-0oWBuK7A,abnormal,normal
cll8yh7sd003q3o6lqt5nao7f,tB-0oWBuK7A,abnormal,normal
cll8yhohu003u3o6loak9t1uh,tB-0oWBuK7A,abnormal,normal
cll8yirpz00423o6ltb2zalyj,tB-0oWBuK7A,abnormal,normal
cll8yj3l800453o6lacid5bqv,tB-0oWBuK7A,abnormal,style
cll8yk8or00493o6la302k3ww,tB-0oWBuK7A,abnormal,normal
cll8ykj7v004d3o6lva1anuss,tB-0oWBuK7A,abnormal,normal
cll8ym9ap004q3o6llydjg21d,tB-0oWBuK7A,abnormal,exercise
cll8yq2pj00513o6lkv0grvn9,tB-0oWBuK7A,abnormal,normal
cll8yqmmo00553o6l1mj7ote9,tB-0oWBuK7A,abnormal,normal
cll8yvfp4005t3o6l33zyx8ap,TgkxrrhnvlM,abnormal,normal
cll8yvrje005x3o6lv7fdip49,TgkxrrhnvlM,abnormal,normal
cll8ywl6200653o6lvr3kd8ni,TgkxrrhnvlM,abnormal,normal
cll8ywztu00693o6l3vf6is8g,TgkxrrhnvlM,abnormal,normal
cll8yxw15006h3o6liqintyur,TgkxrrhnvlM,abnormal,normal
cll8z0i67006w3o6l1edfeg5x,TKK1YW1cQKo,abnormal,style
cll8z1h2100703o6lx7kes4i5,TKK1YW1cQKo,abnormal,normal
cll8z5xql007n3o6l052xywc3,TNeeovY4qNU,abnormal,abnormal
cll8z7uqs007z3o6lg1xwihmc,TNeeovY4qNU,abnormal,abnormal
cll8z9hk100883o6l3llduslo,TP9xWreUQYk,exercise,normal
cll9us5dz002t3o6l40csibv8,-us6-5kgu4g,exercise,abnormal
cll9usru4002x3o6lx0n272sp,-us6-5kgu4g,exercise,normal
cll9uuo0600383o6l2qtuk7lz,uV6dPE2sz7k,abnormal,normal
cll9uvanr003c3o6lpzud1lr4,uV6dPE2sz7k,abnormal,normal
cll9uw5d0003k3o6lrqtgjt9a,uV6dPE2sz7k,abnormal,normal
cll9uwjqd003o3o6lcu3t5orv,uV6dPE2sz7k,abnormal,normal
cll9ux9kg003w3o6larf35e2j,uV6dPE2sz7k,abnormal,normal
cll9uxvtz00403o6l7p8awgpk,uV6dPE2sz7k,abnormal,normal
cll9v16uc004c3o6liq2wc2u8,VAicLVgTZNQ,exercise,normal
cll9v1wrv004g3o6ldfsksu23,VAicLVgTZNQ,exercise,normal
cll9v2gym004k3o6lse7pn7tt,VAicLVgTZNQ,exercise,exercise
cll9v88e7005b3o6lsm78vmuo,VDv7QEcoRGg,exercise,normal
cll9v8q89005f3o6loixx36b4,VDv7QEcoRGg,exercise,normal
cll9v9302005j3o6lcgyrlbkp,VDv7QEcoRGg,exercise,normal
cll9vg9un000t3o6ledh37ba2,VrgGp38yJhg,exercise,style
cll9vgqli000x3o6lnyfwj9yf,VrgGp38yJhg,exercise,style
cll9vjtaw00133o6lyz1ucmc4,vUM4OwTQk34,normal,normal
cll9x3gsf007u3o6laeaexzen,W7IZV0m45xA,abnormal,normal
cll9x3zb0007y3o6l9z096i87,W7IZV0m45xA,abnormal,normal
cll9x56vp00863o6labnlv6yt,W7IZV0m45xA,abnormal,normal
cll9xc1np00103o6l7mlj3e43,WLPBz6gAYrY,abnormal,normal
cll9xchd900143o6lj63k8c6r,WLPBz6gAYrY,abnormal,normal
cll9xdfxd001c3o6l6mds2dvp,WLPBz6gAYrY,abnormal,normal
cll9xelef001i3o6lz3xa6hw6,wRntYsztIEY,abnormal,normal
cll9xf4z7001m3o6l1kaimbdt,wRntYsztIEY,abnormal,normal
cll9xwz5r001u3o6lp3khnj7q,wRntYsztIEY,abnormal,normal
cll9xxd7l001y3o6l53bs9rox,wRntYsztIEY,abnormal,normal
cll9xxn1300223o6ld7rnxtls,wRntYsztIEY,abnormal,normal
cll9xy2d900263o6llvx82ob0,wRntYsztIEY,abnormal,normal
cll9xz82s002d3o6l4m4f9oj4,WwFFa-VHz3o,exercise,normal
cll9y063j002i3o6lfk3xgifq,WWS-iOlLsoo,cerebral palsy,normal
cll9y0psg002m3o6lg6c2sd97,WWS-iOlLsoo,cerebral palsy,normal
cll9y3j53002u3o6ldv6062um,XDC4tTuZvRk,exercise,normal
cll9y4lev00303o6lah01qglm,xhX66Sz7vec,exercise,normal
cllam0u6900053o6ls6ps8z9c,YDuAE9ta-ck,exercise,normal
cllam232500093o6l726e7cf4,YDuAE9ta-ck,exercise,normal
cllam6iz2000n3o6l64srxfcp,yIRxcmKJnAY,abnormal,normal
cllam6wcv000r3o6lq0gebr35,yIRxcmKJnAY,abnormal,normal
cllam7kno000v3o6lzb3jexu6,yIRxcmKJnAY,abnormal,normal
cllam7xgc000z3o6lwanrl4ie,yIRxcmKJnAY,abnormal,normal
cllam8frg00133o6l16jpk53x,yIRxcmKJnAY,abnormal,normal
cllam8www00173o6l4nf6u36a,yIRxcmKJnAY,abnormal,normal
cllam9ewb001b3o6liwz90gsq,yIRxcmKJnAY,abnormal,normal
cllam9w82001f3o6lb3j1vm9l,yIRxcmKJnAY,abnormal,normal
cllama9uj001j3o6lk9zjv9vx,yIRxcmKJnAY,abnormal,normal
cllami1j5002o3o6lds4184l6,YQ4N76aCCL8,exercise,normal
cllap9zvq000i3o6lwfdbdw03,UHcSAHVQKCs,exercise,normal
cllapanh9000m3o6l7bvi0buh,UHcSAHVQKCs,exercise,normal
cllapbhiq000q3o6lvbqzxdb5,UHcSAHVQKCs,exercise,normal
cllapc5o7000u3o6lijj8asww,UHcSAHVQKCs,exercise,normal
cllbjs73i000x3o6lx7zbihtv,ErkLnvUHQuc,abnormal,normal
cllbjuuah00133o6l8feqshab,ErkLnvUHQuc,abnormal,normal
cllbkxxuf000c3o6l848vr3gz,v1SoZ_S31pk,parkinsons,normal
cllbz3nkx001u3o6lc1n8stel,hSIYGZhRGd4,normal,normal
cllc1x7j3001y3o6l3jo829my,MN4vnaNwIsA,normal,normal
cllc248am002q3o6lx58pvcyp,MN4vnaNwIsA,normal,normal
cllc26p7b002x3o6lmz7e7jh5,MN4vnaNwIsA,normal,normal
cllc295kl00343o6ldnlgsc1i,MN4vnaNwIsA,normal,normal
cllc2b2ja003b3o6lprua1g0l,MN4vnaNwIsA,normal,normal
cllc2gg5z003i3o6l7f4xc4qr,MN4vnaNwIsA,normal,normal
cllc2ioa7003q3o6lns793jmg,MN4vnaNwIsA,normal,normal
cllc2jyqh003u3o6lmte5fdzt,MN4vnaNwIsA,normal,normal
cllc2ljyk00413o6l0hx0vps0,MN4vnaNwIsA,normal,normal
clldfwnnn00153o6l8d3rygky,__CK--Y5I9w,abnormal,normal
clldgy8s700723o6l5i2b6d4e,R8LRCiTvUz8,myopathic,normal
cllep8bfm00093o6lsk0z8oh8,FFki8FtaByw,abnormal,normal
cllepaawp000f3o6licwg9yxt,FFki8FtaByw,abnormal,normal
cllepbkly000l3o6l0iowjhfk,FFki8FtaByw,abnormal,normal
cllepcqcx000r3o6lduq2uact,FFki8FtaByw,abnormal,normal
cllepdv8r000x3o6lqo5x4bvl,FFki8FtaByw,abnormal,normal
cllepefwp00133o6lt28nvaio,FFki8FtaByw,abnormal,normal
cllepfo1p00193o6lvxqto8mm,FFki8FtaByw,abnormal,normal
cllepgmuf001f3o6lms5hhzg1,FFki8FtaByw,abnormal,normal
cllephqq9001m3o6li43x1ynu,FFki8FtaByw,abnormal,normal
cllepj4kb001s3o6le0fhjor3,FFki8FtaByw,abnormal,normal
cllfyfckd00043o6liq5zlwv2,Ha9LKXZfWBQ,myopathic,normal
cllfygkas000a3o6lz5uy81n1,Ha9LKXZfWBQ,myopathic,normal
