seq_id,video_name,video_path,subject_id,type,run,T_raw,T_out,frames_with_people,empty_frames,multi_frames,max_people,total_detections,kept_detections,discarded_detections,discard_ratio,oneperson_skeleton_path
DCM_19_FastWalkData_1_clip,DCM_19_FastWalkData_1_clip.mp4,C:\Users\1nkas-Strix-4090-ll\Desktop\InternVL\.\Gait-videos-clipped\DCM_19_FastWalkData_1_clip.mp4,19,FastWalkData,1,109,109,109,0,1,2,110,109,1,0.009090909,C:\Users\1nkas-Strix-4090-ll\Desktop\InternVL\.\GAVD-HSMR-dcm-oneperson\HSMR-DCM_19_FastWalkData_1_clip.npy
DCM_19_FastWalkData_2_clip,DCM_19_FastWalkData_2_clip.mp4,C:\Users\1nkas-Strix-4090-ll\Desktop\InternVL\.\Gait-videos-clipped\DCM_19_FastWalkData_2_clip.mp4,19,FastWalkData,2,109,109,109,0,1,2,110,109,1,0.009090909,C:\Users\1nkas-Strix-4090-ll\Desktop\InternVL\.\GAVD-HSMR-dcm-oneperson\HSMR-DCM_19_FastWalkData_2_clip.npy
DCM_19_FastWalkData_3_clip,DCM_19_FastWalkData_3_clip.mp4,C:\Users\1nkas-Strix-4090-ll\Desktop\InternVL\.\Gait-videos-clipped\DCM_19_FastWalkData_3_clip.mp4,19,FastWalkData,3,112,112,112,0,0,1,112,112,0,0,C:\Users\1nkas-Strix-4090-ll\Desktop\InternVL\.\GAVD-HSMR-dcm-oneperson\HSMR-DCM_19_FastWalkData_3_clip.npy
DCM_19_FastWalkData_4_clip,DCM_19_FastWalkData_4_clip.mp4,C:\Users\1nkas-Strix-4090-ll\Desktop\InternVL\.\Gait-videos-clipped\DCM_19_FastWalkData_4_clip.mp4,19,FastWalkData,4,113,113,113,0,0,1,113,113,0,0,C:\Users\1nkas-Strix-4090-ll\Desktop\InternVL\.\GAVD-HSMR-dcm-oneperson\HSMR-DCM_19_FastWalkData_4_clip.npy
DCM_19_FastWalkData_5_clip,DCM_19_FastWalkData_5_clip.mp4,C:\Users\1nkas-Strix-4090-ll\Desktop\InternVL\.\Gait-videos-clipped\DCM_19_FastWalkData_5_clip.mp4,19,FastWalkData,5,116,116,116,0,1,2,117,116,1,0.008547009,C:\Users\1nkas-Strix-4090-ll\Desktop\InternVL\.\GAVD-HSMR-dcm-oneperson\HSMR-DCM_19_FastWalkData_5_clip.npy
DCM_19_WalkData_1_clip,DCM_19_WalkData_1_clip.mp4,C:\Users\1nkas-Strix-4090-ll\Desktop\InternVL\.\Gait-videos-clipped\DCM_19_WalkData_1_clip.mp4,19,WalkData,1,209,209,193,16,5,2,198,193,5,0.025252525,C:\Users\1nkas-Strix-4090-ll\Desktop\InternVL\.\GAVD-HSMR-dcm-oneperson\HSMR-DCM_19_WalkData_1_clip.npy
DCM_19_WalkData_2_clip,DCM_19_WalkData_2_clip.mp4,C:\Users\1nkas-Strix-4090-ll\Desktop\InternVL\.\Gait-videos-clipped\DCM_19_WalkData_2_clip.mp4,19,WalkData,2,194,194,178,16,0,1,178,178,0,0,C:\Users\1nkas-Strix-4090-ll\Desktop\InternVL\.\GAVD-HSMR-dcm-oneperson\HSMR-DCM_19_WalkData_2_clip.npy
DCM_19_WalkData_3_clip,DCM_19_WalkData_3_clip.mp4,C:\Users\1nkas-Strix-4090-ll\Desktop\InternVL\.\Gait-videos-clipped\DCM_19_WalkData_3_clip.mp4,19,WalkData,3,164,164,164,0,0,1,164,164,0,0,C:\Users\1nkas-Strix-4090-ll\Desktop\InternVL\.\GAVD-HSMR-dcm-oneperson\HSMR-DCM_19_WalkData_3_clip.npy
DCM_19_WalkData_4_clip,DCM_19_WalkData_4_clip.mp4,C:\Users\1nkas-Strix-4090-ll\Desktop\InternVL\.\Gait-videos-clipped\DCM_19_WalkData_4_clip.mp4,19,WalkData,4,153,153,149,4,1,2,150,149,1,0.006666667,C:\Users\1nkas-Strix-4090-ll\Desktop\InternVL\.\GAVD-HSMR-dcm-oneperson\HSMR-DCM_19_WalkData_4_clip.npy
DCM_19_WalkData_5_clip,DCM_19_WalkData_5_clip.mp4,C:\Users\1nkas-Strix-4090-ll\Desktop\InternVL\.\Gait-videos-clipped\DCM_19_WalkData_5_clip.mp4,19,WalkData,5,141,141,141,0,0,1,141,141,0,0,C:\Users\1nkas-Strix-4090-ll\Desktop\InternVL\.\GAVD-HSMR-dcm-oneperson\HSMR-DCM_19_WalkData_5_clip.npy
DCM_19_WalkData_6_clip,DCM_19_WalkData_6_clip.mp4,C:\Users\1nkas-Strix-4090-ll\Desktop\InternVL\.\Gait-videos-clipped\DCM_19_WalkData_6_clip.mp4,19,WalkData,6,183,183,183,0,61,2,244,183,61,0.25,C:\Users\1nkas-Strix-4090-ll\Desktop\InternVL\.\GAVD-HSMR-dcm-oneperson\HSMR-DCM_19_WalkData_6_clip.npy
DCM_20_FastWalkData_1_clip,DCM_20_FastWalkData_1_clip.mp4,C:\Users\1nkas-Strix-4090-ll\Desktop\InternVL\.\Gait-videos-clipped\DCM_20_FastWalkData_1_clip.mp4,20,FastWalkData,1,80,80,80,0,0,1,80,80,0,0,C:\Users\1nkas-Strix-4090-ll\Desktop\InternVL\.\GAVD-HSMR-dcm-oneperson\HSMR-DCM_20_FastWalkData_1_clip.npy
DCM_20_FastWalkData_2_clip,DCM_20_FastWalkData_2_clip.mp4,C:\Users\1nkas-Strix-4090-ll\Desktop\InternVL\.\Gait-videos-clipped\DCM_20_FastWalkData_2_clip.mp4,20,FastWalkData,2,82,82,82,0,0,1,82,82,0,0,C:\Users\1nkas-Strix-4090-ll\Desktop\InternVL\.\GAVD-HSMR-dcm-oneperson\HSMR-DCM_20_FastWalkData_2_clip.npy
DCM_20_FastWalkData_3_clip,DCM_20_FastWalkData_3_clip.mp4,C:\Users\1nkas-Strix-4090-ll\Desktop\InternVL\.\Gait-videos-clipped\DCM_20_FastWalkData_3_clip.mp4,20,FastWalkData,3,92,92,92,0,0,1,92,92,0,0,C:\Users\1nkas-Strix-4090-ll\Desktop\InternVL\.\GAVD-HSMR-dcm-oneperson\HSMR-DCM_20_FastWalkData_3_clip.npy
DCM_20_FastWalkData_4_clip,DCM_20_FastWalkData_4_clip.mp4,C:\Users\1nkas-Strix-4090-ll\Desktop\InternVL\.\Gait-videos-clipped\DCM_20_FastWalkData_4_clip.mp4,20,FastWalkData,4,92,92,92,0,0,1,92,92,0,0,C:\Users\1nkas-Strix-4090-ll\Desktop\InternVL\.\GAVD-HSMR-dcm-oneperson\HSMR-DCM_20_FastWalkData_4_clip.npy
DCM_20_FastWalkData_5_clip,DCM_20_FastWalkData_5_clip.mp4,C:\Users\1nkas-Strix-4090-ll\Desktop\InternVL\.\Gait-videos-clipped\DCM_20_FastWalkData_5_clip.mp4,20,FastWalkData,5,91,91,91,0,0,1,91,91,0,0,C:\Users\1nkas-Strix-4090-ll\Desktop\InternVL\.\GAVD-HSMR-dcm-oneperson\HSMR-DCM_20_FastWalkData_5_clip.npy
DCM_20_WalkData_1_clip,DCM_20_WalkData_1_clip.mp4,C:\Users\1nkas-Strix-4090-ll\Desktop\InternVL\.\Gait-videos-clipped\DCM_20_WalkData_1_clip.mp4,20,WalkData,1,197,197,195,2,4,2,199,195,4,0.020100503,C:\Users\1nkas-Strix-4090-ll\Desktop\InternVL\.\GAVD-HSMR-dcm-oneperson\HSMR-DCM_20_WalkData_1_clip.npy
DCM_20_WalkData_2_clip,DCM_20_WalkData_2_clip.mp4,C:\Users\1nkas-Strix-4090-ll\Desktop\InternVL\.\Gait-videos-clipped\DCM_20_WalkData_2_clip.mp4,20,WalkData,2,148,148,148,0,0,1,148,148,0,0,C:\Users\1nkas-Strix-4090-ll\Desktop\InternVL\.\GAVD-HSMR-dcm-oneperson\HSMR-DCM_20_WalkData_2_clip.npy
DCM_20_WalkData_3_clip,DCM_20_WalkData_3_clip.mp4,C:\Users\1nkas-Strix-4090-ll\Desktop\InternVL\.\Gait-videos-clipped\DCM_20_WalkData_3_clip.mp4,20,WalkData,3,141,141,141,0,0,1,141,141,0,0,C:\Users\1nkas-Strix-4090-ll\Desktop\InternVL\.\GAVD-HSMR-dcm-oneperson\HSMR-DCM_20_WalkData_3_clip.npy
DCM_20_WalkData_4_clip,DCM_20_WalkData_4_clip.mp4,C:\Users\1nkas-Strix-4090-ll\Desktop\InternVL\.\Gait-videos-clipped\DCM_20_WalkData_4_clip.mp4,20,WalkData,4,119,119,119,0,0,1,119,119,0,0,C:\Users\1nkas-Strix-4090-ll\Desktop\InternVL\.\GAVD-HSMR-dcm-oneperson\HSMR-DCM_20_WalkData_4_clip.npy
DCM_20_WalkData_5_clip,DCM_20_WalkData_5_clip.mp4,C:\Users\1nkas-Strix-4090-ll\Desktop\InternVL\.\Gait-videos-clipped\DCM_20_WalkData_5_clip.mp4,20,WalkData,5,130,130,130,0,1,2,131,130,1,0.007633588,C:\Users\1nkas-Strix-4090-ll\Desktop\InternVL\.\GAVD-HSMR-dcm-oneperson\HSMR-DCM_20_WalkData_5_clip.npy
DCM_21_FastWalkData_1_clip,DCM_21_FastWalkData_1_clip.mp4,C:\Users\1nkas-Strix-4090-ll\Desktop\InternVL\.\Gait-videos-clipped\DCM_21_FastWalkData_1_clip.mp4,21,FastWalkData,1,152,152,152,0,152,2,304,152,152,0.5,C:\Users\1nkas-Strix-4090-ll\Desktop\InternVL\.\GAVD-HSMR-dcm-oneperson\HSMR-DCM_21_FastWalkData_1_clip.npy
DCM_21_FastWalkData_2_clip,DCM_21_FastWalkData_2_clip.mp4,C:\Users\1nkas-Strix-4090-ll\Desktop\InternVL\.\Gait-videos-clipped\DCM_21_FastWalkData_2_clip.mp4,21,FastWalkData,2,111,111,111,0,101,2,212,111,101,0.476415094,C:\Users\1nkas-Strix-4090-ll\Desktop\InternVL\.\GAVD-HSMR-dcm-oneperson\HSMR-DCM_21_FastWalkData_2_clip.npy
DCM_21_FastWalkData_3_clip,DCM_21_FastWalkData_3_clip.mp4,C:\Users\1nkas-Strix-4090-ll\Desktop\InternVL\.\Gait-videos-clipped\DCM_21_FastWalkData_3_clip.mp4,21,FastWalkData,3,105,105,105,0,94,2,199,105,94,0.472361809,C:\Users\1nkas-Strix-4090-ll\Desktop\InternVL\.\GAVD-HSMR-dcm-oneperson\HSMR-DCM_21_FastWalkData_3_clip.npy
DCM_21_FastWalkData_4_clip,DCM_21_FastWalkData_4_clip.mp4,C:\Users\1nkas-Strix-4090-ll\Desktop\InternVL\.\Gait-videos-clipped\DCM_21_FastWalkData_4_clip.mp4,21,FastWalkData,4,151,151,151,0,151,2,302,151,151,0.5,C:\Users\1nkas-Strix-4090-ll\Desktop\InternVL\.\GAVD-HSMR-dcm-oneperson\HSMR-DCM_21_FastWalkData_4_clip.npy
DCM_21_WalkData_1_clip,DCM_21_WalkData_1_clip.mp4,C:\Users\1nkas-Strix-4090-ll\Desktop\InternVL\.\Gait-videos-clipped\DCM_21_WalkData_1_clip.mp4,21,WalkData,1,80,80,79,1,0,1,79,79,0,0,C:\Users\1nkas-Strix-4090-ll\Desktop\InternVL\.\GAVD-HSMR-dcm-oneperson\HSMR-DCM_21_WalkData_1_clip.npy
DCM_21_WalkData_2_clip,DCM_21_WalkData_2_clip.mp4,C:\Users\1nkas-Strix-4090-ll\Desktop\InternVL\.\Gait-videos-clipped\DCM_21_WalkData_2_clip.mp4,21,WalkData,2,144,144,144,0,56,2,200,144,56,0.28,C:\Users\1nkas-Strix-4090-ll\Desktop\InternVL\.\GAVD-HSMR-dcm-oneperson\HSMR-DCM_21_WalkData_2_clip.npy
DCM_21_WalkData_3_clip,DCM_21_WalkData_3_clip.mp4,C:\Users\1nkas-Strix-4090-ll\Desktop\InternVL\.\Gait-videos-clipped\DCM_21_WalkData_3_clip.mp4,21,WalkData,3,198,198,198,0,68,2,266,198,68,0.255639098,C:\Users\1nkas-Strix-4090-ll\Desktop\InternVL\.\GAVD-HSMR-dcm-oneperson\HSMR-DCM_21_WalkData_3_clip.npy
DCM_21_WalkData_4_clip,DCM_21_WalkData_4_clip.mp4,C:\Users\1nkas-Strix-4090-ll\Desktop\InternVL\.\Gait-videos-clipped\DCM_21_WalkData_4_clip.mp4,21,WalkData,4,116,116,116,0,0,1,116,116,0,0,C:\Users\1nkas-Strix-4090-ll\Desktop\InternVL\.\GAVD-HSMR-dcm-oneperson\HSMR-DCM_21_WalkData_4_clip.npy
DCM_21_WalkData_5_clip,DCM_21_WalkData_5_clip.mp4,C:\Users\1nkas-Strix-4090-ll\Desktop\InternVL\.\Gait-videos-clipped\DCM_21_WalkData_5_clip.mp4,21,WalkData,5,151,151,147,4,0,1,147,147,0,0,C:\Users\1nkas-Strix-4090-ll\Desktop\InternVL\.\GAVD-HSMR-dcm-oneperson\HSMR-DCM_21_WalkData_5_clip.npy
DCM_22_FastWalkData_1_clip,DCM_22_FastWalkData_1_clip.mp4,C:\Users\1nkas-Strix-4090-ll\Desktop\InternVL\.\Gait-videos-clipped\DCM_22_FastWalkData_1_clip.mp4,22,FastWalkData,1,478,478,478,0,343,3,822,478,344,0.418491484,C:\Users\1nkas-Strix-4090-ll\Desktop\InternVL\.\GAVD-HSMR-dcm-oneperson\HSMR-DCM_22_FastWalkData_1_clip.npy
DCM_22_FastWalkData_2_clip,DCM_22_FastWalkData_2_clip.mp4,C:\Users\1nkas-Strix-4090-ll\Desktop\InternVL\.\Gait-videos-clipped\DCM_22_FastWalkData_2_clip.mp4,22,FastWalkData,2,612,612,612,0,525,2,1137,612,525,0.461741425,C:\Users\1nkas-Strix-4090-ll\Desktop\InternVL\.\GAVD-HSMR-dcm-oneperson\HSMR-DCM_22_FastWalkData_2_clip.npy
DCM_22_FastWalkData_3_clip,DCM_22_FastWalkData_3_clip.mp4,C:\Users\1nkas-Strix-4090-ll\Desktop\InternVL\.\Gait-videos-clipped\DCM_22_FastWalkData_3_clip.mp4,22,FastWalkData,3,585,585,585,0,540,3,1137,585,552,0.485488127,C:\Users\1nkas-Strix-4090-ll\Desktop\InternVL\.\GAVD-HSMR-dcm-oneperson\HSMR-DCM_22_FastWalkData_3_clip.npy
DCM_22_FastWalkData_4_clip,DCM_22_FastWalkData_4_clip.mp4,C:\Users\1nkas-Strix-4090-ll\Desktop\InternVL\.\Gait-videos-clipped\DCM_22_FastWalkData_4_clip.mp4,22,FastWalkData,4,614,614,614,0,477,3,1092,614,478,0.437728938,C:\Users\1nkas-Strix-4090-ll\Desktop\InternVL\.\GAVD-HSMR-dcm-oneperson\HSMR-DCM_22_FastWalkData_4_clip.npy
DCM_22_FastWalkData_5_clip,DCM_22_FastWalkData_5_clip.mp4,C:\Users\1nkas-Strix-4090-ll\Desktop\InternVL\.\Gait-videos-clipped\DCM_22_FastWalkData_5_clip.mp4,22,FastWalkData,5,562,562,562,0,399,2,961,562,399,0.415192508,C:\Users\1nkas-Strix-4090-ll\Desktop\InternVL\.\GAVD-HSMR-dcm-oneperson\HSMR-DCM_22_FastWalkData_5_clip.npy
DCM_22_WalkData_1_clip,DCM_22_WalkData_1_clip.mp4,C:\Users\1nkas-Strix-4090-ll\Desktop\InternVL\.\Gait-videos-clipped\DCM_22_WalkData_1_clip.mp4,22,WalkData,1,500,500,500,0,0,1,500,500,0,0,C:\Users\1nkas-Strix-4090-ll\Desktop\InternVL\.\GAVD-HSMR-dcm-oneperson\HSMR-DCM_22_WalkData_1_clip.npy
DCM_22_WalkData_2_clip,DCM_22_WalkData_2_clip.mp4,C:\Users\1nkas-Strix-4090-ll\Desktop\InternVL\.\Gait-videos-clipped\DCM_22_WalkData_2_clip.mp4,22,WalkData,2,805,805,805,0,464,2,1269,805,464,0.365642238,C:\Users\1nkas-Strix-4090-ll\Desktop\InternVL\.\GAVD-HSMR-dcm-oneperson\HSMR-DCM_22_WalkData_2_clip.npy
DCM_22_WalkData_3_clip,DCM_22_WalkData_3_clip.mp4,C:\Users\1nkas-Strix-4090-ll\Desktop\InternVL\.\Gait-videos-clipped\DCM_22_WalkData_3_clip.mp4,22,WalkData,3,840,840,840,0,350,2,1190,840,350,0.294117647,C:\Users\1nkas-Strix-4090-ll\Desktop\InternVL\.\GAVD-HSMR-dcm-oneperson\HSMR-DCM_22_WalkData_3_clip.npy
DCM_22_WalkData_4_clip,DCM_22_WalkData_4_clip.mp4,C:\Users\1nkas-Strix-4090-ll\Desktop\InternVL\.\Gait-videos-clipped\DCM_22_WalkData_4_clip.mp4,22,WalkData,4,596,596,596,0,0,1,596,596,0,0,C:\Users\1nkas-Strix-4090-ll\Desktop\InternVL\.\GAVD-HSMR-dcm-oneperson\HSMR-DCM_22_WalkData_4_clip.npy
DCM_22_WalkData_5_clip,DCM_22_WalkData_5_clip.mp4,C:\Users\1nkas-Strix-4090-ll\Desktop\InternVL\.\Gait-videos-clipped\DCM_22_WalkData_5_clip.mp4,22,WalkData,5,630,630,630,0,0,1,630,630,0,0,C:\Users\1nkas-Strix-4090-ll\Desktop\InternVL\.\GAVD-HSMR-dcm-oneperson\HSMR-DCM_22_WalkData_5_clip.npy
DCM_22_WalkData_6_clip,DCM_22_WalkData_6_clip.mp4,C:\Users\1nkas-Strix-4090-ll\Desktop\InternVL\.\Gait-videos-clipped\DCM_22_WalkData_6_clip.mp4,22,WalkData,6,539,539,539,0,5,2,544,539,5,0.009191176,C:\Users\1nkas-Strix-4090-ll\Desktop\InternVL\.\GAVD-HSMR-dcm-oneperson\HSMR-DCM_22_WalkData_6_clip.npy
DCM_25_FastWalkData_1_clip,DCM_25_FastWalkData_1_clip.mp4,C:\Users\1nkas-Strix-4090-ll\Desktop\InternVL\.\Gait-videos-clipped\DCM_25_FastWalkData_1_clip.mp4,25,FastWalkData,1,138,138,138,0,102,3,243,138,105,0.432098765,C:\Users\1nkas-Strix-4090-ll\Desktop\InternVL\.\GAVD-HSMR-dcm-oneperson\HSMR-DCM_25_FastWalkData_1_clip.npy
DCM_25_FastWalkData_2_clip,DCM_25_FastWalkData_2_clip.mp4,C:\Users\1nkas-Strix-4090-ll\Desktop\InternVL\.\Gait-videos-clipped\DCM_25_FastWalkData_2_clip.mp4,25,FastWalkData,2,130,130,130,0,102,3,233,130,103,0.442060086,C:\Users\1nkas-Strix-4090-ll\Desktop\InternVL\.\GAVD-HSMR-dcm-oneperson\HSMR-DCM_25_FastWalkData_2_clip.npy
DCM_25_FastWalkData_3_clip,DCM_25_FastWalkData_3_clip.mp4,C:\Users\1nkas-Strix-4090-ll\Desktop\InternVL\.\Gait-videos-clipped\DCM_25_FastWalkData_3_clip.mp4,25,FastWalkData,3,135,135,135,0,107,2,242,135,107,0.44214876,C:\Users\1nkas-Strix-4090-ll\Desktop\InternVL\.\GAVD-HSMR-dcm-oneperson\HSMR-DCM_25_FastWalkData_3_clip.npy
DCM_25_FastWalkData_4_clip,DCM_25_FastWalkData_4_clip.mp4,C:\Users\1nkas-Strix-4090-ll\Desktop\InternVL\.\Gait-videos-clipped\DCM_25_FastWalkData_4_clip.mp4,25,FastWalkData,4,136,136,136,0,104,3,244,136,108,0.442622951,C:\Users\1nkas-Strix-4090-ll\Desktop\InternVL\.\GAVD-HSMR-dcm-oneperson\HSMR-DCM_25_FastWalkData_4_clip.npy
DCM_25_FastWalkData_5_clip,DCM_25_FastWalkData_5_clip.mp4,C:\Users\1nkas-Strix-4090-ll\Desktop\InternVL\.\Gait-videos-clipped\DCM_25_FastWalkData_5_clip.mp4,25,FastWalkData,5,115,115,115,0,78,3,197,115,82,0.416243655,C:\Users\1nkas-Strix-4090-ll\Desktop\InternVL\.\GAVD-HSMR-dcm-oneperson\HSMR-DCM_25_FastWalkData_5_clip.npy
DCM_25_WalkData_1_clip,DCM_25_WalkData_1_clip.mp4,C:\Users\1nkas-Strix-4090-ll\Desktop\InternVL\.\Gait-videos-clipped\DCM_25_WalkData_1_clip.mp4,25,WalkData,1,261,261,261,0,261,2,522,261,261,0.5,C:\Users\1nkas-Strix-4090-ll\Desktop\InternVL\.\GAVD-HSMR-dcm-oneperson\HSMR-DCM_25_WalkData_1_clip.npy
DCM_25_WalkData_2_clip,DCM_25_WalkData_2_clip.mp4,C:\Users\1nkas-Strix-4090-ll\Desktop\InternVL\.\Gait-videos-clipped\DCM_25_WalkData_2_clip.mp4,25,WalkData,2,205,205,205,0,187,3,393,205,188,0.478371501,C:\Users\1nkas-Strix-4090-ll\Desktop\InternVL\.\GAVD-HSMR-dcm-oneperson\HSMR-DCM_25_WalkData_2_clip.npy
DCM_25_WalkData_3_clip,DCM_25_WalkData_3_clip.mp4,C:\Users\1nkas-Strix-4090-ll\Desktop\InternVL\.\Gait-videos-clipped\DCM_25_WalkData_3_clip.mp4,25,WalkData,3,184,184,184,0,153,3,341,184,157,0.460410557,C:\Users\1nkas-Strix-4090-ll\Desktop\InternVL\.\GAVD-HSMR-dcm-oneperson\HSMR-DCM_25_WalkData_3_clip.npy
DCM_25_WalkData_4_clip,DCM_25_WalkData_4_clip.mp4,C:\Users\1nkas-Strix-4090-ll\Desktop\InternVL\.\Gait-videos-clipped\DCM_25_WalkData_4_clip.mp4,25,WalkData,4,155,155,155,0,133,3,291,155,136,0.467353952,C:\Users\1nkas-Strix-4090-ll\Desktop\InternVL\.\GAVD-HSMR-dcm-oneperson\HSMR-DCM_25_WalkData_4_clip.npy
DCM_25_WalkData_5_clip,DCM_25_WalkData_5_clip.mp4,C:\Users\1nkas-Strix-4090-ll\Desktop\InternVL\.\Gait-videos-clipped\DCM_25_WalkData_5_clip.mp4,25,WalkData,5,177,177,177,0,147,3,328,177,151,0.460365854,C:\Users\1nkas-Strix-4090-ll\Desktop\InternVL\.\GAVD-HSMR-dcm-oneperson\HSMR-DCM_25_WalkData_5_clip.npy
DCM_25_WalkData_6_clip,DCM_25_WalkData_6_clip.mp4,C:\Users\1nkas-Strix-4090-ll\Desktop\InternVL\.\Gait-videos-clipped\DCM_25_WalkData_6_clip.mp4,25,WalkData,6,198,198,197,1,135,2,332,197,135,0.406626506,C:\Users\1nkas-Strix-4090-ll\Desktop\InternVL\.\GAVD-HSMR-dcm-oneperson\HSMR-DCM_25_WalkData_6_clip.npy
DCM_29_FastWalkData_1_clip,DCM_29_FastWalkData_1_clip.mp4,C:\Users\1nkas-Strix-4090-ll\Desktop\InternVL\.\Gait-videos-clipped\DCM_29_FastWalkData_1_clip.mp4,29,FastWalkData,1,75,75,75,0,59,3,137,75,62,0.452554745,C:\Users\1nkas-Strix-4090-ll\Desktop\InternVL\.\GAVD-HSMR-dcm-oneperson\HSMR-DCM_29_FastWalkData_1_clip.npy
DCM_29_FastWalkData_2_clip,DCM_29_FastWalkData_2_clip.mp4,C:\Users\1nkas-Strix-4090-ll\Desktop\InternVL\.\Gait-videos-clipped\DCM_29_FastWalkData_2_clip.mp4,29,FastWalkData,2,103,103,103,0,23,2,126,103,23,0.182539683,C:\Users\1nkas-Strix-4090-ll\Desktop\InternVL\.\GAVD-HSMR-dcm-oneperson\HSMR-DCM_29_FastWalkData_2_clip.npy
DCM_29_FastWalkData_3_clip,DCM_29_FastWalkData_3_clip.mp4,C:\Users\1nkas-Strix-4090-ll\Desktop\InternVL\.\Gait-videos-clipped\DCM_29_FastWalkData_3_clip.mp4,29,FastWalkData,3,105,105,105,0,0,1,105,105,0,0,C:\Users\1nkas-Strix-4090-ll\Desktop\InternVL\.\GAVD-HSMR-dcm-oneperson\HSMR-DCM_29_FastWalkData_3_clip.npy
DCM_29_FastWalkData_4_clip,DCM_29_FastWalkData_4_clip.mp4,C:\Users\1nkas-Strix-4090-ll\Desktop\InternVL\.\Gait-videos-clipped\DCM_29_FastWalkData_4_clip.mp4,29,FastWalkData,4,101,101,101,0,0,1,101,101,0,0,C:\Users\1nkas-Strix-4090-ll\Desktop\InternVL\.\GAVD-HSMR-dcm-oneperson\HSMR-DCM_29_FastWalkData_4_clip.npy
DCM_29_FastWalkData_5_clip,DCM_29_FastWalkData_5_clip.mp4,C:\Users\1nkas-Strix-4090-ll\Desktop\InternVL\.\Gait-videos-clipped\DCM_29_FastWalkData_5_clip.mp4,29,FastWalkData,5,115,115,115,0,0,1,115,115,0,0,C:\Users\1nkas-Strix-4090-ll\Desktop\InternVL\.\GAVD-HSMR-dcm-oneperson\HSMR-DCM_29_FastWalkData_5_clip.npy
DCM_29_WalkData_1_clip,DCM_29_WalkData_1_clip.mp4,C:\Users\1nkas-Strix-4090-ll\Desktop\InternVL\.\Gait-videos-clipped\DCM_29_WalkData_1_clip.mp4,29,WalkData,1,176,176,176,0,176,3,353,176,177,0.501416431,C:\Users\1nkas-Strix-4090-ll\Desktop\InternVL\.\GAVD-HSMR-dcm-oneperson\HSMR-DCM_29_WalkData_1_clip.npy
DCM_29_WalkData_2_clip,DCM_29_WalkData_2_clip.mp4,C:\Users\1nkas-Strix-4090-ll\Desktop\InternVL\.\Gait-videos-clipped\DCM_29_WalkData_2_clip.mp4,29,WalkData,2,147,147,147,0,141,2,288,147,141,0.489583333,C:\Users\1nkas-Strix-4090-ll\Desktop\InternVL\.\GAVD-HSMR-dcm-oneperson\HSMR-DCM_29_WalkData_2_clip.npy
DCM_29_WalkData_3_clip,DCM_29_WalkData_3_clip.mp4,C:\Users\1nkas-Strix-4090-ll\Desktop\InternVL\.\Gait-videos-clipped\DCM_29_WalkData_3_clip.mp4,29,WalkData,3,129,129,129,0,51,3,181,129,52,0.287292818,C:\Users\1nkas-Strix-4090-ll\Desktop\InternVL\.\GAVD-HSMR-dcm-oneperson\HSMR-DCM_29_WalkData_3_clip.npy
DCM_29_WalkData_4_clip,DCM_29_WalkData_4_clip.mp4,C:\Users\1nkas-Strix-4090-ll\Desktop\InternVL\.\Gait-videos-clipped\DCM_29_WalkData_4_clip.mp4,29,WalkData,4,135,135,135,0,2,2,137,135,2,0.01459854,C:\Users\1nkas-Strix-4090-ll\Desktop\InternVL\.\GAVD-HSMR-dcm-oneperson\HSMR-DCM_29_WalkData_4_clip.npy
DCM_29_WalkData_5_clip,DCM_29_WalkData_5_clip.mp4,C:\Users\1nkas-Strix-4090-ll\Desktop\InternVL\.\Gait-videos-clipped\DCM_29_WalkData_5_clip.mp4,29,WalkData,5,141,141,141,0,49,2,190,141,49,0.257894737,C:\Users\1nkas-Strix-4090-ll\Desktop\InternVL\.\GAVD-HSMR-dcm-oneperson\HSMR-DCM_29_WalkData_5_clip.npy
DCM_30_FastWalkData_1_clip,DCM_30_FastWalkData_1_clip.mp4,C:\Users\1nkas-Strix-4090-ll\Desktop\InternVL\.\Gait-videos-clipped\DCM_30_FastWalkData_1_clip.mp4,30,FastWalkData,1,106,106,106,0,0,1,106,106,0,0,C:\Users\1nkas-Strix-4090-ll\Desktop\InternVL\.\GAVD-HSMR-dcm-oneperson\HSMR-DCM_30_FastWalkData_1_clip.npy
DCM_30_FastWalkData_2_clip,DCM_30_FastWalkData_2_clip.mp4,C:\Users\1nkas-Strix-4090-ll\Desktop\InternVL\.\Gait-videos-clipped\DCM_30_FastWalkData_2_clip.mp4,30,FastWalkData,2,108,108,108,0,0,1,108,108,0,0,C:\Users\1nkas-Strix-4090-ll\Desktop\InternVL\.\GAVD-HSMR-dcm-oneperson\HSMR-DCM_30_FastWalkData_2_clip.npy
DCM_30_FastWalkData_3_clip,DCM_30_FastWalkData_3_clip.mp4,C:\Users\1nkas-Strix-4090-ll\Desktop\InternVL\.\Gait-videos-clipped\DCM_30_FastWalkData_3_clip.mp4,30,FastWalkData,3,106,106,106,0,106,2,212,106,106,0.5,C:\Users\1nkas-Strix-4090-ll\Desktop\InternVL\.\GAVD-HSMR-dcm-oneperson\HSMR-DCM_30_FastWalkData_3_clip.npy
DCM_30_FastWalkData_4_clip,DCM_30_FastWalkData_4_clip.mp4,C:\Users\1nkas-Strix-4090-ll\Desktop\InternVL\.\Gait-videos-clipped\DCM_30_FastWalkData_4_clip.mp4,30,FastWalkData,4,107,107,107,0,0,1,107,107,0,0,C:\Users\1nkas-Strix-4090-ll\Desktop\InternVL\.\GAVD-HSMR-dcm-oneperson\HSMR-DCM_30_FastWalkData_4_clip.npy
DCM_30_FastWalkData_5_clip,DCM_30_FastWalkData_5_clip.mp4,C:\Users\1nkas-Strix-4090-ll\Desktop\InternVL\.\Gait-videos-clipped\DCM_30_FastWalkData_5_clip.mp4,30,FastWalkData,5,109,109,109,0,6,2,115,109,6,0.052173913,C:\Users\1nkas-Strix-4090-ll\Desktop\InternVL\.\GAVD-HSMR-dcm-oneperson\HSMR-DCM_30_FastWalkData_5_clip.npy
DCM_30_WalkData_1_clip,DCM_30_WalkData_1_clip.mp4,C:\Users\1nkas-Strix-4090-ll\Desktop\InternVL\.\Gait-videos-clipped\DCM_30_WalkData_1_clip.mp4,30,WalkData,1,150,150,150,0,0,1,150,150,0,0,C:\Users\1nkas-Strix-4090-ll\Desktop\InternVL\.\GAVD-HSMR-dcm-oneperson\HSMR-DCM_30_WalkData_1_clip.npy
DCM_30_WalkData_2_clip,DCM_30_WalkData_2_clip.mp4,C:\Users\1nkas-Strix-4090-ll\Desktop\InternVL\.\Gait-videos-clipped\DCM_30_WalkData_2_clip.mp4,30,WalkData,2,126,126,126,0,0,1,126,126,0,0,C:\Users\1nkas-Strix-4090-ll\Desktop\InternVL\.\GAVD-HSMR-dcm-oneperson\HSMR-DCM_30_WalkData_2_clip.npy
DCM_30_WalkData_3_clip,DCM_30_WalkData_3_clip.mp4,C:\Users\1nkas-Strix-4090-ll\Desktop\InternVL\.\Gait-videos-clipped\DCM_30_WalkData_3_clip.mp4,30,WalkData,3,138,138,138,0,6,2,144,138,6,0.041666667,C:\Users\1nkas-Strix-4090-ll\Desktop\InternVL\.\GAVD-HSMR-dcm-oneperson\HSMR-DCM_30_WalkData_3_clip.npy
DCM_30_WalkData_4_clip,DCM_30_WalkData_4_clip.mp4,C:\Users\1nkas-Strix-4090-ll\Desktop\InternVL\.\Gait-videos-clipped\DCM_30_WalkData_4_clip.mp4,30,WalkData,4,167,167,167,0,0,1,167,167,0,0,C:\Users\1nkas-Strix-4090-ll\Desktop\InternVL\.\GAVD-HSMR-dcm-oneperson\HSMR-DCM_30_WalkData_4_clip.npy
DCM_30_WalkData_5_clip,DCM_30_WalkData_5_clip.mp4,C:\Users\1nkas-Strix-4090-ll\Desktop\InternVL\.\Gait-videos-clipped\DCM_30_WalkData_5_clip.mp4,30,WalkData,5,143,143,143,0,0,1,143,143,0,0,C:\Users\1nkas-Strix-4090-ll\Desktop\InternVL\.\GAVD-HSMR-dcm-oneperson\HSMR-DCM_30_WalkData_5_clip.npy
DCM_33_FastWalkData_1_clip,DCM_33_FastWalkData_1_clip.mp4,C:\Users\1nkas-Strix-4090-ll\Desktop\InternVL\.\Gait-videos-clipped\DCM_33_FastWalkData_1_clip.mp4,33,FastWalkData,1,82,82,82,0,0,1,82,82,0,0,C:\Users\1nkas-Strix-4090-ll\Desktop\InternVL\.\GAVD-HSMR-dcm-oneperson\HSMR-DCM_33_FastWalkData_1_clip.npy
DCM_33_FastWalkData_2_clip,DCM_33_FastWalkData_2_clip.mp4,C:\Users\1nkas-Strix-4090-ll\Desktop\InternVL\.\Gait-videos-clipped\DCM_33_FastWalkData_2_clip.mp4,33,FastWalkData,2,90,90,90,0,13,3,104,90,14,0.134615385,C:\Users\1nkas-Strix-4090-ll\Desktop\InternVL\.\GAVD-HSMR-dcm-oneperson\HSMR-DCM_33_FastWalkData_2_clip.npy
DCM_33_FastWalkData_3_clip,DCM_33_FastWalkData_3_clip.mp4,C:\Users\1nkas-Strix-4090-ll\Desktop\InternVL\.\Gait-videos-clipped\DCM_33_FastWalkData_3_clip.mp4,33,FastWalkData,3,85,85,85,0,0,1,85,85,0,0,C:\Users\1nkas-Strix-4090-ll\Desktop\InternVL\.\GAVD-HSMR-dcm-oneperson\HSMR-DCM_33_FastWalkData_3_clip.npy
DCM_33_FastWalkData_4_clip,DCM_33_FastWalkData_4_clip.mp4,C:\Users\1nkas-Strix-4090-ll\Desktop\InternVL\.\Gait-videos-clipped\DCM_33_FastWalkData_4_clip.mp4,33,FastWalkData,4,88,88,88,0,0,1,88,88,0,0,C:\Users\1nkas-Strix-4090-ll\Desktop\InternVL\.\GAVD-HSMR-dcm-oneperson\HSMR-DCM_33_FastWalkData_4_clip.npy
DCM_33_FastWalkData_5_clip,DCM_33_FastWalkData_5_clip.mp4,C:\Users\1nkas-Strix-4090-ll\Desktop\InternVL\.\Gait-videos-clipped\DCM_33_FastWalkData_5_clip.mp4,33,FastWalkData,5,91,91,91,0,0,1,91,91,0,0,C:\Users\1nkas-Strix-4090-ll\Desktop\InternVL\.\GAVD-HSMR-dcm-oneperson\HSMR-DCM_33_FastWalkData_5_clip.npy
DCM_33_WalkData_1_clip,DCM_33_WalkData_1_clip.mp4,C:\Users\1nkas-Strix-4090-ll\Desktop\InternVL\.\Gait-videos-clipped\DCM_33_WalkData_1_clip.mp4,33,WalkData,1,161,161,161,0,2,2,163,161,2,0.012269939,C:\Users\1nkas-Strix-4090-ll\Desktop\InternVL\.\GAVD-HSMR-dcm-oneperson\HSMR-DCM_33_WalkData_1_clip.npy
DCM_33_WalkData_2_clip,DCM_33_WalkData_2_clip.mp4,C:\Users\1nkas-Strix-4090-ll\Desktop\InternVL\.\Gait-videos-clipped\DCM_33_WalkData_2_clip.mp4,33,WalkData,2,111,111,111,0,26,2,137,111,26,0.189781022,C:\Users\1nkas-Strix-4090-ll\Desktop\InternVL\.\GAVD-HSMR-dcm-oneperson\HSMR-DCM_33_WalkData_2_clip.npy
DCM_33_WalkData_3_clip,DCM_33_WalkData_3_clip.mp4,C:\Users\1nkas-Strix-4090-ll\Desktop\InternVL\.\Gait-videos-clipped\DCM_33_WalkData_3_clip.mp4,33,WalkData,3,113,113,113,0,113,2,226,113,113,0.5,C:\Users\1nkas-Strix-4090-ll\Desktop\InternVL\.\GAVD-HSMR-dcm-oneperson\HSMR-DCM_33_WalkData_3_clip.npy
DCM_33_WalkData_4_clip,DCM_33_WalkData_4_clip.mp4,C:\Users\1nkas-Strix-4090-ll\Desktop\InternVL\.\Gait-videos-clipped\DCM_33_WalkData_4_clip.mp4,33,WalkData,4,135,135,135,0,18,2,153,135,18,0.117647059,C:\Users\1nkas-Strix-4090-ll\Desktop\InternVL\.\GAVD-HSMR-dcm-oneperson\HSMR-DCM_33_WalkData_4_clip.npy
DCM_33_WalkData_5_clip,DCM_33_WalkData_5_clip.mp4,C:\Users\1nkas-Strix-4090-ll\Desktop\InternVL\.\Gait-videos-clipped\DCM_33_WalkData_5_clip.mp4,33,WalkData,5,128,128,128,0,2,2,130,128,2,0.015384615,C:\Users\1nkas-Strix-4090-ll\Desktop\InternVL\.\GAVD-HSMR-dcm-oneperson\HSMR-DCM_33_WalkData_5_clip.npy
DCM_36_FastWalkData_1_clip,DCM_36_FastWalkData_1_clip.mp4,C:\Users\1nkas-Strix-4090-ll\Desktop\InternVL\.\Gait-videos-clipped\DCM_36_FastWalkData_1_clip.mp4,36,FastWalkData,1,119,119,119,0,119,2,238,119,119,0.5,C:\Users\1nkas-Strix-4090-ll\Desktop\InternVL\.\GAVD-HSMR-dcm-oneperson\HSMR-DCM_36_FastWalkData_1_clip.npy
DCM_36_FastWalkData_2_clip,DCM_36_FastWalkData_2_clip.mp4,C:\Users\1nkas-Strix-4090-ll\Desktop\InternVL\.\Gait-videos-clipped\DCM_36_FastWalkData_2_clip.mp4,36,FastWalkData,2,110,110,110,0,110,2,220,110,110,0.5,C:\Users\1nkas-Strix-4090-ll\Desktop\InternVL\.\GAVD-HSMR-dcm-oneperson\HSMR-DCM_36_FastWalkData_2_clip.npy
DCM_36_FastWalkData_3_clip,DCM_36_FastWalkData_3_clip.mp4,C:\Users\1nkas-Strix-4090-ll\Desktop\InternVL\.\Gait-videos-clipped\DCM_36_FastWalkData_3_clip.mp4,36,FastWalkData,3,128,128,128,0,118,3,249,128,121,0.485943775,C:\Users\1nkas-Strix-4090-ll\Desktop\InternVL\.\GAVD-HSMR-dcm-oneperson\HSMR-DCM_36_FastWalkData_3_clip.npy
DCM_36_FastWalkData_4_clip,DCM_36_FastWalkData_4_clip.mp4,C:\Users\1nkas-Strix-4090-ll\Desktop\InternVL\.\Gait-videos-clipped\DCM_36_FastWalkData_4_clip.mp4,36,FastWalkData,4,126,126,126,0,125,2,251,126,125,0.498007968,C:\Users\1nkas-Strix-4090-ll\Desktop\InternVL\.\GAVD-HSMR-dcm-oneperson\HSMR-DCM_36_FastWalkData_4_clip.npy
DCM_36_FastWalkData_5_clip,DCM_36_FastWalkData_5_clip.mp4,C:\Users\1nkas-Strix-4090-ll\Desktop\InternVL\.\Gait-videos-clipped\DCM_36_FastWalkData_5_clip.mp4,36,FastWalkData,5,116,116,116,0,116,2,232,116,116,0.5,C:\Users\1nkas-Strix-4090-ll\Desktop\InternVL\.\GAVD-HSMR-dcm-oneperson\HSMR-DCM_36_FastWalkData_5_clip.npy
DCM_36_WalkData_1_clip,DCM_36_WalkData_1_clip.mp4,C:\Users\1nkas-Strix-4090-ll\Desktop\InternVL\.\Gait-videos-clipped\DCM_36_WalkData_1_clip.mp4,36,WalkData,1,168,168,168,0,154,4,338,168,170,0.50295858,C:\Users\1nkas-Strix-4090-ll\Desktop\InternVL\.\GAVD-HSMR-dcm-oneperson\HSMR-DCM_36_WalkData_1_clip.npy
DCM_36_WalkData_2_clip,DCM_36_WalkData_2_clip.mp4,C:\Users\1nkas-Strix-4090-ll\Desktop\InternVL\.\Gait-videos-clipped\DCM_36_WalkData_2_clip.mp4,36,WalkData,2,154,154,154,0,0,1,154,154,0,0,C:\Users\1nkas-Strix-4090-ll\Desktop\InternVL\.\GAVD-HSMR-dcm-oneperson\HSMR-DCM_36_WalkData_2_clip.npy
DCM_36_WalkData_3_clip,DCM_36_WalkData_3_clip.mp4,C:\Users\1nkas-Strix-4090-ll\Desktop\InternVL\.\Gait-videos-clipped\DCM_36_WalkData_3_clip.mp4,36,WalkData,3,131,131,131,0,0,1,131,131,0,0,C:\Users\1nkas-Strix-4090-ll\Desktop\InternVL\.\GAVD-HSMR-dcm-oneperson\HSMR-DCM_36_WalkData_3_clip.npy
DCM_36_WalkData_4_clip,DCM_36_WalkData_4_clip.mp4,C:\Users\1nkas-Strix-4090-ll\Desktop\InternVL\.\Gait-videos-clipped\DCM_36_WalkData_4_clip.mp4,36,WalkData,4,150,150,150,0,2,2,152,150,2,0.013157895,C:\Users\1nkas-Strix-4090-ll\Desktop\InternVL\.\GAVD-HSMR-dcm-oneperson\HSMR-DCM_36_WalkData_4_clip.npy
DCM_36_WalkData_5_clip,DCM_36_WalkData_5_clip.mp4,C:\Users\1nkas-Strix-4090-ll\Desktop\InternVL\.\Gait-videos-clipped\DCM_36_WalkData_5_clip.mp4,36,WalkData,5,119,119,119,0,0,1,119,119,0,0,C:\Users\1nkas-Strix-4090-ll\Desktop\InternVL\.\GAVD-HSMR-dcm-oneperson\HSMR-DCM_36_WalkData_5_clip.npy
DCM_36_WalkData_6_clip,DCM_36_WalkData_6_clip.mp4,C:\Users\1nkas-Strix-4090-ll\Desktop\InternVL\.\Gait-videos-clipped\DCM_36_WalkData_6_clip.mp4,36,WalkData,6,130,130,130,0,0,1,130,130,0,0,C:\Users\1nkas-Strix-4090-ll\Desktop\InternVL\.\GAVD-HSMR-dcm-oneperson\HSMR-DCM_36_WalkData_6_clip.npy
DCM_37_FastWalkData_1_clip,DCM_37_FastWalkData_1_clip.mp4,C:\Users\1nkas-Strix-4090-ll\Desktop\InternVL\.\Gait-videos-clipped\DCM_37_FastWalkData_1_clip.mp4,37,FastWalkData,1,197,197,197,0,163,3,361,197,164,0.454293629,C:\Users\1nkas-Strix-4090-ll\Desktop\InternVL\.\GAVD-HSMR-dcm-oneperson\HSMR-DCM_37_FastWalkData_1_clip.npy
DCM_37_FastWalkData_2_clip,DCM_37_FastWalkData_2_clip.mp4,C:\Users\1nkas-Strix-4090-ll\Desktop\InternVL\.\Gait-videos-clipped\DCM_37_FastWalkData_2_clip.mp4,37,FastWalkData,2,197,197,197,0,159,3,357,197,160,0.448179272,C:\Users\1nkas-Strix-4090-ll\Desktop\InternVL\.\GAVD-HSMR-dcm-oneperson\HSMR-DCM_37_FastWalkData_2_clip.npy
DCM_37_WalkData_1_clip,DCM_37_WalkData_1_clip.mp4,C:\Users\1nkas-Strix-4090-ll\Desktop\InternVL\.\Gait-videos-clipped\DCM_37_WalkData_1_clip.mp4,37,WalkData,1,230,230,230,0,181,3,414,230,184,0.444444444,C:\Users\1nkas-Strix-4090-ll\Desktop\InternVL\.\GAVD-HSMR-dcm-oneperson\HSMR-DCM_37_WalkData_1_clip.npy
DCM_37_WalkData_2_clip,DCM_37_WalkData_2_clip.mp4,C:\Users\1nkas-Strix-4090-ll\Desktop\InternVL\.\Gait-videos-clipped\DCM_37_WalkData_2_clip.mp4,37,WalkData,2,153,153,153,0,104,2,257,153,104,0.404669261,C:\Users\1nkas-Strix-4090-ll\Desktop\InternVL\.\GAVD-HSMR-dcm-oneperson\HSMR-DCM_37_WalkData_2_clip.npy
DCM_37_WalkData_3_clip,DCM_37_WalkData_3_clip.mp4,C:\Users\1nkas-Strix-4090-ll\Desktop\InternVL\.\Gait-videos-clipped\DCM_37_WalkData_3_clip.mp4,37,WalkData,3,152,152,152,0,112,2,264,152,112,0.424242424,C:\Users\1nkas-Strix-4090-ll\Desktop\InternVL\.\GAVD-HSMR-dcm-oneperson\HSMR-DCM_37_WalkData_3_clip.npy
DCM_37_WalkData_4_clip,DCM_37_WalkData_4_clip.mp4,C:\Users\1nkas-Strix-4090-ll\Desktop\InternVL\.\Gait-videos-clipped\DCM_37_WalkData_4_clip.mp4,37,WalkData,4,160,160,160,0,118,2,278,160,118,0.424460432,C:\Users\1nkas-Strix-4090-ll\Desktop\InternVL\.\GAVD-HSMR-dcm-oneperson\HSMR-DCM_37_WalkData_4_clip.npy
DCM_37_WalkData_5_clip,DCM_37_WalkData_5_clip.mp4,C:\Users\1nkas-Strix-4090-ll\Desktop\InternVL\.\Gait-videos-clipped\DCM_37_WalkData_5_clip.mp4,37,WalkData,5,188,188,188,0,116,3,305,188,117,0.383606557,C:\Users\1nkas-Strix-4090-ll\Desktop\InternVL\.\GAVD-HSMR-dcm-oneperson\HSMR-DCM_37_WalkData_5_clip.npy
DCM_38_WalkData_1_clip,DCM_38_WalkData_1_clip.mp4,C:\Users\1nkas-Strix-4090-ll\Desktop\InternVL\.\Gait-videos-clipped\DCM_38_WalkData_1_clip.mp4,38,WalkData,1,239,239,239,0,193,3,433,239,194,0.448036952,C:\Users\1nkas-Strix-4090-ll\Desktop\InternVL\.\GAVD-HSMR-dcm-oneperson\HSMR-DCM_38_WalkData_1_clip.npy
DCM_38_WalkData_2_clip,DCM_38_WalkData_2_clip.mp4,C:\Users\1nkas-Strix-4090-ll\Desktop\InternVL\.\Gait-videos-clipped\DCM_38_WalkData_2_clip.mp4,38,WalkData,2,206,206,206,0,192,3,400,206,194,0.485,C:\Users\1nkas-Strix-4090-ll\Desktop\InternVL\.\GAVD-HSMR-dcm-oneperson\HSMR-DCM_38_WalkData_2_clip.npy
DCM_38_WalkData_3_clip,DCM_38_WalkData_3_clip.mp4,C:\Users\1nkas-Strix-4090-ll\Desktop\InternVL\.\Gait-videos-clipped\DCM_38_WalkData_3_clip.mp4,38,WalkData,3,248,248,248,0,218,3,468,248,220,0.47008547,C:\Users\1nkas-Strix-4090-ll\Desktop\InternVL\.\GAVD-HSMR-dcm-oneperson\HSMR-DCM_38_WalkData_3_clip.npy
DCM_38_WalkData_4_clip,DCM_38_WalkData_4_clip.mp4,C:\Users\1nkas-Strix-4090-ll\Desktop\InternVL\.\Gait-videos-clipped\DCM_38_WalkData_4_clip.mp4,38,WalkData,4,222,222,222,0,222,2,444,222,222,0.5,C:\Users\1nkas-Strix-4090-ll\Desktop\InternVL\.\GAVD-HSMR-dcm-oneperson\HSMR-DCM_38_WalkData_4_clip.npy
DCM_38_WalkData_5_clip,DCM_38_WalkData_5_clip.mp4,C:\Users\1nkas-Strix-4090-ll\Desktop\InternVL\.\Gait-videos-clipped\DCM_38_WalkData_5_clip.mp4,38,WalkData,5,169,169,169,0,153,3,323,169,154,0.476780186,C:\Users\1nkas-Strix-4090-ll\Desktop\InternVL\.\GAVD-HSMR-dcm-oneperson\HSMR-DCM_38_WalkData_5_clip.npy
DCM_41_FastWalkData_1_clip,DCM_41_FastWalkData_1_clip.mp4,C:\Users\1nkas-Strix-4090-ll\Desktop\InternVL\.\Gait-videos-clipped\DCM_41_FastWalkData_1_clip.mp4,41,FastWalkData,1,83,83,83,0,0,1,83,83,0,0,C:\Users\1nkas-Strix-4090-ll\Desktop\InternVL\.\GAVD-HSMR-dcm-oneperson\HSMR-DCM_41_FastWalkData_1_clip.npy
DCM_41_FastWalkData_2_clip,DCM_41_FastWalkData_2_clip.mp4,C:\Users\1nkas-Strix-4090-ll\Desktop\InternVL\.\Gait-videos-clipped\DCM_41_FastWalkData_2_clip.mp4,41,FastWalkData,2,103,103,103,0,0,1,103,103,0,0,C:\Users\1nkas-Strix-4090-ll\Desktop\InternVL\.\GAVD-HSMR-dcm-oneperson\HSMR-DCM_41_FastWalkData_2_clip.npy
DCM_41_FastWalkData_3_clip,DCM_41_FastWalkData_3_clip.mp4,C:\Users\1nkas-Strix-4090-ll\Desktop\InternVL\.\Gait-videos-clipped\DCM_41_FastWalkData_3_clip.mp4,41,FastWalkData,3,88,88,88,0,0,1,88,88,0,0,C:\Users\1nkas-Strix-4090-ll\Desktop\InternVL\.\GAVD-HSMR-dcm-oneperson\HSMR-DCM_41_FastWalkData_3_clip.npy
DCM_41_FastWalkData_4_clip,DCM_41_FastWalkData_4_clip.mp4,C:\Users\1nkas-Strix-4090-ll\Desktop\InternVL\.\Gait-videos-clipped\DCM_41_FastWalkData_4_clip.mp4,41,FastWalkData,4,76,76,76,0,0,1,76,76,0,0,C:\Users\1nkas-Strix-4090-ll\Desktop\InternVL\.\GAVD-HSMR-dcm-oneperson\HSMR-DCM_41_FastWalkData_4_clip.npy
DCM_41_FastWalkData_5_clip,DCM_41_FastWalkData_5_clip.mp4,C:\Users\1nkas-Strix-4090-ll\Desktop\InternVL\.\Gait-videos-clipped\DCM_41_FastWalkData_5_clip.mp4,41,FastWalkData,5,75,75,75,0,0,1,75,75,0,0,C:\Users\1nkas-Strix-4090-ll\Desktop\InternVL\.\GAVD-HSMR-dcm-oneperson\HSMR-DCM_41_FastWalkData_5_clip.npy
DCM_41_WalkData_1_clip,DCM_41_WalkData_1_clip.mp4,C:\Users\1nkas-Strix-4090-ll\Desktop\InternVL\.\Gait-videos-clipped\DCM_41_WalkData_1_clip.mp4,41,WalkData,1,122,122,122,0,0,1,122,122,0,0,C:\Users\1nkas-Strix-4090-ll\Desktop\InternVL\.\GAVD-HSMR-dcm-oneperson\HSMR-DCM_41_WalkData_1_clip.npy
DCM_41_WalkData_2_clip,DCM_41_WalkData_2_clip.mp4,C:\Users\1nkas-Strix-4090-ll\Desktop\InternVL\.\Gait-videos-clipped\DCM_41_WalkData_2_clip.mp4,41,WalkData,2,126,126,126,0,0,1,126,126,0,0,C:\Users\1nkas-Strix-4090-ll\Desktop\InternVL\.\GAVD-HSMR-dcm-oneperson\HSMR-DCM_41_WalkData_2_clip.npy
DCM_41_WalkData_3_clip,DCM_41_WalkData_3_clip.mp4,C:\Users\1nkas-Strix-4090-ll\Desktop\InternVL\.\Gait-videos-clipped\DCM_41_WalkData_3_clip.mp4,41,WalkData,3,120,120,120,0,0,1,120,120,0,0,C:\Users\1nkas-Strix-4090-ll\Desktop\InternVL\.\GAVD-HSMR-dcm-oneperson\HSMR-DCM_41_WalkData_3_clip.npy
DCM_41_WalkData_4_clip,DCM_41_WalkData_4_clip.mp4,C:\Users\1nkas-Strix-4090-ll\Desktop\InternVL\.\Gait-videos-clipped\DCM_41_WalkData_4_clip.mp4,41,WalkData,4,139,139,139,0,0,1,139,139,0,0,C:\Users\1nkas-Strix-4090-ll\Desktop\InternVL\.\GAVD-HSMR-dcm-oneperson\HSMR-DCM_41_WalkData_4_clip.npy
DCM_41_WalkData_5_clip,DCM_41_WalkData_5_clip.mp4,C:\Users\1nkas-Strix-4090-ll\Desktop\InternVL\.\Gait-videos-clipped\DCM_41_WalkData_5_clip.mp4,41,WalkData,5,117,117,117,0,0,1,117,117,0,0,C:\Users\1nkas-Strix-4090-ll\Desktop\InternVL\.\GAVD-HSMR-dcm-oneperson\HSMR-DCM_41_WalkData_5_clip.npy
DCM_42_FastWalkData_1_clip,DCM_42_FastWalkData_1_clip.mp4,C:\Users\1nkas-Strix-4090-ll\Desktop\InternVL\.\Gait-videos-clipped\DCM_42_FastWalkData_1_clip.mp4,42,FastWalkData,1,108,108,108,0,38,3,147,108,39,0.265306122,C:\Users\1nkas-Strix-4090-ll\Desktop\InternVL\.\GAVD-HSMR-dcm-oneperson\HSMR-DCM_42_FastWalkData_1_clip.npy
DCM_42_FastWalkData_2_clip,DCM_42_FastWalkData_2_clip.mp4,C:\Users\1nkas-Strix-4090-ll\Desktop\InternVL\.\Gait-videos-clipped\DCM_42_FastWalkData_2_clip.mp4,42,FastWalkData,2,76,76,76,0,0,1,76,76,0,0,C:\Users\1nkas-Strix-4090-ll\Desktop\InternVL\.\GAVD-HSMR-dcm-oneperson\HSMR-DCM_42_FastWalkData_2_clip.npy
DCM_42_FastWalkData_3_clip,DCM_42_FastWalkData_3_clip.mp4,C:\Users\1nkas-Strix-4090-ll\Desktop\InternVL\.\Gait-videos-clipped\DCM_42_FastWalkData_3_clip.mp4,42,FastWalkData,3,73,73,73,0,1,2,74,73,1,0.013513514,C:\Users\1nkas-Strix-4090-ll\Desktop\InternVL\.\GAVD-HSMR-dcm-oneperson\HSMR-DCM_42_FastWalkData_3_clip.npy
DCM_42_FastWalkData_4_clip,DCM_42_FastWalkData_4_clip.mp4,C:\Users\1nkas-Strix-4090-ll\Desktop\InternVL\.\Gait-videos-clipped\DCM_42_FastWalkData_4_clip.mp4,42,FastWalkData,4,76,76,76,0,2,2,78,76,2,0.025641026,C:\Users\1nkas-Strix-4090-ll\Desktop\InternVL\.\GAVD-HSMR-dcm-oneperson\HSMR-DCM_42_FastWalkData_4_clip.npy
DCM_42_FastWalkData_5_clip,DCM_42_FastWalkData_5_clip.mp4,C:\Users\1nkas-Strix-4090-ll\Desktop\InternVL\.\Gait-videos-clipped\DCM_42_FastWalkData_5_clip.mp4,42,FastWalkData,5,73,73,71,2,0,1,71,71,0,0,C:\Users\1nkas-Strix-4090-ll\Desktop\InternVL\.\GAVD-HSMR-dcm-oneperson\HSMR-DCM_42_FastWalkData_5_clip.npy
DCM_42_WalkData_1_clip,DCM_42_WalkData_1_clip.mp4,C:\Users\1nkas-Strix-4090-ll\Desktop\InternVL\.\Gait-videos-clipped\DCM_42_WalkData_1_clip.mp4,42,WalkData,1,94,94,92,2,0,1,92,92,0,0,C:\Users\1nkas-Strix-4090-ll\Desktop\InternVL\.\GAVD-HSMR-dcm-oneperson\HSMR-DCM_42_WalkData_1_clip.npy
DCM_42_WalkData_2_clip,DCM_42_WalkData_2_clip.mp4,C:\Users\1nkas-Strix-4090-ll\Desktop\InternVL\.\Gait-videos-clipped\DCM_42_WalkData_2_clip.mp4,42,WalkData,2,84,84,84,0,0,1,84,84,0,0,C:\Users\1nkas-Strix-4090-ll\Desktop\InternVL\.\GAVD-HSMR-dcm-oneperson\HSMR-DCM_42_WalkData_2_clip.npy
DCM_42_WalkData_3_clip,DCM_42_WalkData_3_clip.mp4,C:\Users\1nkas-Strix-4090-ll\Desktop\InternVL\.\Gait-videos-clipped\DCM_42_WalkData_3_clip.mp4,42,WalkData,3,97,97,97,0,1,2,98,97,1,0.010204082,C:\Users\1nkas-Strix-4090-ll\Desktop\InternVL\.\GAVD-HSMR-dcm-oneperson\HSMR-DCM_42_WalkData_3_clip.npy
DCM_42_WalkData_4_clip,DCM_42_WalkData_4_clip.mp4,C:\Users\1nkas-Strix-4090-ll\Desktop\InternVL\.\Gait-videos-clipped\DCM_42_WalkData_4_clip.mp4,42,WalkData,4,89,89,89,0,1,2,90,89,1,0.011111111,C:\Users\1nkas-Strix-4090-ll\Desktop\InternVL\.\GAVD-HSMR-dcm-oneperson\HSMR-DCM_42_WalkData_4_clip.npy
DCM_42_WalkData_5_clip,DCM_42_WalkData_5_clip.mp4,C:\Users\1nkas-Strix-4090-ll\Desktop\InternVL\.\Gait-videos-clipped\DCM_42_WalkData_5_clip.mp4,42,WalkData,5,90,90,90,0,3,2,93,90,3,0.032258065,C:\Users\1nkas-Strix-4090-ll\Desktop\InternVL\.\GAVD-HSMR-dcm-oneperson\HSMR-DCM_42_WalkData_5_clip.npy
DCM_44_FastWalkData_1_clip,DCM_44_FastWalkData_1_clip.mp4,C:\Users\1nkas-Strix-4090-ll\Desktop\InternVL\.\Gait-videos-clipped\DCM_44_FastWalkData_1_clip.mp4,44,FastWalkData,1,102,102,102,0,98,2,200,102,98,0.49,C:\Users\1nkas-Strix-4090-ll\Desktop\InternVL\.\GAVD-HSMR-dcm-oneperson\HSMR-DCM_44_FastWalkData_1_clip.npy
DCM_44_FastWalkData_2_clip,DCM_44_FastWalkData_2_clip.mp4,C:\Users\1nkas-Strix-4090-ll\Desktop\InternVL\.\Gait-videos-clipped\DCM_44_FastWalkData_2_clip.mp4,44,FastWalkData,2,108,108,108,0,108,3,217,108,109,0.502304147,C:\Users\1nkas-Strix-4090-ll\Desktop\InternVL\.\GAVD-HSMR-dcm-oneperson\HSMR-DCM_44_FastWalkData_2_clip.npy
DCM_44_FastWalkData_3_clip,DCM_44_FastWalkData_3_clip.mp4,C:\Users\1nkas-Strix-4090-ll\Desktop\InternVL\.\Gait-videos-clipped\DCM_44_FastWalkData_3_clip.mp4,44,FastWalkData,3,112,112,112,0,97,3,211,112,99,0.469194313,C:\Users\1nkas-Strix-4090-ll\Desktop\InternVL\.\GAVD-HSMR-dcm-oneperson\HSMR-DCM_44_FastWalkData_3_clip.npy
DCM_44_FastWalkData_4_clip,DCM_44_FastWalkData_4_clip.mp4,C:\Users\1nkas-Strix-4090-ll\Desktop\InternVL\.\Gait-videos-clipped\DCM_44_FastWalkData_4_clip.mp4,44,FastWalkData,4,109,109,109,0,105,2,214,109,105,0.490654206,C:\Users\1nkas-Strix-4090-ll\Desktop\InternVL\.\GAVD-HSMR-dcm-oneperson\HSMR-DCM_44_FastWalkData_4_clip.npy
DCM_44_FastWalkData_5_clip,DCM_44_FastWalkData_5_clip.mp4,C:\Users\1nkas-Strix-4090-ll\Desktop\InternVL\.\Gait-videos-clipped\DCM_44_FastWalkData_5_clip.mp4,44,FastWalkData,5,116,116,116,0,113,2,229,116,113,0.493449782,C:\Users\1nkas-Strix-4090-ll\Desktop\InternVL\.\GAVD-HSMR-dcm-oneperson\HSMR-DCM_44_FastWalkData_5_clip.npy
DCM_44_WalkData_1_clip,DCM_44_WalkData_1_clip.mp4,C:\Users\1nkas-Strix-4090-ll\Desktop\InternVL\.\Gait-videos-clipped\DCM_44_WalkData_1_clip.mp4,44,WalkData,1,87,87,87,0,0,1,87,87,0,0,C:\Users\1nkas-Strix-4090-ll\Desktop\InternVL\.\GAVD-HSMR-dcm-oneperson\HSMR-DCM_44_WalkData_1_clip.npy
DCM_44_WalkData_2_clip,DCM_44_WalkData_2_clip.mp4,C:\Users\1nkas-Strix-4090-ll\Desktop\InternVL\.\Gait-videos-clipped\DCM_44_WalkData_2_clip.mp4,44,WalkData,2,123,123,123,0,123,2,246,123,123,0.5,C:\Users\1nkas-Strix-4090-ll\Desktop\InternVL\.\GAVD-HSMR-dcm-oneperson\HSMR-DCM_44_WalkData_2_clip.npy
DCM_44_WalkData_3_clip,DCM_44_WalkData_3_clip.mp4,C:\Users\1nkas-Strix-4090-ll\Desktop\InternVL\.\Gait-videos-clipped\DCM_44_WalkData_3_clip.mp4,44,WalkData,3,134,134,134,0,115,2,249,134,115,0.46184739,C:\Users\1nkas-Strix-4090-ll\Desktop\InternVL\.\GAVD-HSMR-dcm-oneperson\HSMR-DCM_44_WalkData_3_clip.npy
DCM_44_WalkData_4_clip,DCM_44_WalkData_4_clip.mp4,C:\Users\1nkas-Strix-4090-ll\Desktop\InternVL\.\Gait-videos-clipped\DCM_44_WalkData_4_clip.mp4,44,WalkData,4,128,128,128,0,117,3,246,128,118,0.479674797,C:\Users\1nkas-Strix-4090-ll\Desktop\InternVL\.\GAVD-HSMR-dcm-oneperson\HSMR-DCM_44_WalkData_4_clip.npy
DCM_44_WalkData_5_clip,DCM_44_WalkData_5_clip.mp4,C:\Users\1nkas-Strix-4090-ll\Desktop\InternVL\.\Gait-videos-clipped\DCM_44_WalkData_5_clip.mp4,44,WalkData,5,150,150,150,0,150,2,300,150,150,0.5,C:\Users\1nkas-Strix-4090-ll\Desktop\InternVL\.\GAVD-HSMR-dcm-oneperson\HSMR-DCM_44_WalkData_5_clip.npy
DCM_46_FastWalkData_1_clip,DCM_46_FastWalkData_1_clip.mp4,C:\Users\1nkas-Strix-4090-ll\Desktop\InternVL\.\Gait-videos-clipped\DCM_46_FastWalkData_1_clip.mp4,46,FastWalkData,1,106,106,106,0,106,3,213,106,107,0.502347418,C:\Users\1nkas-Strix-4090-ll\Desktop\InternVL\.\GAVD-HSMR-dcm-oneperson\HSMR-DCM_46_FastWalkData_1_clip.npy
DCM_46_FastWalkData_2_clip,DCM_46_FastWalkData_2_clip.mp4,C:\Users\1nkas-Strix-4090-ll\Desktop\InternVL\.\Gait-videos-clipped\DCM_46_FastWalkData_2_clip.mp4,46,FastWalkData,2,69,69,69,0,1,2,70,69,1,0.014285714,C:\Users\1nkas-Strix-4090-ll\Desktop\InternVL\.\GAVD-HSMR-dcm-oneperson\HSMR-DCM_46_FastWalkData_2_clip.npy
DCM_46_FastWalkData_3_clip,DCM_46_FastWalkData_3_clip.mp4,C:\Users\1nkas-Strix-4090-ll\Desktop\InternVL\.\Gait-videos-clipped\DCM_46_FastWalkData_3_clip.mp4,46,FastWalkData,3,70,70,70,0,11,3,83,70,13,0.156626506,C:\Users\1nkas-Strix-4090-ll\Desktop\InternVL\.\GAVD-HSMR-dcm-oneperson\HSMR-DCM_46_FastWalkData_3_clip.npy
DCM_46_FastWalkData_4_clip,DCM_46_FastWalkData_4_clip.mp4,C:\Users\1nkas-Strix-4090-ll\Desktop\InternVL\.\Gait-videos-clipped\DCM_46_FastWalkData_4_clip.mp4,46,FastWalkData,4,73,73,73,0,0,1,73,73,0,0,C:\Users\1nkas-Strix-4090-ll\Desktop\InternVL\.\GAVD-HSMR-dcm-oneperson\HSMR-DCM_46_FastWalkData_4_clip.npy
DCM_46_FastWalkData_5_clip,DCM_46_FastWalkData_5_clip.mp4,C:\Users\1nkas-Strix-4090-ll\Desktop\InternVL\.\Gait-videos-clipped\DCM_46_FastWalkData_5_clip.mp4,46,FastWalkData,5,85,85,85,0,2,2,87,85,2,0.022988506,C:\Users\1nkas-Strix-4090-ll\Desktop\InternVL\.\GAVD-HSMR-dcm-oneperson\HSMR-DCM_46_FastWalkData_5_clip.npy
DCM_46_WalkData_1_clip,DCM_46_WalkData_1_clip.mp4,C:\Users\1nkas-Strix-4090-ll\Desktop\InternVL\.\Gait-videos-clipped\DCM_46_WalkData_1_clip.mp4,46,WalkData,1,155,155,155,0,0,1,155,155,0,0,C:\Users\1nkas-Strix-4090-ll\Desktop\InternVL\.\GAVD-HSMR-dcm-oneperson\HSMR-DCM_46_WalkData_1_clip.npy
DCM_46_WalkData_2_clip,DCM_46_WalkData_2_clip.mp4,C:\Users\1nkas-Strix-4090-ll\Desktop\InternVL\.\Gait-videos-clipped\DCM_46_WalkData_2_clip.mp4,46,WalkData,2,116,116,116,0,0,1,116,116,0,0,C:\Users\1nkas-Strix-4090-ll\Desktop\InternVL\.\GAVD-HSMR-dcm-oneperson\HSMR-DCM_46_WalkData_2_clip.npy
DCM_46_WalkData_3_clip,DCM_46_WalkData_3_clip.mp4,C:\Users\1nkas-Strix-4090-ll\Desktop\InternVL\.\Gait-videos-clipped\DCM_46_WalkData_3_clip.mp4,46,WalkData,3,119,119,119,0,1,2,120,119,1,0.008333333,C:\Users\1nkas-Strix-4090-ll\Desktop\InternVL\.\GAVD-HSMR-dcm-oneperson\HSMR-DCM_46_WalkData_3_clip.npy
DCM_46_WalkData_4_clip,DCM_46_WalkData_4_clip.mp4,C:\Users\1nkas-Strix-4090-ll\Desktop\InternVL\.\Gait-videos-clipped\DCM_46_WalkData_4_clip.mp4,46,WalkData,4,122,122,122,0,4,3,127,122,5,0.039370079,C:\Users\1nkas-Strix-4090-ll\Desktop\InternVL\.\GAVD-HSMR-dcm-oneperson\HSMR-DCM_46_WalkData_4_clip.npy
DCM_46_WalkData_5_clip,DCM_46_WalkData_5_clip.mp4,C:\Users\1nkas-Strix-4090-ll\Desktop\InternVL\.\Gait-videos-clipped\DCM_46_WalkData_5_clip.mp4,46,WalkData,5,94,94,94,0,0,1,94,94,0,0,C:\Users\1nkas-Strix-4090-ll\Desktop\InternVL\.\GAVD-HSMR-dcm-oneperson\HSMR-DCM_46_WalkData_5_clip.npy
DCM_55_FastWalkData_1_clip,DCM_55_FastWalkData_1_clip.mp4,C:\Users\1nkas-Strix-4090-ll\Desktop\InternVL\.\Gait-videos-clipped\DCM_55_FastWalkData_1_clip.mp4,55,FastWalkData,1,101,101,101,0,4,2,105,101,4,0.038095238,C:\Users\1nkas-Strix-4090-ll\Desktop\InternVL\.\GAVD-HSMR-dcm-oneperson\HSMR-DCM_55_FastWalkData_1_clip.npy
DCM_55_FastWalkData_2_clip,DCM_55_FastWalkData_2_clip.mp4,C:\Users\1nkas-Strix-4090-ll\Desktop\InternVL\.\Gait-videos-clipped\DCM_55_FastWalkData_2_clip.mp4,55,FastWalkData,2,112,112,112,0,2,2,114,112,2,0.01754386,C:\Users\1nkas-Strix-4090-ll\Desktop\InternVL\.\GAVD-HSMR-dcm-oneperson\HSMR-DCM_55_FastWalkData_2_clip.npy
DCM_55_FastWalkData_3_clip,DCM_55_FastWalkData_3_clip.mp4,C:\Users\1nkas-Strix-4090-ll\Desktop\InternVL\.\Gait-videos-clipped\DCM_55_FastWalkData_3_clip.mp4,55,FastWalkData,3,103,103,103,0,0,1,103,103,0,0,C:\Users\1nkas-Strix-4090-ll\Desktop\InternVL\.\GAVD-HSMR-dcm-oneperson\HSMR-DCM_55_FastWalkData_3_clip.npy
DCM_55_FastWalkData_4_clip,DCM_55_FastWalkData_4_clip.mp4,C:\Users\1nkas-Strix-4090-ll\Desktop\InternVL\.\Gait-videos-clipped\DCM_55_FastWalkData_4_clip.mp4,55,FastWalkData,4,94,94,94,0,0,1,94,94,0,0,C:\Users\1nkas-Strix-4090-ll\Desktop\InternVL\.\GAVD-HSMR-dcm-oneperson\HSMR-DCM_55_FastWalkData_4_clip.npy
DCM_55_FastWalkData_5_clip,DCM_55_FastWalkData_5_clip.mp4,C:\Users\1nkas-Strix-4090-ll\Desktop\InternVL\.\Gait-videos-clipped\DCM_55_FastWalkData_5_clip.mp4,55,FastWalkData,5,98,98,98,0,0,1,98,98,0,0,C:\Users\1nkas-Strix-4090-ll\Desktop\InternVL\.\GAVD-HSMR-dcm-oneperson\HSMR-DCM_55_FastWalkData_5_clip.npy
DCM_55_WalkData_1_clip,DCM_55_WalkData_1_clip.mp4,C:\Users\1nkas-Strix-4090-ll\Desktop\InternVL\.\Gait-videos-clipped\DCM_55_WalkData_1_clip.mp4,55,WalkData,1,136,136,136,0,2,2,138,136,2,0.014492754,C:\Users\1nkas-Strix-4090-ll\Desktop\InternVL\.\GAVD-HSMR-dcm-oneperson\HSMR-DCM_55_WalkData_1_clip.npy
DCM_55_WalkData_2_clip,DCM_55_WalkData_2_clip.mp4,C:\Users\1nkas-Strix-4090-ll\Desktop\InternVL\.\Gait-videos-clipped\DCM_55_WalkData_2_clip.mp4,55,WalkData,2,151,151,151,0,3,2,154,151,3,0.019480519,C:\Users\1nkas-Strix-4090-ll\Desktop\InternVL\.\GAVD-HSMR-dcm-oneperson\HSMR-DCM_55_WalkData_2_clip.npy
DCM_55_WalkData_3_clip,DCM_55_WalkData_3_clip.mp4,C:\Users\1nkas-Strix-4090-ll\Desktop\InternVL\.\Gait-videos-clipped\DCM_55_WalkData_3_clip.mp4,55,WalkData,3,125,125,125,0,0,1,125,125,0,0,C:\Users\1nkas-Strix-4090-ll\Desktop\InternVL\.\GAVD-HSMR-dcm-oneperson\HSMR-DCM_55_WalkData_3_clip.npy
DCM_55_WalkData_4_clip,DCM_55_WalkData_4_clip.mp4,C:\Users\1nkas-Strix-4090-ll\Desktop\InternVL\.\Gait-videos-clipped\DCM_55_WalkData_4_clip.mp4,55,WalkData,4,134,134,134,0,1,2,135,134,1,0.007407407,C:\Users\1nkas-Strix-4090-ll\Desktop\InternVL\.\GAVD-HSMR-dcm-oneperson\HSMR-DCM_55_WalkData_4_clip.npy
DCM_55_WalkData_5_clip,DCM_55_WalkData_5_clip.mp4,C:\Users\1nkas-Strix-4090-ll\Desktop\InternVL\.\Gait-videos-clipped\DCM_55_WalkData_5_clip.mp4,55,WalkData,5,136,136,136,0,1,2,137,136,1,0.00729927,C:\Users\1nkas-Strix-4090-ll\Desktop\InternVL\.\GAVD-HSMR-dcm-oneperson\HSMR-DCM_55_WalkData_5_clip.npy
DCM_58_FastWalkData_1_clip,DCM_58_FastWalkData_1_clip.mp4,C:\Users\1nkas-Strix-4090-ll\Desktop\InternVL\.\Gait-videos-clipped\DCM_58_FastWalkData_1_clip.mp4,58,FastWalkData,1,83,83,83,0,68,3,152,83,69,0.453947368,C:\Users\1nkas-Strix-4090-ll\Desktop\InternVL\.\GAVD-HSMR-dcm-oneperson\HSMR-DCM_58_FastWalkData_1_clip.npy
DCM_58_FastWalkData_2_clip,DCM_58_FastWalkData_2_clip.mp4,C:\Users\1nkas-Strix-4090-ll\Desktop\InternVL\.\Gait-videos-clipped\DCM_58_FastWalkData_2_clip.mp4,58,FastWalkData,2,99,99,99,0,96,3,197,99,98,0.497461929,C:\Users\1nkas-Strix-4090-ll\Desktop\InternVL\.\GAVD-HSMR-dcm-oneperson\HSMR-DCM_58_FastWalkData_2_clip.npy
DCM_58_FastWalkData_3_clip,DCM_58_FastWalkData_3_clip.mp4,C:\Users\1nkas-Strix-4090-ll\Desktop\InternVL\.\Gait-videos-clipped\DCM_58_FastWalkData_3_clip.mp4,58,FastWalkData,3,119,119,119,0,110,3,233,119,114,0.489270386,C:\Users\1nkas-Strix-4090-ll\Desktop\InternVL\.\GAVD-HSMR-dcm-oneperson\HSMR-DCM_58_FastWalkData_3_clip.npy
DCM_58_FastWalkData_4_clip,DCM_58_FastWalkData_4_clip.mp4,C:\Users\1nkas-Strix-4090-ll\Desktop\InternVL\.\Gait-videos-clipped\DCM_58_FastWalkData_4_clip.mp4,58,FastWalkData,4,118,118,118,0,110,2,228,118,110,0.48245614,C:\Users\1nkas-Strix-4090-ll\Desktop\InternVL\.\GAVD-HSMR-dcm-oneperson\HSMR-DCM_58_FastWalkData_4_clip.npy
DCM_58_FastWalkData_5_clip,DCM_58_FastWalkData_5_clip.mp4,C:\Users\1nkas-Strix-4090-ll\Desktop\InternVL\.\Gait-videos-clipped\DCM_58_FastWalkData_5_clip.mp4,58,FastWalkData,5,112,112,112,0,110,2,222,112,110,0.495495495,C:\Users\1nkas-Strix-4090-ll\Desktop\InternVL\.\GAVD-HSMR-dcm-oneperson\HSMR-DCM_58_FastWalkData_5_clip.npy
DCM_58_WalkData_1_clip,DCM_58_WalkData_1_clip.mp4,C:\Users\1nkas-Strix-4090-ll\Desktop\InternVL\.\Gait-videos-clipped\DCM_58_WalkData_1_clip.mp4,58,WalkData,1,148,148,148,0,56,2,204,148,56,0.274509804,C:\Users\1nkas-Strix-4090-ll\Desktop\InternVL\.\GAVD-HSMR-dcm-oneperson\HSMR-DCM_58_WalkData_1_clip.npy
DCM_58_WalkData_2_clip,DCM_58_WalkData_2_clip.mp4,C:\Users\1nkas-Strix-4090-ll\Desktop\InternVL\.\Gait-videos-clipped\DCM_58_WalkData_2_clip.mp4,58,WalkData,2,117,117,117,0,2,3,120,117,3,0.025,C:\Users\1nkas-Strix-4090-ll\Desktop\InternVL\.\GAVD-HSMR-dcm-oneperson\HSMR-DCM_58_WalkData_2_clip.npy
DCM_58_WalkData_3_clip,DCM_58_WalkData_3_clip.mp4,C:\Users\1nkas-Strix-4090-ll\Desktop\InternVL\.\Gait-videos-clipped\DCM_58_WalkData_3_clip.mp4,58,WalkData,3,138,138,138,0,0,1,138,138,0,0,C:\Users\1nkas-Strix-4090-ll\Desktop\InternVL\.\GAVD-HSMR-dcm-oneperson\HSMR-DCM_58_WalkData_3_clip.npy
DCM_58_WalkData_4_clip,DCM_58_WalkData_4_clip.mp4,C:\Users\1nkas-Strix-4090-ll\Desktop\InternVL\.\Gait-videos-clipped\DCM_58_WalkData_4_clip.mp4,58,WalkData,4,164,164,164,0,1,2,165,164,1,0.006060606,C:\Users\1nkas-Strix-4090-ll\Desktop\InternVL\.\GAVD-HSMR-dcm-oneperson\HSMR-DCM_58_WalkData_4_clip.npy
DCM_58_WalkData_5_clip,DCM_58_WalkData_5_clip.mp4,C:\Users\1nkas-Strix-4090-ll\Desktop\InternVL\.\Gait-videos-clipped\DCM_58_WalkData_5_clip.mp4,58,WalkData,5,118,118,118,0,10,3,129,118,11,0.085271318,C:\Users\1nkas-Strix-4090-ll\Desktop\InternVL\.\GAVD-HSMR-dcm-oneperson\HSMR-DCM_58_WalkData_5_clip.npy
DCM_61_FastWalkData_1_clip,DCM_61_FastWalkData_1_clip.mp4,C:\Users\1nkas-Strix-4090-ll\Desktop\InternVL\.\Gait-videos-clipped\DCM_61_FastWalkData_1_clip.mp4,61,FastWalkData,1,94,94,94,0,1,2,95,94,1,0.010526316,C:\Users\1nkas-Strix-4090-ll\Desktop\InternVL\.\GAVD-HSMR-dcm-oneperson\HSMR-DCM_61_FastWalkData_1_clip.npy
DCM_61_FastWalkData_2_clip,DCM_61_FastWalkData_2_clip.mp4,C:\Users\1nkas-Strix-4090-ll\Desktop\InternVL\.\Gait-videos-clipped\DCM_61_FastWalkData_2_clip.mp4,61,FastWalkData,2,102,102,102,0,0,1,102,102,0,0,C:\Users\1nkas-Strix-4090-ll\Desktop\InternVL\.\GAVD-HSMR-dcm-oneperson\HSMR-DCM_61_FastWalkData_2_clip.npy
DCM_61_FastWalkData_3_clip,DCM_61_FastWalkData_3_clip.mp4,C:\Users\1nkas-Strix-4090-ll\Desktop\InternVL\.\Gait-videos-clipped\DCM_61_FastWalkData_3_clip.mp4,61,FastWalkData,3,95,95,95,0,0,1,95,95,0,0,C:\Users\1nkas-Strix-4090-ll\Desktop\InternVL\.\GAVD-HSMR-dcm-oneperson\HSMR-DCM_61_FastWalkData_3_clip.npy
DCM_61_FastWalkData_4_clip,DCM_61_FastWalkData_4_clip.mp4,C:\Users\1nkas-Strix-4090-ll\Desktop\InternVL\.\Gait-videos-clipped\DCM_61_FastWalkData_4_clip.mp4,61,FastWalkData,4,99,99,99,0,1,2,100,99,1,0.01,C:\Users\1nkas-Strix-4090-ll\Desktop\InternVL\.\GAVD-HSMR-dcm-oneperson\HSMR-DCM_61_FastWalkData_4_clip.npy
DCM_61_FastWalkData_5_clip,DCM_61_FastWalkData_5_clip.mp4,C:\Users\1nkas-Strix-4090-ll\Desktop\InternVL\.\Gait-videos-clipped\DCM_61_FastWalkData_5_clip.mp4,61,FastWalkData,5,100,100,100,0,0,1,100,100,0,0,C:\Users\1nkas-Strix-4090-ll\Desktop\InternVL\.\GAVD-HSMR-dcm-oneperson\HSMR-DCM_61_FastWalkData_5_clip.npy
DCM_61_WalkData_4_clip,DCM_61_WalkData_4_clip.mp4,C:\Users\1nkas-Strix-4090-ll\Desktop\InternVL\.\Gait-videos-clipped\DCM_61_WalkData_4_clip.mp4,61,WalkData,4,128,128,128,0,1,2,129,128,1,0.007751938,C:\Users\1nkas-Strix-4090-ll\Desktop\InternVL\.\GAVD-HSMR-dcm-oneperson\HSMR-DCM_61_WalkData_4_clip.npy
DCM_61_WalkData_5_clip,DCM_61_WalkData_5_clip.mp4,C:\Users\1nkas-Strix-4090-ll\Desktop\InternVL\.\Gait-videos-clipped\DCM_61_WalkData_5_clip.mp4,61,WalkData,5,121,121,121,0,0,1,121,121,0,0,C:\Users\1nkas-Strix-4090-ll\Desktop\InternVL\.\GAVD-HSMR-dcm-oneperson\HSMR-DCM_61_WalkData_5_clip.npy
DCM_64_FastWalkData_1_clip,DCM_64_FastWalkData_1_clip.mp4,C:\Users\1nkas-Strix-4090-ll\Desktop\InternVL\.\Gait-videos-clipped\DCM_64_FastWalkData_1_clip.mp4,64,FastWalkData,1,93,93,93,0,0,1,93,93,0,0,C:\Users\1nkas-Strix-4090-ll\Desktop\InternVL\.\GAVD-HSMR-dcm-oneperson\HSMR-DCM_64_FastWalkData_1_clip.npy
DCM_64_FastWalkData_2_clip,DCM_64_FastWalkData_2_clip.mp4,C:\Users\1nkas-Strix-4090-ll\Desktop\InternVL\.\Gait-videos-clipped\DCM_64_FastWalkData_2_clip.mp4,64,FastWalkData,2,85,85,85,0,0,1,85,85,0,0,C:\Users\1nkas-Strix-4090-ll\Desktop\InternVL\.\GAVD-HSMR-dcm-oneperson\HSMR-DCM_64_FastWalkData_2_clip.npy
DCM_64_FastWalkData_3_clip,DCM_64_FastWalkData_3_clip.mp4,C:\Users\1nkas-Strix-4090-ll\Desktop\InternVL\.\Gait-videos-clipped\DCM_64_FastWalkData_3_clip.mp4,64,FastWalkData,3,80,80,80,0,0,1,80,80,0,0,C:\Users\1nkas-Strix-4090-ll\Desktop\InternVL\.\GAVD-HSMR-dcm-oneperson\HSMR-DCM_64_FastWalkData_3_clip.npy
DCM_64_FastWalkData_4_clip,DCM_64_FastWalkData_4_clip.mp4,C:\Users\1nkas-Strix-4090-ll\Desktop\InternVL\.\Gait-videos-clipped\DCM_64_FastWalkData_4_clip.mp4,64,FastWalkData,4,92,92,92,0,0,1,92,92,0,0,C:\Users\1nkas-Strix-4090-ll\Desktop\InternVL\.\GAVD-HSMR-dcm-oneperson\HSMR-DCM_64_FastWalkData_4_clip.npy
DCM_64_FastWalkData_5_clip,DCM_64_FastWalkData_5_clip.mp4,C:\Users\1nkas-Strix-4090-ll\Desktop\InternVL\.\Gait-videos-clipped\DCM_64_FastWalkData_5_clip.mp4,64,FastWalkData,5,87,87,87,0,0,1,87,87,0,0,C:\Users\1nkas-Strix-4090-ll\Desktop\InternVL\.\GAVD-HSMR-dcm-oneperson\HSMR-DCM_64_FastWalkData_5_clip.npy
DCM_64_WalkData_1_clip,DCM_64_WalkData_1_clip.mp4,C:\Users\1nkas-Strix-4090-ll\Desktop\InternVL\.\Gait-videos-clipped\DCM_64_WalkData_1_clip.mp4,64,WalkData,1,116,116,116,0,0,1,116,116,0,0,C:\Users\1nkas-Strix-4090-ll\Desktop\InternVL\.\GAVD-HSMR-dcm-oneperson\HSMR-DCM_64_WalkData_1_clip.npy
DCM_64_WalkData_2_clip,DCM_64_WalkData_2_clip.mp4,C:\Users\1nkas-Strix-4090-ll\Desktop\InternVL\.\Gait-videos-clipped\DCM_64_WalkData_2_clip.mp4,64,WalkData,2,128,128,128,0,0,1,128,128,0,0,C:\Users\1nkas-Strix-4090-ll\Desktop\InternVL\.\GAVD-HSMR-dcm-oneperson\HSMR-DCM_64_WalkData_2_clip.npy
DCM_64_WalkData_3_clip,DCM_64_WalkData_3_clip.mp4,C:\Users\1nkas-Strix-4090-ll\Desktop\InternVL\.\Gait-videos-clipped\DCM_64_WalkData_3_clip.mp4,64,WalkData,3,141,141,141,0,0,1,141,141,0,0,C:\Users\1nkas-Strix-4090-ll\Desktop\InternVL\.\GAVD-HSMR-dcm-oneperson\HSMR-DCM_64_WalkData_3_clip.npy
DCM_64_WalkData_4_clip,DCM_64_WalkData_4_clip.mp4,C:\Users\1nkas-Strix-4090-ll\Desktop\InternVL\.\Gait-videos-clipped\DCM_64_WalkData_4_clip.mp4,64,WalkData,4,107,107,107,0,7,2,114,107,7,0.061403509,C:\Users\1nkas-Strix-4090-ll\Desktop\InternVL\.\GAVD-HSMR-dcm-oneperson\HSMR-DCM_64_WalkData_4_clip.npy
DCM_64_WalkData_5_clip,DCM_64_WalkData_5_clip.mp4,C:\Users\1nkas-Strix-4090-ll\Desktop\InternVL\.\Gait-videos-clipped\DCM_64_WalkData_5_clip.mp4,64,WalkData,5,109,109,109,0,0,1,109,109,0,0,C:\Users\1nkas-Strix-4090-ll\Desktop\InternVL\.\GAVD-HSMR-dcm-oneperson\HSMR-DCM_64_WalkData_5_clip.npy
DCM_65_FastWalkData_1_clip,DCM_65_FastWalkData_1_clip.mp4,C:\Users\1nkas-Strix-4090-ll\Desktop\InternVL\.\Gait-videos-clipped\DCM_65_FastWalkData_1_clip.mp4,65,FastWalkData,1,132,132,132,0,74,3,223,132,91,0.408071749,C:\Users\1nkas-Strix-4090-ll\Desktop\InternVL\.\GAVD-HSMR-dcm-oneperson\HSMR-DCM_65_FastWalkData_1_clip.npy
DCM_65_FastWalkData_2_clip,DCM_65_FastWalkData_2_clip.mp4,C:\Users\1nkas-Strix-4090-ll\Desktop\InternVL\.\Gait-videos-clipped\DCM_65_FastWalkData_2_clip.mp4,65,FastWalkData,2,151,151,151,0,117,3,278,151,127,0.456834532,C:\Users\1nkas-Strix-4090-ll\Desktop\InternVL\.\GAVD-HSMR-dcm-oneperson\HSMR-DCM_65_FastWalkData_2_clip.npy
DCM_65_WalkData_1_clip,DCM_65_WalkData_1_clip.mp4,C:\Users\1nkas-Strix-4090-ll\Desktop\InternVL\.\Gait-videos-clipped\DCM_65_WalkData_1_clip.mp4,65,WalkData,1,209,209,209,0,171,3,386,209,177,0.458549223,C:\Users\1nkas-Strix-4090-ll\Desktop\InternVL\.\GAVD-HSMR-dcm-oneperson\HSMR-DCM_65_WalkData_1_clip.npy
DCM_65_WalkData_2_clip,DCM_65_WalkData_2_clip.mp4,C:\Users\1nkas-Strix-4090-ll\Desktop\InternVL\.\Gait-videos-clipped\DCM_65_WalkData_2_clip.mp4,65,WalkData,2,173,173,173,0,149,3,330,173,157,0.475757576,C:\Users\1nkas-Strix-4090-ll\Desktop\InternVL\.\GAVD-HSMR-dcm-oneperson\HSMR-DCM_65_WalkData_2_clip.npy
DCM_65_WalkData_3_clip,DCM_65_WalkData_3_clip.mp4,C:\Users\1nkas-Strix-4090-ll\Desktop\InternVL\.\Gait-videos-clipped\DCM_65_WalkData_3_clip.mp4,65,WalkData,3,160,160,160,0,83,3,249,160,89,0.357429719,C:\Users\1nkas-Strix-4090-ll\Desktop\InternVL\.\GAVD-HSMR-dcm-oneperson\HSMR-DCM_65_WalkData_3_clip.npy
DCM_65_WalkData_4_clip,DCM_65_WalkData_4_clip.mp4,C:\Users\1nkas-Strix-4090-ll\Desktop\InternVL\.\Gait-videos-clipped\DCM_65_WalkData_4_clip.mp4,65,WalkData,4,211,211,211,0,181,3,405,211,194,0.479012346,C:\Users\1nkas-Strix-4090-ll\Desktop\InternVL\.\GAVD-HSMR-dcm-oneperson\HSMR-DCM_65_WalkData_4_clip.npy
DCM_67_FastWalkData_1_clip,DCM_67_FastWalkData_1_clip.mp4,C:\Users\1nkas-Strix-4090-ll\Desktop\InternVL\.\Gait-videos-clipped\DCM_67_FastWalkData_1_clip.mp4,67,FastWalkData,1,72,72,72,0,0,1,72,72,0,0,C:\Users\1nkas-Strix-4090-ll\Desktop\InternVL\.\GAVD-HSMR-dcm-oneperson\HSMR-DCM_67_FastWalkData_1_clip.npy
DCM_67_FastWalkData_2_clip,DCM_67_FastWalkData_2_clip.mp4,C:\Users\1nkas-Strix-4090-ll\Desktop\InternVL\.\Gait-videos-clipped\DCM_67_FastWalkData_2_clip.mp4,67,FastWalkData,2,85,85,85,0,5,2,90,85,5,0.055555556,C:\Users\1nkas-Strix-4090-ll\Desktop\InternVL\.\GAVD-HSMR-dcm-oneperson\HSMR-DCM_67_FastWalkData_2_clip.npy
DCM_67_FastWalkData_3_clip,DCM_67_FastWalkData_3_clip.mp4,C:\Users\1nkas-Strix-4090-ll\Desktop\InternVL\.\Gait-videos-clipped\DCM_67_FastWalkData_3_clip.mp4,67,FastWalkData,3,71,71,71,0,71,2,142,71,71,0.5,C:\Users\1nkas-Strix-4090-ll\Desktop\InternVL\.\GAVD-HSMR-dcm-oneperson\HSMR-DCM_67_FastWalkData_3_clip.npy
DCM_67_FastWalkData_4_clip,DCM_67_FastWalkData_4_clip.mp4,C:\Users\1nkas-Strix-4090-ll\Desktop\InternVL\.\Gait-videos-clipped\DCM_67_FastWalkData_4_clip.mp4,67,FastWalkData,4,101,101,101,0,1,2,102,101,1,0.009803922,C:\Users\1nkas-Strix-4090-ll\Desktop\InternVL\.\GAVD-HSMR-dcm-oneperson\HSMR-DCM_67_FastWalkData_4_clip.npy
DCM_67_FastWalkData_5_clip,DCM_67_FastWalkData_5_clip.mp4,C:\Users\1nkas-Strix-4090-ll\Desktop\InternVL\.\Gait-videos-clipped\DCM_67_FastWalkData_5_clip.mp4,67,FastWalkData,5,117,117,117,0,117,2,234,117,117,0.5,C:\Users\1nkas-Strix-4090-ll\Desktop\InternVL\.\GAVD-HSMR-dcm-oneperson\HSMR-DCM_67_FastWalkData_5_clip.npy
DCM_67_WalkData_1_clip,DCM_67_WalkData_1_clip.mp4,C:\Users\1nkas-Strix-4090-ll\Desktop\InternVL\.\Gait-videos-clipped\DCM_67_WalkData_1_clip.mp4,67,WalkData,1,125,125,125,0,0,1,125,125,0,0,C:\Users\1nkas-Strix-4090-ll\Desktop\InternVL\.\GAVD-HSMR-dcm-oneperson\HSMR-DCM_67_WalkData_1_clip.npy
DCM_67_WalkData_2_clip,DCM_67_WalkData_2_clip.mp4,C:\Users\1nkas-Strix-4090-ll\Desktop\InternVL\.\Gait-videos-clipped\DCM_67_WalkData_2_clip.mp4,67,WalkData,2,141,141,141,0,0,1,141,141,0,0,C:\Users\1nkas-Strix-4090-ll\Desktop\InternVL\.\GAVD-HSMR-dcm-oneperson\HSMR-DCM_67_WalkData_2_clip.npy
DCM_67_WalkData_3_clip,DCM_67_WalkData_3_clip.mp4,C:\Users\1nkas-Strix-4090-ll\Desktop\InternVL\.\Gait-videos-clipped\DCM_67_WalkData_3_clip.mp4,67,WalkData,3,132,132,132,0,0,1,132,132,0,0,C:\Users\1nkas-Strix-4090-ll\Desktop\InternVL\.\GAVD-HSMR-dcm-oneperson\HSMR-DCM_67_WalkData_3_clip.npy
DCM_67_WalkData_4_clip,DCM_67_WalkData_4_clip.mp4,C:\Users\1nkas-Strix-4090-ll\Desktop\InternVL\.\Gait-videos-clipped\DCM_67_WalkData_4_clip.mp4,67,WalkData,4,67,67,67,0,6,3,74,67,7,0.094594595,C:\Users\1nkas-Strix-4090-ll\Desktop\InternVL\.\GAVD-HSMR-dcm-oneperson\HSMR-DCM_67_WalkData_4_clip.npy
DCM_67_WalkData_5_clip,DCM_67_WalkData_5_clip.mp4,C:\Users\1nkas-Strix-4090-ll\Desktop\InternVL\.\Gait-videos-clipped\DCM_67_WalkData_5_clip.mp4,67,WalkData,5,122,122,122,0,0,1,122,122,0,0,C:\Users\1nkas-Strix-4090-ll\Desktop\InternVL\.\GAVD-HSMR-dcm-oneperson\HSMR-DCM_67_WalkData_5_clip.npy
DCM_68_WalkData_1_clip,DCM_68_WalkData_1_clip.mp4,C:\Users\1nkas-Strix-4090-ll\Desktop\InternVL\.\Gait-videos-clipped\DCM_68_WalkData_1_clip.mp4,68,WalkData,1,248,248,248,0,145,3,395,248,147,0.372151899,C:\Users\1nkas-Strix-4090-ll\Desktop\InternVL\.\GAVD-HSMR-dcm-oneperson\HSMR-DCM_68_WalkData_1_clip.npy
DCM_68_WalkData_2_clip,DCM_68_WalkData_2_clip.mp4,C:\Users\1nkas-Strix-4090-ll\Desktop\InternVL\.\Gait-videos-clipped\DCM_68_WalkData_2_clip.mp4,68,WalkData,2,285,285,285,0,250,3,536,285,251,0.468283582,C:\Users\1nkas-Strix-4090-ll\Desktop\InternVL\.\GAVD-HSMR-dcm-oneperson\HSMR-DCM_68_WalkData_2_clip.npy
DCM_68_WalkData_3_clip,DCM_68_WalkData_3_clip.mp4,C:\Users\1nkas-Strix-4090-ll\Desktop\InternVL\.\Gait-videos-clipped\DCM_68_WalkData_3_clip.mp4,68,WalkData,3,258,258,258,0,224,2,482,258,224,0.46473029,C:\Users\1nkas-Strix-4090-ll\Desktop\InternVL\.\GAVD-HSMR-dcm-oneperson\HSMR-DCM_68_WalkData_3_clip.npy
DCM_77_FastWalkData_1_clip,DCM_77_FastWalkData_1_clip.mp4,C:\Users\1nkas-Strix-4090-ll\Desktop\InternVL\.\Gait-videos-clipped\DCM_77_FastWalkData_1_clip.mp4,77,FastWalkData,1,64,64,64,0,0,1,64,64,0,0,C:\Users\1nkas-Strix-4090-ll\Desktop\InternVL\.\GAVD-HSMR-dcm-oneperson\HSMR-DCM_77_FastWalkData_1_clip.npy
DCM_77_FastWalkData_2_clip,DCM_77_FastWalkData_2_clip.mp4,C:\Users\1nkas-Strix-4090-ll\Desktop\InternVL\.\Gait-videos-clipped\DCM_77_FastWalkData_2_clip.mp4,77,FastWalkData,2,66,66,66,0,0,1,66,66,0,0,C:\Users\1nkas-Strix-4090-ll\Desktop\InternVL\.\GAVD-HSMR-dcm-oneperson\HSMR-DCM_77_FastWalkData_2_clip.npy
DCM_77_FastWalkData_3_clip,DCM_77_FastWalkData_3_clip.mp4,C:\Users\1nkas-Strix-4090-ll\Desktop\InternVL\.\Gait-videos-clipped\DCM_77_FastWalkData_3_clip.mp4,77,FastWalkData,3,65,65,65,0,0,1,65,65,0,0,C:\Users\1nkas-Strix-4090-ll\Desktop\InternVL\.\GAVD-HSMR-dcm-oneperson\HSMR-DCM_77_FastWalkData_3_clip.npy
DCM_77_FastWalkData_4_clip,DCM_77_FastWalkData_4_clip.mp4,C:\Users\1nkas-Strix-4090-ll\Desktop\InternVL\.\Gait-videos-clipped\DCM_77_FastWalkData_4_clip.mp4,77,FastWalkData,4,113,113,113,0,113,3,227,113,114,0.502202643,C:\Users\1nkas-Strix-4090-ll\Desktop\InternVL\.\GAVD-HSMR-dcm-oneperson\HSMR-DCM_77_FastWalkData_4_clip.npy
DCM_77_FastWalkData_5_clip,DCM_77_FastWalkData_5_clip.mp4,C:\Users\1nkas-Strix-4090-ll\Desktop\InternVL\.\Gait-videos-clipped\DCM_77_FastWalkData_5_clip.mp4,77,FastWalkData,5,62,62,62,0,0,1,62,62,0,0,C:\Users\1nkas-Strix-4090-ll\Desktop\InternVL\.\GAVD-HSMR-dcm-oneperson\HSMR-DCM_77_FastWalkData_5_clip.npy
DCM_77_WalkData_1_clip,DCM_77_WalkData_1_clip.mp4,C:\Users\1nkas-Strix-4090-ll\Desktop\InternVL\.\Gait-videos-clipped\DCM_77_WalkData_1_clip.mp4,77,WalkData,1,101,101,101,0,0,1,101,101,0,0,C:\Users\1nkas-Strix-4090-ll\Desktop\InternVL\.\GAVD-HSMR-dcm-oneperson\HSMR-DCM_77_WalkData_1_clip.npy
DCM_77_WalkData_2_clip,DCM_77_WalkData_2_clip.mp4,C:\Users\1nkas-Strix-4090-ll\Desktop\InternVL\.\Gait-videos-clipped\DCM_77_WalkData_2_clip.mp4,77,WalkData,2,93,93,93,0,0,1,93,93,0,0,C:\Users\1nkas-Strix-4090-ll\Desktop\InternVL\.\GAVD-HSMR-dcm-oneperson\HSMR-DCM_77_WalkData_2_clip.npy
DCM_77_WalkData_3_clip,DCM_77_WalkData_3_clip.mp4,C:\Users\1nkas-Strix-4090-ll\Desktop\InternVL\.\Gait-videos-clipped\DCM_77_WalkData_3_clip.mp4,77,WalkData,3,97,97,97,0,0,1,97,97,0,0,C:\Users\1nkas-Strix-4090-ll\Desktop\InternVL\.\GAVD-HSMR-dcm-oneperson\HSMR-DCM_77_WalkData_3_clip.npy
DCM_77_WalkData_4_clip,DCM_77_WalkData_4_clip.mp4,C:\Users\1nkas-Strix-4090-ll\Desktop\InternVL\.\Gait-videos-clipped\DCM_77_WalkData_4_clip.mp4,77,WalkData,4,93,93,93,0,0,1,93,93,0,0,C:\Users\1nkas-Strix-4090-ll\Desktop\InternVL\.\GAVD-HSMR-dcm-oneperson\HSMR-DCM_77_WalkData_4_clip.npy
DCM_77_WalkData_5_clip,DCM_77_WalkData_5_clip.mp4,C:\Users\1nkas-Strix-4090-ll\Desktop\InternVL\.\Gait-videos-clipped\DCM_77_WalkData_5_clip.mp4,77,WalkData,5,95,95,95,0,0,1,95,95,0,0,C:\Users\1nkas-Strix-4090-ll\Desktop\InternVL\.\GAVD-HSMR-dcm-oneperson\HSMR-DCM_77_WalkData_5_clip.npy
DCM_80_WalkData_1_clip,DCM_80_WalkData_1_clip.mp4,C:\Users\1nkas-Strix-4090-ll\Desktop\InternVL\.\Gait-videos-clipped\DCM_80_WalkData_1_clip.mp4,80,WalkData,1,200,200,200,0,126,2,326,200,126,0.386503067,C:\Users\1nkas-Strix-4090-ll\Desktop\InternVL\.\GAVD-HSMR-dcm-oneperson\HSMR-DCM_80_WalkData_1_clip.npy
DCM_80_WalkData_2_clip,DCM_80_WalkData_2_clip.mp4,C:\Users\1nkas-Strix-4090-ll\Desktop\InternVL\.\Gait-videos-clipped\DCM_80_WalkData_2_clip.mp4,80,WalkData,2,189,189,189,0,138,3,330,189,141,0.427272727,C:\Users\1nkas-Strix-4090-ll\Desktop\InternVL\.\GAVD-HSMR-dcm-oneperson\HSMR-DCM_80_WalkData_2_clip.npy
DCM_80_WalkData_3_clip,DCM_80_WalkData_3_clip.mp4,C:\Users\1nkas-Strix-4090-ll\Desktop\InternVL\.\Gait-videos-clipped\DCM_80_WalkData_3_clip.mp4,80,WalkData,3,184,184,184,0,137,3,328,184,144,0.43902439,C:\Users\1nkas-Strix-4090-ll\Desktop\InternVL\.\GAVD-HSMR-dcm-oneperson\HSMR-DCM_80_WalkData_3_clip.npy
DCM_80_WalkData_4_clip,DCM_80_WalkData_4_clip.mp4,C:\Users\1nkas-Strix-4090-ll\Desktop\InternVL\.\Gait-videos-clipped\DCM_80_WalkData_4_clip.mp4,80,WalkData,4,189,189,189,0,127,3,320,189,131,0.409375,C:\Users\1nkas-Strix-4090-ll\Desktop\InternVL\.\GAVD-HSMR-dcm-oneperson\HSMR-DCM_80_WalkData_4_clip.npy
DCM_80_WalkData_5_clip,DCM_80_WalkData_5_clip.mp4,C:\Users\1nkas-Strix-4090-ll\Desktop\InternVL\.\Gait-videos-clipped\DCM_80_WalkData_5_clip.mp4,80,WalkData,5,184,184,184,0,136,3,321,184,137,0.426791277,C:\Users\1nkas-Strix-4090-ll\Desktop\InternVL\.\GAVD-HSMR-dcm-oneperson\HSMR-DCM_80_WalkData_5_clip.npy
DCM_81_FastWalkData_1_clip,DCM_81_FastWalkData_1_clip.mp4,C:\Users\1nkas-Strix-4090-ll\Desktop\InternVL\.\Gait-videos-clipped\DCM_81_FastWalkData_1_clip.mp4,81,FastWalkData,1,116,116,116,0,101,3,218,116,102,0.467889908,C:\Users\1nkas-Strix-4090-ll\Desktop\InternVL\.\GAVD-HSMR-dcm-oneperson\HSMR-DCM_81_FastWalkData_1_clip.npy
DCM_81_FastWalkData_2_clip,DCM_81_FastWalkData_2_clip.mp4,C:\Users\1nkas-Strix-4090-ll\Desktop\InternVL\.\Gait-videos-clipped\DCM_81_FastWalkData_2_clip.mp4,81,FastWalkData,2,110,110,110,0,91,3,202,110,92,0.455445545,C:\Users\1nkas-Strix-4090-ll\Desktop\InternVL\.\GAVD-HSMR-dcm-oneperson\HSMR-DCM_81_FastWalkData_2_clip.npy
DCM_81_FastWalkData_3_clip,DCM_81_FastWalkData_3_clip.mp4,C:\Users\1nkas-Strix-4090-ll\Desktop\InternVL\.\Gait-videos-clipped\DCM_81_FastWalkData_3_clip.mp4,81,FastWalkData,3,94,94,94,0,83,3,178,94,84,0.471910112,C:\Users\1nkas-Strix-4090-ll\Desktop\InternVL\.\GAVD-HSMR-dcm-oneperson\HSMR-DCM_81_FastWalkData_3_clip.npy
DCM_81_FastWalkData_4_clip,DCM_81_FastWalkData_4_clip.mp4,C:\Users\1nkas-Strix-4090-ll\Desktop\InternVL\.\Gait-videos-clipped\DCM_81_FastWalkData_4_clip.mp4,81,FastWalkData,4,125,125,125,0,89,2,214,125,89,0.41588785,C:\Users\1nkas-Strix-4090-ll\Desktop\InternVL\.\GAVD-HSMR-dcm-oneperson\HSMR-DCM_81_FastWalkData_4_clip.npy
DCM_81_FastWalkData_5_clip,DCM_81_FastWalkData_5_clip.mp4,C:\Users\1nkas-Strix-4090-ll\Desktop\InternVL\.\Gait-videos-clipped\DCM_81_FastWalkData_5_clip.mp4,81,FastWalkData,5,116,116,116,0,90,3,207,116,91,0.439613527,C:\Users\1nkas-Strix-4090-ll\Desktop\InternVL\.\GAVD-HSMR-dcm-oneperson\HSMR-DCM_81_FastWalkData_5_clip.npy
DCM_81_WalkData_1_clip,DCM_81_WalkData_1_clip.mp4,C:\Users\1nkas-Strix-4090-ll\Desktop\InternVL\.\Gait-videos-clipped\DCM_81_WalkData_1_clip.mp4,81,WalkData,1,162,162,162,0,138,3,304,162,142,0.467105263,C:\Users\1nkas-Strix-4090-ll\Desktop\InternVL\.\GAVD-HSMR-dcm-oneperson\HSMR-DCM_81_WalkData_1_clip.npy
DCM_81_WalkData_2_clip,DCM_81_WalkData_2_clip.mp4,C:\Users\1nkas-Strix-4090-ll\Desktop\InternVL\.\Gait-videos-clipped\DCM_81_WalkData_2_clip.mp4,81,WalkData,2,152,152,152,0,129,3,284,152,132,0.464788732,C:\Users\1nkas-Strix-4090-ll\Desktop\InternVL\.\GAVD-HSMR-dcm-oneperson\HSMR-DCM_81_WalkData_2_clip.npy
DCM_81_WalkData_3_clip,DCM_81_WalkData_3_clip.mp4,C:\Users\1nkas-Strix-4090-ll\Desktop\InternVL\.\Gait-videos-clipped\DCM_81_WalkData_3_clip.mp4,81,WalkData,3,151,151,151,0,150,2,301,151,150,0.49833887,C:\Users\1nkas-Strix-4090-ll\Desktop\InternVL\.\GAVD-HSMR-dcm-oneperson\HSMR-DCM_81_WalkData_3_clip.npy
DCM_81_WalkData_4_clip,DCM_81_WalkData_4_clip.mp4,C:\Users\1nkas-Strix-4090-ll\Desktop\InternVL\.\Gait-videos-clipped\DCM_81_WalkData_4_clip.mp4,81,WalkData,4,178,178,178,0,154,2,332,178,154,0.463855422,C:\Users\1nkas-Strix-4090-ll\Desktop\InternVL\.\GAVD-HSMR-dcm-oneperson\HSMR-DCM_81_WalkData_4_clip.npy
DCM_81_WalkData_5_clip,DCM_81_WalkData_5_clip.mp4,C:\Users\1nkas-Strix-4090-ll\Desktop\InternVL\.\Gait-videos-clipped\DCM_81_WalkData_5_clip.mp4,81,WalkData,5,169,169,169,0,167,2,336,169,167,0.49702381,C:\Users\1nkas-Strix-4090-ll\Desktop\InternVL\.\GAVD-HSMR-dcm-oneperson\HSMR-DCM_81_WalkData_5_clip.npy
DCM_82_FastWalkData_1_clip,DCM_82_FastWalkData_1_clip.mp4,C:\Users\1nkas-Strix-4090-ll\Desktop\InternVL\.\Gait-videos-clipped\DCM_82_FastWalkData_1_clip.mp4,82,FastWalkData,1,99,99,99,0,99,2,198,99,99,0.5,C:\Users\1nkas-Strix-4090-ll\Desktop\InternVL\.\GAVD-HSMR-dcm-oneperson\HSMR-DCM_82_FastWalkData_1_clip.npy
DCM_82_FastWalkData_2_clip,DCM_82_FastWalkData_2_clip.mp4,C:\Users\1nkas-Strix-4090-ll\Desktop\InternVL\.\Gait-videos-clipped\DCM_82_FastWalkData_2_clip.mp4,82,FastWalkData,2,99,99,99,0,99,2,198,99,99,0.5,C:\Users\1nkas-Strix-4090-ll\Desktop\InternVL\.\GAVD-HSMR-dcm-oneperson\HSMR-DCM_82_FastWalkData_2_clip.npy
DCM_82_FastWalkData_3_clip,DCM_82_FastWalkData_3_clip.mp4,C:\Users\1nkas-Strix-4090-ll\Desktop\InternVL\.\Gait-videos-clipped\DCM_82_FastWalkData_3_clip.mp4,82,FastWalkData,3,77,77,77,0,77,2,154,77,77,0.5,C:\Users\1nkas-Strix-4090-ll\Desktop\InternVL\.\GAVD-HSMR-dcm-oneperson\HSMR-DCM_82_FastWalkData_3_clip.npy
DCM_82_FastWalkData_4_clip,DCM_82_FastWalkData_4_clip.mp4,C:\Users\1nkas-Strix-4090-ll\Desktop\InternVL\.\Gait-videos-clipped\DCM_82_FastWalkData_4_clip.mp4,82,FastWalkData,4,96,96,96,0,56,3,155,96,59,0.380645161,C:\Users\1nkas-Strix-4090-ll\Desktop\InternVL\.\GAVD-HSMR-dcm-oneperson\HSMR-DCM_82_FastWalkData_4_clip.npy
DCM_82_FastWalkData_5_clip,DCM_82_FastWalkData_5_clip.mp4,C:\Users\1nkas-Strix-4090-ll\Desktop\InternVL\.\Gait-videos-clipped\DCM_82_FastWalkData_5_clip.mp4,82,FastWalkData,5,72,72,72,0,58,3,131,72,59,0.450381679,C:\Users\1nkas-Strix-4090-ll\Desktop\InternVL\.\GAVD-HSMR-dcm-oneperson\HSMR-DCM_82_FastWalkData_5_clip.npy
DCM_82_FwdWalkData_1_clip,DCM_82_FwdWalkData_1_clip.mp4,C:\Users\1nkas-Strix-4090-ll\Desktop\InternVL\.\Gait-videos-clipped\DCM_82_FwdWalkData_1_clip.mp4,82,FwdWalkData,1,126,126,126,0,0,1,126,126,0,0,C:\Users\1nkas-Strix-4090-ll\Desktop\InternVL\.\GAVD-HSMR-dcm-oneperson\HSMR-DCM_82_FwdWalkData_1_clip.npy
DCM_82_FwdWalkData_2_clip,DCM_82_FwdWalkData_2_clip.mp4,C:\Users\1nkas-Strix-4090-ll\Desktop\InternVL\.\Gait-videos-clipped\DCM_82_FwdWalkData_2_clip.mp4,82,FwdWalkData,2,128,128,128,0,1,2,129,128,1,0.007751938,C:\Users\1nkas-Strix-4090-ll\Desktop\InternVL\.\GAVD-HSMR-dcm-oneperson\HSMR-DCM_82_FwdWalkData_2_clip.npy
DCM_82_FwdWalkData_3_clip,DCM_82_FwdWalkData_3_clip.mp4,C:\Users\1nkas-Strix-4090-ll\Desktop\InternVL\.\Gait-videos-clipped\DCM_82_FwdWalkData_3_clip.mp4,82,FwdWalkData,3,99,99,99,0,16,2,115,99,16,0.139130435,C:\Users\1nkas-Strix-4090-ll\Desktop\InternVL\.\GAVD-HSMR-dcm-oneperson\HSMR-DCM_82_FwdWalkData_3_clip.npy
DCM_82_FwdWalkData_4_clip,DCM_82_FwdWalkData_4_clip.mp4,C:\Users\1nkas-Strix-4090-ll\Desktop\InternVL\.\Gait-videos-clipped\DCM_82_FwdWalkData_4_clip.mp4,82,FwdWalkData,4,80,80,80,0,3,2,83,80,3,0.036144578,C:\Users\1nkas-Strix-4090-ll\Desktop\InternVL\.\GAVD-HSMR-dcm-oneperson\HSMR-DCM_82_FwdWalkData_4_clip.npy
DCM_82_FwdWalkData_5_clip,DCM_82_FwdWalkData_5_clip.mp4,C:\Users\1nkas-Strix-4090-ll\Desktop\InternVL\.\Gait-videos-clipped\DCM_82_FwdWalkData_5_clip.mp4,82,FwdWalkData,5,120,120,120,0,0,1,120,120,0,0,C:\Users\1nkas-Strix-4090-ll\Desktop\InternVL\.\GAVD-HSMR-dcm-oneperson\HSMR-DCM_82_FwdWalkData_5_clip.npy
DCM_86_FastWalkData_1_clip,DCM_86_FastWalkData_1_clip.mp4,C:\Users\1nkas-Strix-4090-ll\Desktop\InternVL\.\Gait-videos-clipped\DCM_86_FastWalkData_1_clip.mp4,86,FastWalkData,1,91,91,91,0,91,2,182,91,91,0.5,C:\Users\1nkas-Strix-4090-ll\Desktop\InternVL\.\GAVD-HSMR-dcm-oneperson\HSMR-DCM_86_FastWalkData_1_clip.npy
DCM_86_FastWalkData_2_clip,DCM_86_FastWalkData_2_clip.mp4,C:\Users\1nkas-Strix-4090-ll\Desktop\InternVL\.\Gait-videos-clipped\DCM_86_FastWalkData_2_clip.mp4,86,FastWalkData,2,52,52,52,0,0,1,52,52,0,0,C:\Users\1nkas-Strix-4090-ll\Desktop\InternVL\.\GAVD-HSMR-dcm-oneperson\HSMR-DCM_86_FastWalkData_2_clip.npy
DCM_86_FastWalkData_3_clip,DCM_86_FastWalkData_3_clip.mp4,C:\Users\1nkas-Strix-4090-ll\Desktop\InternVL\.\Gait-videos-clipped\DCM_86_FastWalkData_3_clip.mp4,86,FastWalkData,3,85,85,85,0,85,2,170,85,85,0.5,C:\Users\1nkas-Strix-4090-ll\Desktop\InternVL\.\GAVD-HSMR-dcm-oneperson\HSMR-DCM_86_FastWalkData_3_clip.npy
DCM_86_FastWalkData_4_clip,DCM_86_FastWalkData_4_clip.mp4,C:\Users\1nkas-Strix-4090-ll\Desktop\InternVL\.\Gait-videos-clipped\DCM_86_FastWalkData_4_clip.mp4,86,FastWalkData,4,38,38,38,0,9,2,47,38,9,0.191489362,C:\Users\1nkas-Strix-4090-ll\Desktop\InternVL\.\GAVD-HSMR-dcm-oneperson\HSMR-DCM_86_FastWalkData_4_clip.npy
DCM_86_FastWalkData_5_clip,DCM_86_FastWalkData_5_clip.mp4,C:\Users\1nkas-Strix-4090-ll\Desktop\InternVL\.\Gait-videos-clipped\DCM_86_FastWalkData_5_clip.mp4,86,FastWalkData,5,56,56,56,0,4,2,60,56,4,0.066666667,C:\Users\1nkas-Strix-4090-ll\Desktop\InternVL\.\GAVD-HSMR-dcm-oneperson\HSMR-DCM_86_FastWalkData_5_clip.npy
DCM_86_WalkData_1_clip,DCM_86_WalkData_1_clip.mp4,C:\Users\1nkas-Strix-4090-ll\Desktop\InternVL\.\Gait-videos-clipped\DCM_86_WalkData_1_clip.mp4,86,WalkData,1,112,112,112,0,0,1,112,112,0,0,C:\Users\1nkas-Strix-4090-ll\Desktop\InternVL\.\GAVD-HSMR-dcm-oneperson\HSMR-DCM_86_WalkData_1_clip.npy
DCM_86_WalkData_2_clip,DCM_86_WalkData_2_clip.mp4,C:\Users\1nkas-Strix-4090-ll\Desktop\InternVL\.\Gait-videos-clipped\DCM_86_WalkData_2_clip.mp4,86,WalkData,2,95,95,95,0,0,1,95,95,0,0,C:\Users\1nkas-Strix-4090-ll\Desktop\InternVL\.\GAVD-HSMR-dcm-oneperson\HSMR-DCM_86_WalkData_2_clip.npy
DCM_86_WalkData_3_clip,DCM_86_WalkData_3_clip.mp4,C:\Users\1nkas-Strix-4090-ll\Desktop\InternVL\.\Gait-videos-clipped\DCM_86_WalkData_3_clip.mp4,86,WalkData,3,87,87,87,0,0,1,87,87,0,0,C:\Users\1nkas-Strix-4090-ll\Desktop\InternVL\.\GAVD-HSMR-dcm-oneperson\HSMR-DCM_86_WalkData_3_clip.npy
DCM_86_WalkData_4_clip,DCM_86_WalkData_4_clip.mp4,C:\Users\1nkas-Strix-4090-ll\Desktop\InternVL\.\Gait-videos-clipped\DCM_86_WalkData_4_clip.mp4,86,WalkData,4,102,102,102,0,0,1,102,102,0,0,C:\Users\1nkas-Strix-4090-ll\Desktop\InternVL\.\GAVD-HSMR-dcm-oneperson\HSMR-DCM_86_WalkData_4_clip.npy
DCM_86_WalkData_5_clip,DCM_86_WalkData_5_clip.mp4,C:\Users\1nkas-Strix-4090-ll\Desktop\InternVL\.\Gait-videos-clipped\DCM_86_WalkData_5_clip.mp4,86,WalkData,5,99,99,99,0,0,1,99,99,0,0,C:\Users\1nkas-Strix-4090-ll\Desktop\InternVL\.\GAVD-HSMR-dcm-oneperson\HSMR-DCM_86_WalkData_5_clip.npy
DCM_89_FastWalkData_1_clip,DCM_89_FastWalkData_1_clip.mp4,C:\Users\1nkas-Strix-4090-ll\Desktop\InternVL\.\Gait-videos-clipped\DCM_89_FastWalkData_1_clip.mp4,89,FastWalkData,1,86,86,86,0,69,3,157,86,71,0.452229299,C:\Users\1nkas-Strix-4090-ll\Desktop\InternVL\.\GAVD-HSMR-dcm-oneperson\HSMR-DCM_89_FastWalkData_1_clip.npy
DCM_89_FastWalkData_2_clip,DCM_89_FastWalkData_2_clip.mp4,C:\Users\1nkas-Strix-4090-ll\Desktop\InternVL\.\Gait-videos-clipped\DCM_89_FastWalkData_2_clip.mp4,89,FastWalkData,2,64,64,64,0,53,3,119,64,55,0.462184874,C:\Users\1nkas-Strix-4090-ll\Desktop\InternVL\.\GAVD-HSMR-dcm-oneperson\HSMR-DCM_89_FastWalkData_2_clip.npy
DCM_89_FastWalkData_3_clip,DCM_89_FastWalkData_3_clip.mp4,C:\Users\1nkas-Strix-4090-ll\Desktop\InternVL\.\Gait-videos-clipped\DCM_89_FastWalkData_3_clip.mp4,89,FastWalkData,3,92,92,92,0,81,2,173,92,81,0.468208092,C:\Users\1nkas-Strix-4090-ll\Desktop\InternVL\.\GAVD-HSMR-dcm-oneperson\HSMR-DCM_89_FastWalkData_3_clip.npy
DCM_89_FastWalkData_4_clip,DCM_89_FastWalkData_4_clip.mp4,C:\Users\1nkas-Strix-4090-ll\Desktop\InternVL\.\Gait-videos-clipped\DCM_89_FastWalkData_4_clip.mp4,89,FastWalkData,4,79,79,79,0,68,2,147,79,68,0.462585034,C:\Users\1nkas-Strix-4090-ll\Desktop\InternVL\.\GAVD-HSMR-dcm-oneperson\HSMR-DCM_89_FastWalkData_4_clip.npy
DCM_89_FastWalkData_5_clip,DCM_89_FastWalkData_5_clip.mp4,C:\Users\1nkas-Strix-4090-ll\Desktop\InternVL\.\Gait-videos-clipped\DCM_89_FastWalkData_5_clip.mp4,89,FastWalkData,5,100,100,100,0,77,3,178,100,78,0.438202247,C:\Users\1nkas-Strix-4090-ll\Desktop\InternVL\.\GAVD-HSMR-dcm-oneperson\HSMR-DCM_89_FastWalkData_5_clip.npy
DCM_89_WalkData_1_clip,DCM_89_WalkData_1_clip.mp4,C:\Users\1nkas-Strix-4090-ll\Desktop\InternVL\.\Gait-videos-clipped\DCM_89_WalkData_1_clip.mp4,89,WalkData,1,145,145,145,0,141,2,286,145,141,0.493006993,C:\Users\1nkas-Strix-4090-ll\Desktop\InternVL\.\GAVD-HSMR-dcm-oneperson\HSMR-DCM_89_WalkData_1_clip.npy
DCM_89_WalkData_2_clip,DCM_89_WalkData_2_clip.mp4,C:\Users\1nkas-Strix-4090-ll\Desktop\InternVL\.\Gait-videos-clipped\DCM_89_WalkData_2_clip.mp4,89,WalkData,2,149,149,149,0,141,3,291,149,142,0.487972509,C:\Users\1nkas-Strix-4090-ll\Desktop\InternVL\.\GAVD-HSMR-dcm-oneperson\HSMR-DCM_89_WalkData_2_clip.npy
DCM_89_WalkData_3_clip,DCM_89_WalkData_3_clip.mp4,C:\Users\1nkas-Strix-4090-ll\Desktop\InternVL\.\Gait-videos-clipped\DCM_89_WalkData_3_clip.mp4,89,WalkData,3,123,123,123,0,115,3,242,123,119,0.491735537,C:\Users\1nkas-Strix-4090-ll\Desktop\InternVL\.\GAVD-HSMR-dcm-oneperson\HSMR-DCM_89_WalkData_3_clip.npy
DCM_89_WalkData_4_clip,DCM_89_WalkData_4_clip.mp4,C:\Users\1nkas-Strix-4090-ll\Desktop\InternVL\.\Gait-videos-clipped\DCM_89_WalkData_4_clip.mp4,89,WalkData,4,140,140,140,0,140,2,280,140,140,0.5,C:\Users\1nkas-Strix-4090-ll\Desktop\InternVL\.\GAVD-HSMR-dcm-oneperson\HSMR-DCM_89_WalkData_4_clip.npy
DCM_92_WalkData_1_clip,DCM_92_WalkData_1_clip.mp4,C:\Users\1nkas-Strix-4090-ll\Desktop\InternVL\.\Gait-videos-clipped\DCM_92_WalkData_1_clip.mp4,92,WalkData,1,138,138,138,0,106,3,247,138,109,0.441295547,C:\Users\1nkas-Strix-4090-ll\Desktop\InternVL\.\GAVD-HSMR-dcm-oneperson\HSMR-DCM_92_WalkData_1_clip.npy
DCM_92_WalkData_2_clip,DCM_92_WalkData_2_clip.mp4,C:\Users\1nkas-Strix-4090-ll\Desktop\InternVL\.\Gait-videos-clipped\DCM_92_WalkData_2_clip.mp4,92,WalkData,2,145,145,145,0,124,2,269,145,124,0.460966543,C:\Users\1nkas-Strix-4090-ll\Desktop\InternVL\.\GAVD-HSMR-dcm-oneperson\HSMR-DCM_92_WalkData_2_clip.npy
DCM_92_WalkData_3_clip,DCM_92_WalkData_3_clip.mp4,C:\Users\1nkas-Strix-4090-ll\Desktop\InternVL\.\Gait-videos-clipped\DCM_92_WalkData_3_clip.mp4,92,WalkData,3,192,192,192,0,153,3,347,192,155,0.446685879,C:\Users\1nkas-Strix-4090-ll\Desktop\InternVL\.\GAVD-HSMR-dcm-oneperson\HSMR-DCM_92_WalkData_3_clip.npy
