seq_id,filename,subject_id,test_type,run,path,exists,ok,ndim,shape0_T,shape1_D,dtype,nan_count,inf_count,min_val,max_val,note
DCM_19_FastWalkData_1_clip,HSMR-DCM_19_FastWalkData_1_clip.npy,19,FastWalkData,1,C:\Users\1nkas-Strix-4090-ll\Desktop\InternVL\GAVD-HSMR-dcm-oneperson-filtered\HSMR-DCM_19_FastWalkData_1_clip.npy,True,True,2,109,46,float32,0,0,-3.140655994415283,3.13988995552063,
DCM_19_FastWalkData_2_clip,HSMR-DCM_19_FastWalkData_2_clip.npy,19,FastWalkData,2,C:\Users\1nkas-Strix-4090-ll\Desktop\InternVL\GAVD-HSMR-dcm-oneperson-filtered\HSMR-DCM_19_FastWalkData_2_clip.npy,True,True,2,109,46,float32,0,0,-3.141087055206299,3.1413140296936035,
DCM_19_FastWalkData_3_clip,HSMR-DCM_19_FastWalkData_3_clip.npy,19,FastWalkData,3,C:\Users\1nkas-Strix-4090-ll\Desktop\InternVL\GAVD-HSMR-dcm-oneperson-filtered\HSMR-DCM_19_FastWalkData_3_clip.npy,True,True,2,112,46,float32,0,0,-3.1404571533203125,3.1392085552215576,
DCM_19_FastWalkData_4_clip,HSMR-DCM_19_FastWalkData_4_clip.npy,19,FastWalkData,4,C:\Users\1nkas-Strix-4090-ll\Desktop\InternVL\GAVD-HSMR-dcm-oneperson-filtered\HSMR-DCM_19_FastWalkData_4_clip.npy,True,True,2,113,46,float32,0,0,-3.1414265632629395,3.141105890274048,
DCM_19_FastWalkData_5_clip,HSMR-DCM_19_FastWalkData_5_clip.npy,19,FastWalkData,5,C:\Users\1nkas-Strix-4090-ll\Desktop\InternVL\GAVD-HSMR-dcm-oneperson-filtered\HSMR-DCM_19_FastWalkData_5_clip.npy,True,True,2,116,46,float32,0,0,-3.139554977416992,3.1399452686309814,
DCM_19_WalkData_1_clip,HSMR-DCM_19_WalkData_1_clip.npy,19,WalkData,1,C:\Users\1nkas-Strix-4090-ll\Desktop\InternVL\GAVD-HSMR-dcm-oneperson-filtered\HSMR-DCM_19_WalkData_1_clip.npy,True,True,2,209,46,float32,0,0,-3.1399033069610596,3.1415069103240967,
DCM_19_WalkData_2_clip,HSMR-DCM_19_WalkData_2_clip.npy,19,WalkData,2,C:\Users\1nkas-Strix-4090-ll\Desktop\InternVL\GAVD-HSMR-dcm-oneperson-filtered\HSMR-DCM_19_WalkData_2_clip.npy,True,True,2,194,46,float32,0,0,-3.1415910720825195,3.1406426429748535,
DCM_19_WalkData_3_clip,HSMR-DCM_19_WalkData_3_clip.npy,19,WalkData,3,C:\Users\1nkas-Strix-4090-ll\Desktop\InternVL\GAVD-HSMR-dcm-oneperson-filtered\HSMR-DCM_19_WalkData_3_clip.npy,True,True,2,164,46,float32,0,0,-3.137037515640259,3.1400325298309326,
DCM_19_WalkData_4_clip,HSMR-DCM_19_WalkData_4_clip.npy,19,WalkData,4,C:\Users\1nkas-Strix-4090-ll\Desktop\InternVL\GAVD-HSMR-dcm-oneperson-filtered\HSMR-DCM_19_WalkData_4_clip.npy,True,True,2,153,46,float32,0,0,-3.138975143432617,3.1405179500579834,
DCM_19_WalkData_5_clip,HSMR-DCM_19_WalkData_5_clip.npy,19,WalkData,5,C:\Users\1nkas-Strix-4090-ll\Desktop\InternVL\GAVD-HSMR-dcm-oneperson-filtered\HSMR-DCM_19_WalkData_5_clip.npy,True,True,2,141,46,float32,0,0,-3.1406712532043457,3.139930248260498,
DCM_19_WalkData_6_clip,HSMR-DCM_19_WalkData_6_clip.npy,19,WalkData,6,C:\Users\1nkas-Strix-4090-ll\Desktop\InternVL\GAVD-HSMR-dcm-oneperson-filtered\HSMR-DCM_19_WalkData_6_clip.npy,True,True,2,183,46,float32,0,0,-3.1399481296539307,3.141218423843384,
DCM_20_FastWalkData_1_clip,HSMR-DCM_20_FastWalkData_1_clip.npy,20,FastWalkData,1,C:\Users\1nkas-Strix-4090-ll\Desktop\InternVL\GAVD-HSMR-dcm-oneperson-filtered\HSMR-DCM_20_FastWalkData_1_clip.npy,True,True,2,80,46,float32,0,0,-3.141101598739624,3.1413183212280273,
DCM_20_FastWalkData_2_clip,HSMR-DCM_20_FastWalkData_2_clip.npy,20,FastWalkData,2,C:\Users\1nkas-Strix-4090-ll\Desktop\InternVL\GAVD-HSMR-dcm-oneperson-filtered\HSMR-DCM_20_FastWalkData_2_clip.npy,True,True,2,82,46,float32,0,0,-3.1391851902008057,3.140326738357544,
DCM_20_FastWalkData_3_clip,HSMR-DCM_20_FastWalkData_3_clip.npy,20,FastWalkData,3,C:\Users\1nkas-Strix-4090-ll\Desktop\InternVL\GAVD-HSMR-dcm-oneperson-filtered\HSMR-DCM_20_FastWalkData_3_clip.npy,True,True,2,92,46,float32,0,0,-3.140336036682129,3.138490676879883,
DCM_20_FastWalkData_4_clip,HSMR-DCM_20_FastWalkData_4_clip.npy,20,FastWalkData,4,C:\Users\1nkas-Strix-4090-ll\Desktop\InternVL\GAVD-HSMR-dcm-oneperson-filtered\HSMR-DCM_20_FastWalkData_4_clip.npy,True,True,2,92,46,float32,0,0,-3.1383864879608154,3.140720844268799,
DCM_20_FastWalkData_5_clip,HSMR-DCM_20_FastWalkData_5_clip.npy,20,FastWalkData,5,C:\Users\1nkas-Strix-4090-ll\Desktop\InternVL\GAVD-HSMR-dcm-oneperson-filtered\HSMR-DCM_20_FastWalkData_5_clip.npy,True,True,2,91,46,float32,0,0,-3.1382217407226562,3.1412649154663086,
DCM_20_WalkData_1_clip,HSMR-DCM_20_WalkData_1_clip.npy,20,WalkData,1,C:\Users\1nkas-Strix-4090-ll\Desktop\InternVL\GAVD-HSMR-dcm-oneperson-filtered\HSMR-DCM_20_WalkData_1_clip.npy,True,True,2,197,46,float32,0,0,-3.1410470008850098,3.141482353210449,
DCM_20_WalkData_2_clip,HSMR-DCM_20_WalkData_2_clip.npy,20,WalkData,2,C:\Users\1nkas-Strix-4090-ll\Desktop\InternVL\GAVD-HSMR-dcm-oneperson-filtered\HSMR-DCM_20_WalkData_2_clip.npy,True,True,2,148,46,float32,0,0,-3.1414597034454346,3.1412203311920166,
DCM_20_WalkData_3_clip,HSMR-DCM_20_WalkData_3_clip.npy,20,WalkData,3,C:\Users\1nkas-Strix-4090-ll\Desktop\InternVL\GAVD-HSMR-dcm-oneperson-filtered\HSMR-DCM_20_WalkData_3_clip.npy,True,True,2,141,46,float32,0,0,-3.141458511352539,3.140770673751831,
DCM_20_WalkData_4_clip,HSMR-DCM_20_WalkData_4_clip.npy,20,WalkData,4,C:\Users\1nkas-Strix-4090-ll\Desktop\InternVL\GAVD-HSMR-dcm-oneperson-filtered\HSMR-DCM_20_WalkData_4_clip.npy,True,True,2,119,46,float32,0,0,-3.1410155296325684,3.141069173812866,
DCM_20_WalkData_5_clip,HSMR-DCM_20_WalkData_5_clip.npy,20,WalkData,5,C:\Users\1nkas-Strix-4090-ll\Desktop\InternVL\GAVD-HSMR-dcm-oneperson-filtered\HSMR-DCM_20_WalkData_5_clip.npy,True,True,2,130,46,float32,0,0,-3.1410105228424072,3.1406328678131104,
DCM_21_FastWalkData_2_clip,HSMR-DCM_21_FastWalkData_2_clip.npy,21,FastWalkData,2,C:\Users\1nkas-Strix-4090-ll\Desktop\InternVL\GAVD-HSMR-dcm-oneperson-filtered\HSMR-DCM_21_FastWalkData_2_clip.npy,True,True,2,111,46,float32,0,0,-3.141580104827881,3.1408965587615967,
DCM_21_FastWalkData_3_clip,HSMR-DCM_21_FastWalkData_3_clip.npy,21,FastWalkData,3,C:\Users\1nkas-Strix-4090-ll\Desktop\InternVL\GAVD-HSMR-dcm-oneperson-filtered\HSMR-DCM_21_FastWalkData_3_clip.npy,True,True,2,105,46,float32,0,0,-0.9471041560173035,3.09079909324646,
DCM_21_WalkData_1_clip,HSMR-DCM_21_WalkData_1_clip.npy,21,WalkData,1,C:\Users\1nkas-Strix-4090-ll\Desktop\InternVL\GAVD-HSMR-dcm-oneperson-filtered\HSMR-DCM_21_WalkData_1_clip.npy,True,True,2,80,46,float32,0,0,-3.1176211833953857,3.135347604751587,
DCM_21_WalkData_2_clip,HSMR-DCM_21_WalkData_2_clip.npy,21,WalkData,2,C:\Users\1nkas-Strix-4090-ll\Desktop\InternVL\GAVD-HSMR-dcm-oneperson-filtered\HSMR-DCM_21_WalkData_2_clip.npy,True,True,2,144,46,float32,0,0,-0.9412307143211365,3.1280829906463623,
DCM_21_WalkData_3_clip,HSMR-DCM_21_WalkData_3_clip.npy,21,WalkData,3,C:\Users\1nkas-Strix-4090-ll\Desktop\InternVL\GAVD-HSMR-dcm-oneperson-filtered\HSMR-DCM_21_WalkData_3_clip.npy,True,True,2,198,46,float32,0,0,-3.133664846420288,3.140558958053589,
DCM_21_WalkData_4_clip,HSMR-DCM_21_WalkData_4_clip.npy,21,WalkData,4,C:\Users\1nkas-Strix-4090-ll\Desktop\InternVL\GAVD-HSMR-dcm-oneperson-filtered\HSMR-DCM_21_WalkData_4_clip.npy,True,True,2,116,46,float32,0,0,-3.1410534381866455,3.140430212020874,
DCM_21_WalkData_5_clip,HSMR-DCM_21_WalkData_5_clip.npy,21,WalkData,5,C:\Users\1nkas-Strix-4090-ll\Desktop\InternVL\GAVD-HSMR-dcm-oneperson-filtered\HSMR-DCM_21_WalkData_5_clip.npy,True,True,2,151,46,float32,0,0,-3.1049602031707764,3.137507915496826,
DCM_22_FastWalkData_1_clip,HSMR-DCM_22_FastWalkData_1_clip.npy,22,FastWalkData,1,C:\Users\1nkas-Strix-4090-ll\Desktop\InternVL\GAVD-HSMR-dcm-oneperson-filtered\HSMR-DCM_22_FastWalkData_1_clip.npy,True,True,2,478,46,float32,0,0,-3.141413688659668,3.1412594318389893,
DCM_22_FastWalkData_2_clip,HSMR-DCM_22_FastWalkData_2_clip.npy,22,FastWalkData,2,C:\Users\1nkas-Strix-4090-ll\Desktop\InternVL\GAVD-HSMR-dcm-oneperson-filtered\HSMR-DCM_22_FastWalkData_2_clip.npy,True,True,2,612,46,float32,0,0,-3.141547203063965,3.1414718627929688,
DCM_22_FastWalkData_3_clip,HSMR-DCM_22_FastWalkData_3_clip.npy,22,FastWalkData,3,C:\Users\1nkas-Strix-4090-ll\Desktop\InternVL\GAVD-HSMR-dcm-oneperson-filtered\HSMR-DCM_22_FastWalkData_3_clip.npy,True,True,2,585,46,float32,0,0,-3.141315221786499,3.141296863555908,
DCM_22_FastWalkData_4_clip,HSMR-DCM_22_FastWalkData_4_clip.npy,22,FastWalkData,4,C:\Users\1nkas-Strix-4090-ll\Desktop\InternVL\GAVD-HSMR-dcm-oneperson-filtered\HSMR-DCM_22_FastWalkData_4_clip.npy,True,True,2,614,46,float32,0,0,-3.141540288925171,3.141188859939575,
DCM_22_FastWalkData_5_clip,HSMR-DCM_22_FastWalkData_5_clip.npy,22,FastWalkData,5,C:\Users\1nkas-Strix-4090-ll\Desktop\InternVL\GAVD-HSMR-dcm-oneperson-filtered\HSMR-DCM_22_FastWalkData_5_clip.npy,True,True,2,562,46,float32,0,0,-0.9224786758422852,3.133574962615967,
DCM_22_WalkData_1_clip,HSMR-DCM_22_WalkData_1_clip.npy,22,WalkData,1,C:\Users\1nkas-Strix-4090-ll\Desktop\InternVL\GAVD-HSMR-dcm-oneperson-filtered\HSMR-DCM_22_WalkData_1_clip.npy,True,True,2,500,46,float32,0,0,-3.1415464878082275,3.1414060592651367,
DCM_22_WalkData_2_clip,HSMR-DCM_22_WalkData_2_clip.npy,22,WalkData,2,C:\Users\1nkas-Strix-4090-ll\Desktop\InternVL\GAVD-HSMR-dcm-oneperson-filtered\HSMR-DCM_22_WalkData_2_clip.npy,True,True,2,805,46,float32,0,0,-3.1412158012390137,3.1413955688476562,
DCM_22_WalkData_3_clip,HSMR-DCM_22_WalkData_3_clip.npy,22,WalkData,3,C:\Users\1nkas-Strix-4090-ll\Desktop\InternVL\GAVD-HSMR-dcm-oneperson-filtered\HSMR-DCM_22_WalkData_3_clip.npy,True,True,2,840,46,float32,0,0,-3.141441583633423,3.1415059566497803,
DCM_22_WalkData_4_clip,HSMR-DCM_22_WalkData_4_clip.npy,22,WalkData,4,C:\Users\1nkas-Strix-4090-ll\Desktop\InternVL\GAVD-HSMR-dcm-oneperson-filtered\HSMR-DCM_22_WalkData_4_clip.npy,True,True,2,596,46,float32,0,0,-3.141479015350342,3.1415441036224365,
DCM_22_WalkData_5_clip,HSMR-DCM_22_WalkData_5_clip.npy,22,WalkData,5,C:\Users\1nkas-Strix-4090-ll\Desktop\InternVL\GAVD-HSMR-dcm-oneperson-filtered\HSMR-DCM_22_WalkData_5_clip.npy,True,True,2,630,46,float32,0,0,-3.141057252883911,3.1414594650268555,
DCM_22_WalkData_6_clip,HSMR-DCM_22_WalkData_6_clip.npy,22,WalkData,6,C:\Users\1nkas-Strix-4090-ll\Desktop\InternVL\GAVD-HSMR-dcm-oneperson-filtered\HSMR-DCM_22_WalkData_6_clip.npy,True,True,2,539,46,float32,0,0,-3.141475200653076,3.141082763671875,
DCM_25_FastWalkData_1_clip,HSMR-DCM_25_FastWalkData_1_clip.npy,25,FastWalkData,1,C:\Users\1nkas-Strix-4090-ll\Desktop\InternVL\GAVD-HSMR-dcm-oneperson-filtered\HSMR-DCM_25_FastWalkData_1_clip.npy,True,True,2,138,46,float32,0,0,-0.9359697699546814,3.128091812133789,
DCM_25_FastWalkData_2_clip,HSMR-DCM_25_FastWalkData_2_clip.npy,25,FastWalkData,2,C:\Users\1nkas-Strix-4090-ll\Desktop\InternVL\GAVD-HSMR-dcm-oneperson-filtered\HSMR-DCM_25_FastWalkData_2_clip.npy,True,True,2,130,46,float32,0,0,-0.9611132740974426,3.094865560531616,
DCM_25_FastWalkData_3_clip,HSMR-DCM_25_FastWalkData_3_clip.npy,25,FastWalkData,3,C:\Users\1nkas-Strix-4090-ll\Desktop\InternVL\GAVD-HSMR-dcm-oneperson-filtered\HSMR-DCM_25_FastWalkData_3_clip.npy,True,True,2,135,46,float32,0,0,-3.1399199962615967,3.1367897987365723,
DCM_25_FastWalkData_4_clip,HSMR-DCM_25_FastWalkData_4_clip.npy,25,FastWalkData,4,C:\Users\1nkas-Strix-4090-ll\Desktop\InternVL\GAVD-HSMR-dcm-oneperson-filtered\HSMR-DCM_25_FastWalkData_4_clip.npy,True,True,2,136,46,float32,0,0,-3.1406261920928955,3.1404106616973877,
DCM_25_FastWalkData_5_clip,HSMR-DCM_25_FastWalkData_5_clip.npy,25,FastWalkData,5,C:\Users\1nkas-Strix-4090-ll\Desktop\InternVL\GAVD-HSMR-dcm-oneperson-filtered\HSMR-DCM_25_FastWalkData_5_clip.npy,True,True,2,115,46,float32,0,0,-3.1349356174468994,3.135219097137451,
DCM_25_WalkData_2_clip,HSMR-DCM_25_WalkData_2_clip.npy,25,WalkData,2,C:\Users\1nkas-Strix-4090-ll\Desktop\InternVL\GAVD-HSMR-dcm-oneperson-filtered\HSMR-DCM_25_WalkData_2_clip.npy,True,True,2,205,46,float32,0,0,-3.1415247917175293,3.138657331466675,
DCM_25_WalkData_3_clip,HSMR-DCM_25_WalkData_3_clip.npy,25,WalkData,3,C:\Users\1nkas-Strix-4090-ll\Desktop\InternVL\GAVD-HSMR-dcm-oneperson-filtered\HSMR-DCM_25_WalkData_3_clip.npy,True,True,2,184,46,float32,0,0,-3.141188859939575,3.141322135925293,
DCM_25_WalkData_4_clip,HSMR-DCM_25_WalkData_4_clip.npy,25,WalkData,4,C:\Users\1nkas-Strix-4090-ll\Desktop\InternVL\GAVD-HSMR-dcm-oneperson-filtered\HSMR-DCM_25_WalkData_4_clip.npy,True,True,2,155,46,float32,0,0,-3.1362063884735107,3.141050100326538,
DCM_25_WalkData_5_clip,HSMR-DCM_25_WalkData_5_clip.npy,25,WalkData,5,C:\Users\1nkas-Strix-4090-ll\Desktop\InternVL\GAVD-HSMR-dcm-oneperson-filtered\HSMR-DCM_25_WalkData_5_clip.npy,True,True,2,177,46,float32,0,0,-3.140765905380249,3.138511896133423,
DCM_25_WalkData_6_clip,HSMR-DCM_25_WalkData_6_clip.npy,25,WalkData,6,C:\Users\1nkas-Strix-4090-ll\Desktop\InternVL\GAVD-HSMR-dcm-oneperson-filtered\HSMR-DCM_25_WalkData_6_clip.npy,True,True,2,198,46,float32,0,0,-2.57472825050354,3.1291797161102295,
DCM_29_FastWalkData_1_clip,HSMR-DCM_29_FastWalkData_1_clip.npy,29,FastWalkData,1,C:\Users\1nkas-Strix-4090-ll\Desktop\InternVL\GAVD-HSMR-dcm-oneperson-filtered\HSMR-DCM_29_FastWalkData_1_clip.npy,True,True,2,75,46,float32,0,0,-3.1335785388946533,3.140432834625244,
DCM_29_FastWalkData_2_clip,HSMR-DCM_29_FastWalkData_2_clip.npy,29,FastWalkData,2,C:\Users\1nkas-Strix-4090-ll\Desktop\InternVL\GAVD-HSMR-dcm-oneperson-filtered\HSMR-DCM_29_FastWalkData_2_clip.npy,True,True,2,103,46,float32,0,0,-0.9150852560997009,3.113339900970459,
DCM_29_FastWalkData_3_clip,HSMR-DCM_29_FastWalkData_3_clip.npy,29,FastWalkData,3,C:\Users\1nkas-Strix-4090-ll\Desktop\InternVL\GAVD-HSMR-dcm-oneperson-filtered\HSMR-DCM_29_FastWalkData_3_clip.npy,True,True,2,105,46,float32,0,0,-0.9153108596801758,3.1308703422546387,
DCM_29_FastWalkData_4_clip,HSMR-DCM_29_FastWalkData_4_clip.npy,29,FastWalkData,4,C:\Users\1nkas-Strix-4090-ll\Desktop\InternVL\GAVD-HSMR-dcm-oneperson-filtered\HSMR-DCM_29_FastWalkData_4_clip.npy,True,True,2,101,46,float32,0,0,-0.8998284935951233,3.1062376499176025,
DCM_29_FastWalkData_5_clip,HSMR-DCM_29_FastWalkData_5_clip.npy,29,FastWalkData,5,C:\Users\1nkas-Strix-4090-ll\Desktop\InternVL\GAVD-HSMR-dcm-oneperson-filtered\HSMR-DCM_29_FastWalkData_5_clip.npy,True,True,2,115,46,float32,0,0,-0.9158663153648376,3.126068592071533,
DCM_29_WalkData_1_clip,HSMR-DCM_29_WalkData_1_clip.npy,29,WalkData,1,C:\Users\1nkas-Strix-4090-ll\Desktop\InternVL\GAVD-HSMR-dcm-oneperson-filtered\HSMR-DCM_29_WalkData_1_clip.npy,True,True,2,176,46,float32,0,0,-3.141448497772217,3.141583204269409,
DCM_29_WalkData_2_clip,HSMR-DCM_29_WalkData_2_clip.npy,29,WalkData,2,C:\Users\1nkas-Strix-4090-ll\Desktop\InternVL\GAVD-HSMR-dcm-oneperson-filtered\HSMR-DCM_29_WalkData_2_clip.npy,True,True,2,147,46,float32,0,0,-3.141458511352539,3.1408493518829346,
DCM_29_WalkData_3_clip,HSMR-DCM_29_WalkData_3_clip.npy,29,WalkData,3,C:\Users\1nkas-Strix-4090-ll\Desktop\InternVL\GAVD-HSMR-dcm-oneperson-filtered\HSMR-DCM_29_WalkData_3_clip.npy,True,True,2,129,46,float32,0,0,-0.9248751401901245,3.119710922241211,
DCM_29_WalkData_4_clip,HSMR-DCM_29_WalkData_4_clip.npy,29,WalkData,4,C:\Users\1nkas-Strix-4090-ll\Desktop\InternVL\GAVD-HSMR-dcm-oneperson-filtered\HSMR-DCM_29_WalkData_4_clip.npy,True,True,2,135,46,float32,0,0,-0.9107668399810791,3.112189531326294,
DCM_29_WalkData_5_clip,HSMR-DCM_29_WalkData_5_clip.npy,29,WalkData,5,C:\Users\1nkas-Strix-4090-ll\Desktop\InternVL\GAVD-HSMR-dcm-oneperson-filtered\HSMR-DCM_29_WalkData_5_clip.npy,True,True,2,141,46,float32,0,0,-3.138822555541992,3.1412036418914795,
DCM_30_FastWalkData_1_clip,HSMR-DCM_30_FastWalkData_1_clip.npy,30,FastWalkData,1,C:\Users\1nkas-Strix-4090-ll\Desktop\InternVL\GAVD-HSMR-dcm-oneperson-filtered\HSMR-DCM_30_FastWalkData_1_clip.npy,True,True,2,106,46,float32,0,0,-3.1412041187286377,3.1409828662872314,
DCM_30_FastWalkData_2_clip,HSMR-DCM_30_FastWalkData_2_clip.npy,30,FastWalkData,2,C:\Users\1nkas-Strix-4090-ll\Desktop\InternVL\GAVD-HSMR-dcm-oneperson-filtered\HSMR-DCM_30_FastWalkData_2_clip.npy,True,True,2,108,46,float32,0,0,-3.141479969024658,3.1397275924682617,
DCM_30_FastWalkData_4_clip,HSMR-DCM_30_FastWalkData_4_clip.npy,30,FastWalkData,4,C:\Users\1nkas-Strix-4090-ll\Desktop\InternVL\GAVD-HSMR-dcm-oneperson-filtered\HSMR-DCM_30_FastWalkData_4_clip.npy,True,True,2,107,46,float32,0,0,-3.138685941696167,3.1409831047058105,
DCM_30_FastWalkData_5_clip,HSMR-DCM_30_FastWalkData_5_clip.npy,30,FastWalkData,5,C:\Users\1nkas-Strix-4090-ll\Desktop\InternVL\GAVD-HSMR-dcm-oneperson-filtered\HSMR-DCM_30_FastWalkData_5_clip.npy,True,True,2,109,46,float32,0,0,-3.141284942626953,3.14032244682312,
DCM_30_WalkData_1_clip,HSMR-DCM_30_WalkData_1_clip.npy,30,WalkData,1,C:\Users\1nkas-Strix-4090-ll\Desktop\InternVL\GAVD-HSMR-dcm-oneperson-filtered\HSMR-DCM_30_WalkData_1_clip.npy,True,True,2,150,46,float32,0,0,-3.14077091217041,3.1389968395233154,
DCM_30_WalkData_2_clip,HSMR-DCM_30_WalkData_2_clip.npy,30,WalkData,2,C:\Users\1nkas-Strix-4090-ll\Desktop\InternVL\GAVD-HSMR-dcm-oneperson-filtered\HSMR-DCM_30_WalkData_2_clip.npy,True,True,2,126,46,float32,0,0,-3.139040470123291,3.1414601802825928,
DCM_30_WalkData_3_clip,HSMR-DCM_30_WalkData_3_clip.npy,30,WalkData,3,C:\Users\1nkas-Strix-4090-ll\Desktop\InternVL\GAVD-HSMR-dcm-oneperson-filtered\HSMR-DCM_30_WalkData_3_clip.npy,True,True,2,138,46,float32,0,0,-3.1414847373962402,3.140491247177124,
DCM_30_WalkData_4_clip,HSMR-DCM_30_WalkData_4_clip.npy,30,WalkData,4,C:\Users\1nkas-Strix-4090-ll\Desktop\InternVL\GAVD-HSMR-dcm-oneperson-filtered\HSMR-DCM_30_WalkData_4_clip.npy,True,True,2,167,46,float32,0,0,-3.141157388687134,3.141284704208374,
DCM_30_WalkData_5_clip,HSMR-DCM_30_WalkData_5_clip.npy,30,WalkData,5,C:\Users\1nkas-Strix-4090-ll\Desktop\InternVL\GAVD-HSMR-dcm-oneperson-filtered\HSMR-DCM_30_WalkData_5_clip.npy,True,True,2,143,46,float32,0,0,-3.141242504119873,3.140498399734497,
DCM_33_FastWalkData_1_clip,HSMR-DCM_33_FastWalkData_1_clip.npy,33,FastWalkData,1,C:\Users\1nkas-Strix-4090-ll\Desktop\InternVL\GAVD-HSMR-dcm-oneperson-filtered\HSMR-DCM_33_FastWalkData_1_clip.npy,True,True,2,82,46,float32,0,0,-3.13871693611145,3.1405818462371826,
DCM_33_FastWalkData_2_clip,HSMR-DCM_33_FastWalkData_2_clip.npy,33,FastWalkData,2,C:\Users\1nkas-Strix-4090-ll\Desktop\InternVL\GAVD-HSMR-dcm-oneperson-filtered\HSMR-DCM_33_FastWalkData_2_clip.npy,True,True,2,90,46,float32,0,0,-3.139519453048706,3.1415603160858154,
DCM_33_FastWalkData_3_clip,HSMR-DCM_33_FastWalkData_3_clip.npy,33,FastWalkData,3,C:\Users\1nkas-Strix-4090-ll\Desktop\InternVL\GAVD-HSMR-dcm-oneperson-filtered\HSMR-DCM_33_FastWalkData_3_clip.npy,True,True,2,85,46,float32,0,0,-3.1405322551727295,3.140204668045044,
DCM_33_FastWalkData_4_clip,HSMR-DCM_33_FastWalkData_4_clip.npy,33,FastWalkData,4,C:\Users\1nkas-Strix-4090-ll\Desktop\InternVL\GAVD-HSMR-dcm-oneperson-filtered\HSMR-DCM_33_FastWalkData_4_clip.npy,True,True,2,88,46,float32,0,0,-3.1407389640808105,3.1406147480010986,
DCM_33_FastWalkData_5_clip,HSMR-DCM_33_FastWalkData_5_clip.npy,33,FastWalkData,5,C:\Users\1nkas-Strix-4090-ll\Desktop\InternVL\GAVD-HSMR-dcm-oneperson-filtered\HSMR-DCM_33_FastWalkData_5_clip.npy,True,True,2,91,46,float32,0,0,-3.1414287090301514,3.1415016651153564,
DCM_33_WalkData_1_clip,HSMR-DCM_33_WalkData_1_clip.npy,33,WalkData,1,C:\Users\1nkas-Strix-4090-ll\Desktop\InternVL\GAVD-HSMR-dcm-oneperson-filtered\HSMR-DCM_33_WalkData_1_clip.npy,True,True,2,161,46,float32,0,0,-3.1279428005218506,2.5020060539245605,
DCM_33_WalkData_2_clip,HSMR-DCM_33_WalkData_2_clip.npy,33,WalkData,2,C:\Users\1nkas-Strix-4090-ll\Desktop\InternVL\GAVD-HSMR-dcm-oneperson-filtered\HSMR-DCM_33_WalkData_2_clip.npy,True,True,2,111,46,float32,0,0,-3.1332595348358154,2.39587140083313,
DCM_33_WalkData_4_clip,HSMR-DCM_33_WalkData_4_clip.npy,33,WalkData,4,C:\Users\1nkas-Strix-4090-ll\Desktop\InternVL\GAVD-HSMR-dcm-oneperson-filtered\HSMR-DCM_33_WalkData_4_clip.npy,True,True,2,135,46,float32,0,0,-3.1414246559143066,3.141205310821533,
DCM_33_WalkData_5_clip,HSMR-DCM_33_WalkData_5_clip.npy,33,WalkData,5,C:\Users\1nkas-Strix-4090-ll\Desktop\InternVL\GAVD-HSMR-dcm-oneperson-filtered\HSMR-DCM_33_WalkData_5_clip.npy,True,True,2,128,46,float32,0,0,-3.139850378036499,3.1377716064453125,
DCM_36_FastWalkData_3_clip,HSMR-DCM_36_FastWalkData_3_clip.npy,36,FastWalkData,3,C:\Users\1nkas-Strix-4090-ll\Desktop\InternVL\GAVD-HSMR-dcm-oneperson-filtered\HSMR-DCM_36_FastWalkData_3_clip.npy,True,True,2,128,46,float32,0,0,-3.140742778778076,3.14009952545166,
DCM_36_FastWalkData_4_clip,HSMR-DCM_36_FastWalkData_4_clip.npy,36,FastWalkData,4,C:\Users\1nkas-Strix-4090-ll\Desktop\InternVL\GAVD-HSMR-dcm-oneperson-filtered\HSMR-DCM_36_FastWalkData_4_clip.npy,True,True,2,126,46,float32,0,0,-3.1397714614868164,3.139190435409546,
DCM_36_WalkData_1_clip,HSMR-DCM_36_WalkData_1_clip.npy,36,WalkData,1,C:\Users\1nkas-Strix-4090-ll\Desktop\InternVL\GAVD-HSMR-dcm-oneperson-filtered\HSMR-DCM_36_WalkData_1_clip.npy,True,True,2,168,46,float32,0,0,-3.140456199645996,3.1415114402770996,
DCM_36_WalkData_2_clip,HSMR-DCM_36_WalkData_2_clip.npy,36,WalkData,2,C:\Users\1nkas-Strix-4090-ll\Desktop\InternVL\GAVD-HSMR-dcm-oneperson-filtered\HSMR-DCM_36_WalkData_2_clip.npy,True,True,2,154,46,float32,0,0,-3.138526201248169,3.1408450603485107,
DCM_36_WalkData_3_clip,HSMR-DCM_36_WalkData_3_clip.npy,36,WalkData,3,C:\Users\1nkas-Strix-4090-ll\Desktop\InternVL\GAVD-HSMR-dcm-oneperson-filtered\HSMR-DCM_36_WalkData_3_clip.npy,True,True,2,131,46,float32,0,0,-3.1413493156433105,3.1402907371520996,
DCM_36_WalkData_4_clip,HSMR-DCM_36_WalkData_4_clip.npy,36,WalkData,4,C:\Users\1nkas-Strix-4090-ll\Desktop\InternVL\GAVD-HSMR-dcm-oneperson-filtered\HSMR-DCM_36_WalkData_4_clip.npy,True,True,2,150,46,float32,0,0,-3.1414737701416016,3.1404333114624023,
DCM_36_WalkData_5_clip,HSMR-DCM_36_WalkData_5_clip.npy,36,WalkData,5,C:\Users\1nkas-Strix-4090-ll\Desktop\InternVL\GAVD-HSMR-dcm-oneperson-filtered\HSMR-DCM_36_WalkData_5_clip.npy,True,True,2,119,46,float32,0,0,-3.13633131980896,3.1413936614990234,
DCM_36_WalkData_6_clip,HSMR-DCM_36_WalkData_6_clip.npy,36,WalkData,6,C:\Users\1nkas-Strix-4090-ll\Desktop\InternVL\GAVD-HSMR-dcm-oneperson-filtered\HSMR-DCM_36_WalkData_6_clip.npy,True,True,2,130,46,float32,0,0,-3.138331890106201,3.14155650138855,
DCM_37_FastWalkData_1_clip,HSMR-DCM_37_FastWalkData_1_clip.npy,37,FastWalkData,1,C:\Users\1nkas-Strix-4090-ll\Desktop\InternVL\GAVD-HSMR-dcm-oneperson-filtered\HSMR-DCM_37_FastWalkData_1_clip.npy,True,True,2,197,46,float32,0,0,-3.141008138656616,3.140928268432617,
DCM_37_FastWalkData_2_clip,HSMR-DCM_37_FastWalkData_2_clip.npy,37,FastWalkData,2,C:\Users\1nkas-Strix-4090-ll\Desktop\InternVL\GAVD-HSMR-dcm-oneperson-filtered\HSMR-DCM_37_FastWalkData_2_clip.npy,True,True,2,197,46,float32,0,0,-3.140133857727051,3.140298843383789,
DCM_37_WalkData_1_clip,HSMR-DCM_37_WalkData_1_clip.npy,37,WalkData,1,C:\Users\1nkas-Strix-4090-ll\Desktop\InternVL\GAVD-HSMR-dcm-oneperson-filtered\HSMR-DCM_37_WalkData_1_clip.npy,True,True,2,230,46,float32,0,0,-3.141331434249878,3.141045331954956,
DCM_37_WalkData_2_clip,HSMR-DCM_37_WalkData_2_clip.npy,37,WalkData,2,C:\Users\1nkas-Strix-4090-ll\Desktop\InternVL\GAVD-HSMR-dcm-oneperson-filtered\HSMR-DCM_37_WalkData_2_clip.npy,True,True,2,153,46,float32,0,0,-0.9767522811889648,3.1251397132873535,
DCM_37_WalkData_3_clip,HSMR-DCM_37_WalkData_3_clip.npy,37,WalkData,3,C:\Users\1nkas-Strix-4090-ll\Desktop\InternVL\GAVD-HSMR-dcm-oneperson-filtered\HSMR-DCM_37_WalkData_3_clip.npy,True,True,2,152,46,float32,0,0,-0.9866578578948975,3.127479076385498,
DCM_37_WalkData_4_clip,HSMR-DCM_37_WalkData_4_clip.npy,37,WalkData,4,C:\Users\1nkas-Strix-4090-ll\Desktop\InternVL\GAVD-HSMR-dcm-oneperson-filtered\HSMR-DCM_37_WalkData_4_clip.npy,True,True,2,160,46,float32,0,0,-0.9639477133750916,3.1350767612457275,
DCM_37_WalkData_5_clip,HSMR-DCM_37_WalkData_5_clip.npy,37,WalkData,5,C:\Users\1nkas-Strix-4090-ll\Desktop\InternVL\GAVD-HSMR-dcm-oneperson-filtered\HSMR-DCM_37_WalkData_5_clip.npy,True,True,2,188,46,float32,0,0,-3.140411853790283,3.1403911113739014,
DCM_38_WalkData_1_clip,HSMR-DCM_38_WalkData_1_clip.npy,38,WalkData,1,C:\Users\1nkas-Strix-4090-ll\Desktop\InternVL\GAVD-HSMR-dcm-oneperson-filtered\HSMR-DCM_38_WalkData_1_clip.npy,True,True,2,239,46,float32,0,0,-0.9012039303779602,3.0908734798431396,
DCM_38_WalkData_2_clip,HSMR-DCM_38_WalkData_2_clip.npy,38,WalkData,2,C:\Users\1nkas-Strix-4090-ll\Desktop\InternVL\GAVD-HSMR-dcm-oneperson-filtered\HSMR-DCM_38_WalkData_2_clip.npy,True,True,2,206,46,float32,0,0,-0.885591983795166,3.114595413208008,
DCM_38_WalkData_3_clip,HSMR-DCM_38_WalkData_3_clip.npy,38,WalkData,3,C:\Users\1nkas-Strix-4090-ll\Desktop\InternVL\GAVD-HSMR-dcm-oneperson-filtered\HSMR-DCM_38_WalkData_3_clip.npy,True,True,2,248,46,float32,0,0,-3.139735460281372,3.139453887939453,
DCM_38_WalkData_5_clip,HSMR-DCM_38_WalkData_5_clip.npy,38,WalkData,5,C:\Users\1nkas-Strix-4090-ll\Desktop\InternVL\GAVD-HSMR-dcm-oneperson-filtered\HSMR-DCM_38_WalkData_5_clip.npy,True,True,2,169,46,float32,0,0,-3.141047239303589,3.1395115852355957,
DCM_41_FastWalkData_1_clip,HSMR-DCM_41_FastWalkData_1_clip.npy,41,FastWalkData,1,C:\Users\1nkas-Strix-4090-ll\Desktop\InternVL\GAVD-HSMR-dcm-oneperson-filtered\HSMR-DCM_41_FastWalkData_1_clip.npy,True,True,2,83,46,float32,0,0,-3.133437156677246,3.139802932739258,
DCM_41_FastWalkData_2_clip,HSMR-DCM_41_FastWalkData_2_clip.npy,41,FastWalkData,2,C:\Users\1nkas-Strix-4090-ll\Desktop\InternVL\GAVD-HSMR-dcm-oneperson-filtered\HSMR-DCM_41_FastWalkData_2_clip.npy,True,True,2,103,46,float32,0,0,-3.1404831409454346,3.1412649154663086,
DCM_41_FastWalkData_3_clip,HSMR-DCM_41_FastWalkData_3_clip.npy,41,FastWalkData,3,C:\Users\1nkas-Strix-4090-ll\Desktop\InternVL\GAVD-HSMR-dcm-oneperson-filtered\HSMR-DCM_41_FastWalkData_3_clip.npy,True,True,2,88,46,float32,0,0,-3.1412265300750732,3.1407573223114014,
DCM_41_FastWalkData_4_clip,HSMR-DCM_41_FastWalkData_4_clip.npy,41,FastWalkData,4,C:\Users\1nkas-Strix-4090-ll\Desktop\InternVL\GAVD-HSMR-dcm-oneperson-filtered\HSMR-DCM_41_FastWalkData_4_clip.npy,True,True,2,76,46,float32,0,0,-3.1410300731658936,3.140622138977051,
DCM_41_FastWalkData_5_clip,HSMR-DCM_41_FastWalkData_5_clip.npy,41,FastWalkData,5,C:\Users\1nkas-Strix-4090-ll\Desktop\InternVL\GAVD-HSMR-dcm-oneperson-filtered\HSMR-DCM_41_FastWalkData_5_clip.npy,True,True,2,75,46,float32,0,0,-3.139240026473999,3.1408731937408447,
DCM_41_WalkData_1_clip,HSMR-DCM_41_WalkData_1_clip.npy,41,WalkData,1,C:\Users\1nkas-Strix-4090-ll\Desktop\InternVL\GAVD-HSMR-dcm-oneperson-filtered\HSMR-DCM_41_WalkData_1_clip.npy,True,True,2,122,46,float32,0,0,-3.1402714252471924,3.140364646911621,
DCM_41_WalkData_2_clip,HSMR-DCM_41_WalkData_2_clip.npy,41,WalkData,2,C:\Users\1nkas-Strix-4090-ll\Desktop\InternVL\GAVD-HSMR-dcm-oneperson-filtered\HSMR-DCM_41_WalkData_2_clip.npy,True,True,2,126,46,float32,0,0,-3.1392221450805664,3.140603542327881,
DCM_41_WalkData_3_clip,HSMR-DCM_41_WalkData_3_clip.npy,41,WalkData,3,C:\Users\1nkas-Strix-4090-ll\Desktop\InternVL\GAVD-HSMR-dcm-oneperson-filtered\HSMR-DCM_41_WalkData_3_clip.npy,True,True,2,120,46,float32,0,0,-3.137295722961426,3.1412627696990967,
DCM_41_WalkData_4_clip,HSMR-DCM_41_WalkData_4_clip.npy,41,WalkData,4,C:\Users\1nkas-Strix-4090-ll\Desktop\InternVL\GAVD-HSMR-dcm-oneperson-filtered\HSMR-DCM_41_WalkData_4_clip.npy,True,True,2,139,46,float32,0,0,-3.137300968170166,3.1412880420684814,
DCM_41_WalkData_5_clip,HSMR-DCM_41_WalkData_5_clip.npy,41,WalkData,5,C:\Users\1nkas-Strix-4090-ll\Desktop\InternVL\GAVD-HSMR-dcm-oneperson-filtered\HSMR-DCM_41_WalkData_5_clip.npy,True,True,2,117,46,float32,0,0,-3.1377358436584473,3.1378767490386963,
DCM_42_FastWalkData_1_clip,HSMR-DCM_42_FastWalkData_1_clip.npy,42,FastWalkData,1,C:\Users\1nkas-Strix-4090-ll\Desktop\InternVL\GAVD-HSMR-dcm-oneperson-filtered\HSMR-DCM_42_FastWalkData_1_clip.npy,True,True,2,108,46,float32,0,0,-3.1412196159362793,3.1379449367523193,
DCM_42_FastWalkData_2_clip,HSMR-DCM_42_FastWalkData_2_clip.npy,42,FastWalkData,2,C:\Users\1nkas-Strix-4090-ll\Desktop\InternVL\GAVD-HSMR-dcm-oneperson-filtered\HSMR-DCM_42_FastWalkData_2_clip.npy,True,True,2,76,46,float32,0,0,-3.141568899154663,3.139765501022339,
DCM_42_FastWalkData_3_clip,HSMR-DCM_42_FastWalkData_3_clip.npy,42,FastWalkData,3,C:\Users\1nkas-Strix-4090-ll\Desktop\InternVL\GAVD-HSMR-dcm-oneperson-filtered\HSMR-DCM_42_FastWalkData_3_clip.npy,True,True,2,73,46,float32,0,0,-3.1387829780578613,3.1354544162750244,
DCM_42_FastWalkData_4_clip,HSMR-DCM_42_FastWalkData_4_clip.npy,42,FastWalkData,4,C:\Users\1nkas-Strix-4090-ll\Desktop\InternVL\GAVD-HSMR-dcm-oneperson-filtered\HSMR-DCM_42_FastWalkData_4_clip.npy,True,True,2,76,46,float32,0,0,-3.1404616832733154,3.141214370727539,
DCM_42_FastWalkData_5_clip,HSMR-DCM_42_FastWalkData_5_clip.npy,42,FastWalkData,5,C:\Users\1nkas-Strix-4090-ll\Desktop\InternVL\GAVD-HSMR-dcm-oneperson-filtered\HSMR-DCM_42_FastWalkData_5_clip.npy,True,True,2,73,46,float32,0,0,-3.1303887367248535,3.141413688659668,
DCM_42_WalkData_1_clip,HSMR-DCM_42_WalkData_1_clip.npy,42,WalkData,1,C:\Users\1nkas-Strix-4090-ll\Desktop\InternVL\GAVD-HSMR-dcm-oneperson-filtered\HSMR-DCM_42_WalkData_1_clip.npy,True,True,2,94,46,float32,0,0,-3.140726089477539,3.135483741760254,
DCM_42_WalkData_2_clip,HSMR-DCM_42_WalkData_2_clip.npy,42,WalkData,2,C:\Users\1nkas-Strix-4090-ll\Desktop\InternVL\GAVD-HSMR-dcm-oneperson-filtered\HSMR-DCM_42_WalkData_2_clip.npy,True,True,2,84,46,float32,0,0,-3.1387808322906494,3.141361713409424,
DCM_42_WalkData_3_clip,HSMR-DCM_42_WalkData_3_clip.npy,42,WalkData,3,C:\Users\1nkas-Strix-4090-ll\Desktop\InternVL\GAVD-HSMR-dcm-oneperson-filtered\HSMR-DCM_42_WalkData_3_clip.npy,True,True,2,97,46,float32,0,0,-3.141550302505493,3.141223430633545,
DCM_42_WalkData_4_clip,HSMR-DCM_42_WalkData_4_clip.npy,42,WalkData,4,C:\Users\1nkas-Strix-4090-ll\Desktop\InternVL\GAVD-HSMR-dcm-oneperson-filtered\HSMR-DCM_42_WalkData_4_clip.npy,True,True,2,89,46,float32,0,0,-3.140918254852295,3.140836715698242,
DCM_42_WalkData_5_clip,HSMR-DCM_42_WalkData_5_clip.npy,42,WalkData,5,C:\Users\1nkas-Strix-4090-ll\Desktop\InternVL\GAVD-HSMR-dcm-oneperson-filtered\HSMR-DCM_42_WalkData_5_clip.npy,True,True,2,90,46,float32,0,0,-3.1408238410949707,3.139556884765625,
DCM_44_FastWalkData_1_clip,HSMR-DCM_44_FastWalkData_1_clip.npy,44,FastWalkData,1,C:\Users\1nkas-Strix-4090-ll\Desktop\InternVL\GAVD-HSMR-dcm-oneperson-filtered\HSMR-DCM_44_FastWalkData_1_clip.npy,True,True,2,102,46,float32,0,0,-3.1407530307769775,3.1361234188079834,
DCM_44_FastWalkData_2_clip,HSMR-DCM_44_FastWalkData_2_clip.npy,44,FastWalkData,2,C:\Users\1nkas-Strix-4090-ll\Desktop\InternVL\GAVD-HSMR-dcm-oneperson-filtered\HSMR-DCM_44_FastWalkData_2_clip.npy,True,True,2,108,46,float32,0,0,-0.9786223769187927,3.1307482719421387,
DCM_44_FastWalkData_3_clip,HSMR-DCM_44_FastWalkData_3_clip.npy,44,FastWalkData,3,C:\Users\1nkas-Strix-4090-ll\Desktop\InternVL\GAVD-HSMR-dcm-oneperson-filtered\HSMR-DCM_44_FastWalkData_3_clip.npy,True,True,2,112,46,float32,0,0,-3.140902042388916,3.1404576301574707,
DCM_44_FastWalkData_4_clip,HSMR-DCM_44_FastWalkData_4_clip.npy,44,FastWalkData,4,C:\Users\1nkas-Strix-4090-ll\Desktop\InternVL\GAVD-HSMR-dcm-oneperson-filtered\HSMR-DCM_44_FastWalkData_4_clip.npy,True,True,2,109,46,float32,0,0,-3.1414809226989746,3.13839054107666,
DCM_44_FastWalkData_5_clip,HSMR-DCM_44_FastWalkData_5_clip.npy,44,FastWalkData,5,C:\Users\1nkas-Strix-4090-ll\Desktop\InternVL\GAVD-HSMR-dcm-oneperson-filtered\HSMR-DCM_44_FastWalkData_5_clip.npy,True,True,2,116,46,float32,0,0,-0.9656025767326355,3.1300201416015625,
DCM_44_WalkData_1_clip,HSMR-DCM_44_WalkData_1_clip.npy,44,WalkData,1,C:\Users\1nkas-Strix-4090-ll\Desktop\InternVL\GAVD-HSMR-dcm-oneperson-filtered\HSMR-DCM_44_WalkData_1_clip.npy,True,True,2,87,46,float32,0,0,-0.9877224564552307,3.122873067855835,
DCM_44_WalkData_3_clip,HSMR-DCM_44_WalkData_3_clip.npy,44,WalkData,3,C:\Users\1nkas-Strix-4090-ll\Desktop\InternVL\GAVD-HSMR-dcm-oneperson-filtered\HSMR-DCM_44_WalkData_3_clip.npy,True,True,2,134,46,float32,0,0,-0.9638804197311401,3.13153076171875,
DCM_44_WalkData_4_clip,HSMR-DCM_44_WalkData_4_clip.npy,44,WalkData,4,C:\Users\1nkas-Strix-4090-ll\Desktop\InternVL\GAVD-HSMR-dcm-oneperson-filtered\HSMR-DCM_44_WalkData_4_clip.npy,True,True,2,128,46,float32,0,0,-3.1411783695220947,3.1398022174835205,
DCM_46_FastWalkData_1_clip,HSMR-DCM_46_FastWalkData_1_clip.npy,46,FastWalkData,1,C:\Users\1nkas-Strix-4090-ll\Desktop\InternVL\GAVD-HSMR-dcm-oneperson-filtered\HSMR-DCM_46_FastWalkData_1_clip.npy,True,True,2,106,46,float32,0,0,-3.1410248279571533,3.1379220485687256,
DCM_46_FastWalkData_2_clip,HSMR-DCM_46_FastWalkData_2_clip.npy,46,FastWalkData,2,C:\Users\1nkas-Strix-4090-ll\Desktop\InternVL\GAVD-HSMR-dcm-oneperson-filtered\HSMR-DCM_46_FastWalkData_2_clip.npy,True,True,2,69,46,float32,0,0,-3.1402218341827393,3.1402008533477783,
DCM_46_FastWalkData_3_clip,HSMR-DCM_46_FastWalkData_3_clip.npy,46,FastWalkData,3,C:\Users\1nkas-Strix-4090-ll\Desktop\InternVL\GAVD-HSMR-dcm-oneperson-filtered\HSMR-DCM_46_FastWalkData_3_clip.npy,True,True,2,70,46,float32,0,0,-3.1415586471557617,3.140869379043579,
DCM_46_FastWalkData_4_clip,HSMR-DCM_46_FastWalkData_4_clip.npy,46,FastWalkData,4,C:\Users\1nkas-Strix-4090-ll\Desktop\InternVL\GAVD-HSMR-dcm-oneperson-filtered\HSMR-DCM_46_FastWalkData_4_clip.npy,True,True,2,73,46,float32,0,0,-3.1383230686187744,3.138678550720215,
DCM_46_FastWalkData_5_clip,HSMR-DCM_46_FastWalkData_5_clip.npy,46,FastWalkData,5,C:\Users\1nkas-Strix-4090-ll\Desktop\InternVL\GAVD-HSMR-dcm-oneperson-filtered\HSMR-DCM_46_FastWalkData_5_clip.npy,True,True,2,85,46,float32,0,0,-3.1414411067962646,3.1414787769317627,
DCM_46_WalkData_1_clip,HSMR-DCM_46_WalkData_1_clip.npy,46,WalkData,1,C:\Users\1nkas-Strix-4090-ll\Desktop\InternVL\GAVD-HSMR-dcm-oneperson-filtered\HSMR-DCM_46_WalkData_1_clip.npy,True,True,2,155,46,float32,0,0,-3.1415414810180664,3.14129900932312,
DCM_46_WalkData_2_clip,HSMR-DCM_46_WalkData_2_clip.npy,46,WalkData,2,C:\Users\1nkas-Strix-4090-ll\Desktop\InternVL\GAVD-HSMR-dcm-oneperson-filtered\HSMR-DCM_46_WalkData_2_clip.npy,True,True,2,116,46,float32,0,0,-3.14153790473938,3.1410269737243652,
DCM_46_WalkData_3_clip,HSMR-DCM_46_WalkData_3_clip.npy,46,WalkData,3,C:\Users\1nkas-Strix-4090-ll\Desktop\InternVL\GAVD-HSMR-dcm-oneperson-filtered\HSMR-DCM_46_WalkData_3_clip.npy,True,True,2,119,46,float32,0,0,-3.141232967376709,3.1403067111968994,
DCM_46_WalkData_4_clip,HSMR-DCM_46_WalkData_4_clip.npy,46,WalkData,4,C:\Users\1nkas-Strix-4090-ll\Desktop\InternVL\GAVD-HSMR-dcm-oneperson-filtered\HSMR-DCM_46_WalkData_4_clip.npy,True,True,2,122,46,float32,0,0,-3.1411752700805664,3.141533613204956,
DCM_46_WalkData_5_clip,HSMR-DCM_46_WalkData_5_clip.npy,46,WalkData,5,C:\Users\1nkas-Strix-4090-ll\Desktop\InternVL\GAVD-HSMR-dcm-oneperson-filtered\HSMR-DCM_46_WalkData_5_clip.npy,True,True,2,94,46,float32,0,0,-3.139793634414673,3.1410720348358154,
DCM_55_FastWalkData_1_clip,HSMR-DCM_55_FastWalkData_1_clip.npy,55,FastWalkData,1,C:\Users\1nkas-Strix-4090-ll\Desktop\InternVL\GAVD-HSMR-dcm-oneperson-filtered\HSMR-DCM_55_FastWalkData_1_clip.npy,True,True,2,101,46,float32,0,0,-3.1411020755767822,3.138702392578125,
DCM_55_FastWalkData_2_clip,HSMR-DCM_55_FastWalkData_2_clip.npy,55,FastWalkData,2,C:\Users\1nkas-Strix-4090-ll\Desktop\InternVL\GAVD-HSMR-dcm-oneperson-filtered\HSMR-DCM_55_FastWalkData_2_clip.npy,True,True,2,112,46,float32,0,0,-3.1359450817108154,3.1408579349517822,
DCM_55_FastWalkData_3_clip,HSMR-DCM_55_FastWalkData_3_clip.npy,55,FastWalkData,3,C:\Users\1nkas-Strix-4090-ll\Desktop\InternVL\GAVD-HSMR-dcm-oneperson-filtered\HSMR-DCM_55_FastWalkData_3_clip.npy,True,True,2,103,46,float32,0,0,-0.905413031578064,3.1230971813201904,
DCM_55_FastWalkData_4_clip,HSMR-DCM_55_FastWalkData_4_clip.npy,55,FastWalkData,4,C:\Users\1nkas-Strix-4090-ll\Desktop\InternVL\GAVD-HSMR-dcm-oneperson-filtered\HSMR-DCM_55_FastWalkData_4_clip.npy,True,True,2,94,46,float32,0,0,-0.9183884263038635,3.130248546600342,
DCM_55_FastWalkData_5_clip,HSMR-DCM_55_FastWalkData_5_clip.npy,55,FastWalkData,5,C:\Users\1nkas-Strix-4090-ll\Desktop\InternVL\GAVD-HSMR-dcm-oneperson-filtered\HSMR-DCM_55_FastWalkData_5_clip.npy,True,True,2,98,46,float32,0,0,-0.9377703070640564,3.1256253719329834,
DCM_55_WalkData_1_clip,HSMR-DCM_55_WalkData_1_clip.npy,55,WalkData,1,C:\Users\1nkas-Strix-4090-ll\Desktop\InternVL\GAVD-HSMR-dcm-oneperson-filtered\HSMR-DCM_55_WalkData_1_clip.npy,True,True,2,136,46,float32,0,0,-3.1414968967437744,3.139129638671875,
DCM_55_WalkData_2_clip,HSMR-DCM_55_WalkData_2_clip.npy,55,WalkData,2,C:\Users\1nkas-Strix-4090-ll\Desktop\InternVL\GAVD-HSMR-dcm-oneperson-filtered\HSMR-DCM_55_WalkData_2_clip.npy,True,True,2,151,46,float32,0,0,-3.1408138275146484,3.14050030708313,
DCM_55_WalkData_3_clip,HSMR-DCM_55_WalkData_3_clip.npy,55,WalkData,3,C:\Users\1nkas-Strix-4090-ll\Desktop\InternVL\GAVD-HSMR-dcm-oneperson-filtered\HSMR-DCM_55_WalkData_3_clip.npy,True,True,2,125,46,float32,0,0,-3.140312671661377,3.139953136444092,
DCM_55_WalkData_4_clip,HSMR-DCM_55_WalkData_4_clip.npy,55,WalkData,4,C:\Users\1nkas-Strix-4090-ll\Desktop\InternVL\GAVD-HSMR-dcm-oneperson-filtered\HSMR-DCM_55_WalkData_4_clip.npy,True,True,2,134,46,float32,0,0,-3.1408121585845947,3.1413733959198,
DCM_55_WalkData_5_clip,HSMR-DCM_55_WalkData_5_clip.npy,55,WalkData,5,C:\Users\1nkas-Strix-4090-ll\Desktop\InternVL\GAVD-HSMR-dcm-oneperson-filtered\HSMR-DCM_55_WalkData_5_clip.npy,True,True,2,136,46,float32,0,0,-3.140798568725586,3.1411008834838867,
DCM_58_FastWalkData_1_clip,HSMR-DCM_58_FastWalkData_1_clip.npy,58,FastWalkData,1,C:\Users\1nkas-Strix-4090-ll\Desktop\InternVL\GAVD-HSMR-dcm-oneperson-filtered\HSMR-DCM_58_FastWalkData_1_clip.npy,True,True,2,83,46,float32,0,0,-1.0100038051605225,3.1051228046417236,
DCM_58_FastWalkData_2_clip,HSMR-DCM_58_FastWalkData_2_clip.npy,58,FastWalkData,2,C:\Users\1nkas-Strix-4090-ll\Desktop\InternVL\GAVD-HSMR-dcm-oneperson-filtered\HSMR-DCM_58_FastWalkData_2_clip.npy,True,True,2,99,46,float32,0,0,-1.056206464767456,3.088376045227051,
DCM_58_FastWalkData_3_clip,HSMR-DCM_58_FastWalkData_3_clip.npy,58,FastWalkData,3,C:\Users\1nkas-Strix-4090-ll\Desktop\InternVL\GAVD-HSMR-dcm-oneperson-filtered\HSMR-DCM_58_FastWalkData_3_clip.npy,True,True,2,119,46,float32,0,0,-1.016294002532959,3.118377208709717,
DCM_58_FastWalkData_4_clip,HSMR-DCM_58_FastWalkData_4_clip.npy,58,FastWalkData,4,C:\Users\1nkas-Strix-4090-ll\Desktop\InternVL\GAVD-HSMR-dcm-oneperson-filtered\HSMR-DCM_58_FastWalkData_4_clip.npy,True,True,2,118,46,float32,0,0,-1.0204370021820068,3.1093873977661133,
DCM_58_FastWalkData_5_clip,HSMR-DCM_58_FastWalkData_5_clip.npy,58,FastWalkData,5,C:\Users\1nkas-Strix-4090-ll\Desktop\InternVL\GAVD-HSMR-dcm-oneperson-filtered\HSMR-DCM_58_FastWalkData_5_clip.npy,True,True,2,112,46,float32,0,0,-1.052093505859375,3.1115403175354004,
DCM_58_WalkData_1_clip,HSMR-DCM_58_WalkData_1_clip.npy,58,WalkData,1,C:\Users\1nkas-Strix-4090-ll\Desktop\InternVL\GAVD-HSMR-dcm-oneperson-filtered\HSMR-DCM_58_WalkData_1_clip.npy,True,True,2,148,46,float32,0,0,-3.1387650966644287,3.139943838119507,
DCM_58_WalkData_2_clip,HSMR-DCM_58_WalkData_2_clip.npy,58,WalkData,2,C:\Users\1nkas-Strix-4090-ll\Desktop\InternVL\GAVD-HSMR-dcm-oneperson-filtered\HSMR-DCM_58_WalkData_2_clip.npy,True,True,2,117,46,float32,0,0,-0.9650373458862305,3.118467330932617,
DCM_58_WalkData_3_clip,HSMR-DCM_58_WalkData_3_clip.npy,58,WalkData,3,C:\Users\1nkas-Strix-4090-ll\Desktop\InternVL\GAVD-HSMR-dcm-oneperson-filtered\HSMR-DCM_58_WalkData_3_clip.npy,True,True,2,138,46,float32,0,0,-0.9628697633743286,3.131230354309082,
DCM_58_WalkData_4_clip,HSMR-DCM_58_WalkData_4_clip.npy,58,WalkData,4,C:\Users\1nkas-Strix-4090-ll\Desktop\InternVL\GAVD-HSMR-dcm-oneperson-filtered\HSMR-DCM_58_WalkData_4_clip.npy,True,True,2,164,46,float32,0,0,-0.9744682312011719,3.13114595413208,
DCM_58_WalkData_5_clip,HSMR-DCM_58_WalkData_5_clip.npy,58,WalkData,5,C:\Users\1nkas-Strix-4090-ll\Desktop\InternVL\GAVD-HSMR-dcm-oneperson-filtered\HSMR-DCM_58_WalkData_5_clip.npy,True,True,2,118,46,float32,0,0,-0.9519982933998108,3.121610641479492,
DCM_61_FastWalkData_1_clip,HSMR-DCM_61_FastWalkData_1_clip.npy,61,FastWalkData,1,C:\Users\1nkas-Strix-4090-ll\Desktop\InternVL\GAVD-HSMR-dcm-oneperson-filtered\HSMR-DCM_61_FastWalkData_1_clip.npy,True,True,2,94,46,float32,0,0,-3.139596462249756,3.141427755355835,
DCM_61_FastWalkData_2_clip,HSMR-DCM_61_FastWalkData_2_clip.npy,61,FastWalkData,2,C:\Users\1nkas-Strix-4090-ll\Desktop\InternVL\GAVD-HSMR-dcm-oneperson-filtered\HSMR-DCM_61_FastWalkData_2_clip.npy,True,True,2,102,46,float32,0,0,-3.1414716243743896,3.135850429534912,
DCM_61_FastWalkData_3_clip,HSMR-DCM_61_FastWalkData_3_clip.npy,61,FastWalkData,3,C:\Users\1nkas-Strix-4090-ll\Desktop\InternVL\GAVD-HSMR-dcm-oneperson-filtered\HSMR-DCM_61_FastWalkData_3_clip.npy,True,True,2,95,46,float32,0,0,-3.1398091316223145,3.138979434967041,
DCM_61_FastWalkData_4_clip,HSMR-DCM_61_FastWalkData_4_clip.npy,61,FastWalkData,4,C:\Users\1nkas-Strix-4090-ll\Desktop\InternVL\GAVD-HSMR-dcm-oneperson-filtered\HSMR-DCM_61_FastWalkData_4_clip.npy,True,True,2,99,46,float32,0,0,-3.1408205032348633,3.140113592147827,
DCM_61_FastWalkData_5_clip,HSMR-DCM_61_FastWalkData_5_clip.npy,61,FastWalkData,5,C:\Users\1nkas-Strix-4090-ll\Desktop\InternVL\GAVD-HSMR-dcm-oneperson-filtered\HSMR-DCM_61_FastWalkData_5_clip.npy,True,True,2,100,46,float32,0,0,-3.141448736190796,3.1413514614105225,
DCM_61_WalkData_4_clip,HSMR-DCM_61_WalkData_4_clip.npy,61,WalkData,4,C:\Users\1nkas-Strix-4090-ll\Desktop\InternVL\GAVD-HSMR-dcm-oneperson-filtered\HSMR-DCM_61_WalkData_4_clip.npy,True,True,2,128,46,float32,0,0,-3.140892505645752,3.140770673751831,
DCM_61_WalkData_5_clip,HSMR-DCM_61_WalkData_5_clip.npy,61,WalkData,5,C:\Users\1nkas-Strix-4090-ll\Desktop\InternVL\GAVD-HSMR-dcm-oneperson-filtered\HSMR-DCM_61_WalkData_5_clip.npy,True,True,2,121,46,float32,0,0,-3.139815092086792,3.1377618312835693,
DCM_64_FastWalkData_1_clip,HSMR-DCM_64_FastWalkData_1_clip.npy,64,FastWalkData,1,C:\Users\1nkas-Strix-4090-ll\Desktop\InternVL\GAVD-HSMR-dcm-oneperson-filtered\HSMR-DCM_64_FastWalkData_1_clip.npy,True,True,2,93,46,float32,0,0,-0.9379763603210449,3.1361076831817627,
DCM_64_FastWalkData_2_clip,HSMR-DCM_64_FastWalkData_2_clip.npy,64,FastWalkData,2,C:\Users\1nkas-Strix-4090-ll\Desktop\InternVL\GAVD-HSMR-dcm-oneperson-filtered\HSMR-DCM_64_FastWalkData_2_clip.npy,True,True,2,85,46,float32,0,0,-3.1391983032226562,3.1396842002868652,
DCM_64_FastWalkData_3_clip,HSMR-DCM_64_FastWalkData_3_clip.npy,64,FastWalkData,3,C:\Users\1nkas-Strix-4090-ll\Desktop\InternVL\GAVD-HSMR-dcm-oneperson-filtered\HSMR-DCM_64_FastWalkData_3_clip.npy,True,True,2,80,46,float32,0,0,-3.1406142711639404,3.139875888824463,
DCM_64_FastWalkData_4_clip,HSMR-DCM_64_FastWalkData_4_clip.npy,64,FastWalkData,4,C:\Users\1nkas-Strix-4090-ll\Desktop\InternVL\GAVD-HSMR-dcm-oneperson-filtered\HSMR-DCM_64_FastWalkData_4_clip.npy,True,True,2,92,46,float32,0,0,-3.139897346496582,3.1408402919769287,
DCM_64_FastWalkData_5_clip,HSMR-DCM_64_FastWalkData_5_clip.npy,64,FastWalkData,5,C:\Users\1nkas-Strix-4090-ll\Desktop\InternVL\GAVD-HSMR-dcm-oneperson-filtered\HSMR-DCM_64_FastWalkData_5_clip.npy,True,True,2,87,46,float32,0,0,-3.138282299041748,3.1400067806243896,
DCM_64_WalkData_1_clip,HSMR-DCM_64_WalkData_1_clip.npy,64,WalkData,1,C:\Users\1nkas-Strix-4090-ll\Desktop\InternVL\GAVD-HSMR-dcm-oneperson-filtered\HSMR-DCM_64_WalkData_1_clip.npy,True,True,2,116,46,float32,0,0,-3.1395649909973145,3.139263153076172,
DCM_64_WalkData_2_clip,HSMR-DCM_64_WalkData_2_clip.npy,64,WalkData,2,C:\Users\1nkas-Strix-4090-ll\Desktop\InternVL\GAVD-HSMR-dcm-oneperson-filtered\HSMR-DCM_64_WalkData_2_clip.npy,True,True,2,128,46,float32,0,0,-3.1401143074035645,3.1413607597351074,
DCM_64_WalkData_3_clip,HSMR-DCM_64_WalkData_3_clip.npy,64,WalkData,3,C:\Users\1nkas-Strix-4090-ll\Desktop\InternVL\GAVD-HSMR-dcm-oneperson-filtered\HSMR-DCM_64_WalkData_3_clip.npy,True,True,2,141,46,float32,0,0,-3.1403682231903076,3.140634775161743,
DCM_64_WalkData_4_clip,HSMR-DCM_64_WalkData_4_clip.npy,64,WalkData,4,C:\Users\1nkas-Strix-4090-ll\Desktop\InternVL\GAVD-HSMR-dcm-oneperson-filtered\HSMR-DCM_64_WalkData_4_clip.npy,True,True,2,107,46,float32,0,0,-3.1407830715179443,3.1393332481384277,
DCM_64_WalkData_5_clip,HSMR-DCM_64_WalkData_5_clip.npy,64,WalkData,5,C:\Users\1nkas-Strix-4090-ll\Desktop\InternVL\GAVD-HSMR-dcm-oneperson-filtered\HSMR-DCM_64_WalkData_5_clip.npy,True,True,2,109,46,float32,0,0,-0.9412680268287659,3.14088773727417,
DCM_65_FastWalkData_1_clip,HSMR-DCM_65_FastWalkData_1_clip.npy,65,FastWalkData,1,C:\Users\1nkas-Strix-4090-ll\Desktop\InternVL\GAVD-HSMR-dcm-oneperson-filtered\HSMR-DCM_65_FastWalkData_1_clip.npy,True,True,2,132,46,float32,0,0,-3.135305881500244,3.138880491256714,
DCM_65_FastWalkData_2_clip,HSMR-DCM_65_FastWalkData_2_clip.npy,65,FastWalkData,2,C:\Users\1nkas-Strix-4090-ll\Desktop\InternVL\GAVD-HSMR-dcm-oneperson-filtered\HSMR-DCM_65_FastWalkData_2_clip.npy,True,True,2,151,46,float32,0,0,-3.1341042518615723,3.1357998847961426,
DCM_65_WalkData_1_clip,HSMR-DCM_65_WalkData_1_clip.npy,65,WalkData,1,C:\Users\1nkas-Strix-4090-ll\Desktop\InternVL\GAVD-HSMR-dcm-oneperson-filtered\HSMR-DCM_65_WalkData_1_clip.npy,True,True,2,209,46,float32,0,0,-3.1403377056121826,3.135796070098877,
DCM_65_WalkData_2_clip,HSMR-DCM_65_WalkData_2_clip.npy,65,WalkData,2,C:\Users\1nkas-Strix-4090-ll\Desktop\InternVL\GAVD-HSMR-dcm-oneperson-filtered\HSMR-DCM_65_WalkData_2_clip.npy,True,True,2,173,46,float32,0,0,-0.9799919128417969,3.133471727371216,
DCM_65_WalkData_3_clip,HSMR-DCM_65_WalkData_3_clip.npy,65,WalkData,3,C:\Users\1nkas-Strix-4090-ll\Desktop\InternVL\GAVD-HSMR-dcm-oneperson-filtered\HSMR-DCM_65_WalkData_3_clip.npy,True,True,2,160,46,float32,0,0,-3.1362574100494385,3.1379575729370117,
DCM_65_WalkData_4_clip,HSMR-DCM_65_WalkData_4_clip.npy,65,WalkData,4,C:\Users\1nkas-Strix-4090-ll\Desktop\InternVL\GAVD-HSMR-dcm-oneperson-filtered\HSMR-DCM_65_WalkData_4_clip.npy,True,True,2,211,46,float32,0,0,-3.1406707763671875,3.141538143157959,
DCM_67_FastWalkData_1_clip,HSMR-DCM_67_FastWalkData_1_clip.npy,67,FastWalkData,1,C:\Users\1nkas-Strix-4090-ll\Desktop\InternVL\GAVD-HSMR-dcm-oneperson-filtered\HSMR-DCM_67_FastWalkData_1_clip.npy,True,True,2,72,46,float32,0,0,-3.136746406555176,3.1361165046691895,
DCM_67_FastWalkData_2_clip,HSMR-DCM_67_FastWalkData_2_clip.npy,67,FastWalkData,2,C:\Users\1nkas-Strix-4090-ll\Desktop\InternVL\GAVD-HSMR-dcm-oneperson-filtered\HSMR-DCM_67_FastWalkData_2_clip.npy,True,True,2,85,46,float32,0,0,-3.141122341156006,3.1324241161346436,
DCM_67_FastWalkData_4_clip,HSMR-DCM_67_FastWalkData_4_clip.npy,67,FastWalkData,4,C:\Users\1nkas-Strix-4090-ll\Desktop\InternVL\GAVD-HSMR-dcm-oneperson-filtered\HSMR-DCM_67_FastWalkData_4_clip.npy,True,True,2,101,46,float32,0,0,-3.1409618854522705,3.14152455329895,
DCM_67_WalkData_1_clip,HSMR-DCM_67_WalkData_1_clip.npy,67,WalkData,1,C:\Users\1nkas-Strix-4090-ll\Desktop\InternVL\GAVD-HSMR-dcm-oneperson-filtered\HSMR-DCM_67_WalkData_1_clip.npy,True,True,2,125,46,float32,0,0,-3.13724684715271,3.1408722400665283,
DCM_67_WalkData_2_clip,HSMR-DCM_67_WalkData_2_clip.npy,67,WalkData,2,C:\Users\1nkas-Strix-4090-ll\Desktop\InternVL\GAVD-HSMR-dcm-oneperson-filtered\HSMR-DCM_67_WalkData_2_clip.npy,True,True,2,141,46,float32,0,0,-3.141500234603882,3.141056776046753,
DCM_67_WalkData_3_clip,HSMR-DCM_67_WalkData_3_clip.npy,67,WalkData,3,C:\Users\1nkas-Strix-4090-ll\Desktop\InternVL\GAVD-HSMR-dcm-oneperson-filtered\HSMR-DCM_67_WalkData_3_clip.npy,True,True,2,132,46,float32,0,0,-3.141465187072754,3.141357660293579,
DCM_67_WalkData_4_clip,HSMR-DCM_67_WalkData_4_clip.npy,67,WalkData,4,C:\Users\1nkas-Strix-4090-ll\Desktop\InternVL\GAVD-HSMR-dcm-oneperson-filtered\HSMR-DCM_67_WalkData_4_clip.npy,True,True,2,67,46,float32,0,0,-3.1324687004089355,3.140528678894043,
DCM_67_WalkData_5_clip,HSMR-DCM_67_WalkData_5_clip.npy,67,WalkData,5,C:\Users\1nkas-Strix-4090-ll\Desktop\InternVL\GAVD-HSMR-dcm-oneperson-filtered\HSMR-DCM_67_WalkData_5_clip.npy,True,True,2,122,46,float32,0,0,-3.140209436416626,3.14078426361084,
DCM_68_WalkData_1_clip,HSMR-DCM_68_WalkData_1_clip.npy,68,WalkData,1,C:\Users\1nkas-Strix-4090-ll\Desktop\InternVL\GAVD-HSMR-dcm-oneperson-filtered\HSMR-DCM_68_WalkData_1_clip.npy,True,True,2,248,46,float32,0,0,-3.1415457725524902,3.1408162117004395,
DCM_68_WalkData_2_clip,HSMR-DCM_68_WalkData_2_clip.npy,68,WalkData,2,C:\Users\1nkas-Strix-4090-ll\Desktop\InternVL\GAVD-HSMR-dcm-oneperson-filtered\HSMR-DCM_68_WalkData_2_clip.npy,True,True,2,285,46,float32,0,0,-3.1415915489196777,3.141575813293457,
DCM_68_WalkData_3_clip,HSMR-DCM_68_WalkData_3_clip.npy,68,WalkData,3,C:\Users\1nkas-Strix-4090-ll\Desktop\InternVL\GAVD-HSMR-dcm-oneperson-filtered\HSMR-DCM_68_WalkData_3_clip.npy,True,True,2,258,46,float32,0,0,-0.9682466983795166,3.1231882572174072,
DCM_77_FastWalkData_1_clip,HSMR-DCM_77_FastWalkData_1_clip.npy,77,FastWalkData,1,C:\Users\1nkas-Strix-4090-ll\Desktop\InternVL\GAVD-HSMR-dcm-oneperson-filtered\HSMR-DCM_77_FastWalkData_1_clip.npy,True,True,2,64,46,float32,0,0,-0.9340365529060364,3.1414928436279297,
DCM_77_FastWalkData_2_clip,HSMR-DCM_77_FastWalkData_2_clip.npy,77,FastWalkData,2,C:\Users\1nkas-Strix-4090-ll\Desktop\InternVL\GAVD-HSMR-dcm-oneperson-filtered\HSMR-DCM_77_FastWalkData_2_clip.npy,True,True,2,66,46,float32,0,0,-3.136366605758667,3.1413636207580566,
DCM_77_FastWalkData_3_clip,HSMR-DCM_77_FastWalkData_3_clip.npy,77,FastWalkData,3,C:\Users\1nkas-Strix-4090-ll\Desktop\InternVL\GAVD-HSMR-dcm-oneperson-filtered\HSMR-DCM_77_FastWalkData_3_clip.npy,True,True,2,65,46,float32,0,0,-0.9467762112617493,3.1404213905334473,
DCM_77_FastWalkData_4_clip,HSMR-DCM_77_FastWalkData_4_clip.npy,77,FastWalkData,4,C:\Users\1nkas-Strix-4090-ll\Desktop\InternVL\GAVD-HSMR-dcm-oneperson-filtered\HSMR-DCM_77_FastWalkData_4_clip.npy,True,True,2,113,46,float32,0,0,-0.9807155132293701,3.13930344581604,
DCM_77_FastWalkData_5_clip,HSMR-DCM_77_FastWalkData_5_clip.npy,77,FastWalkData,5,C:\Users\1nkas-Strix-4090-ll\Desktop\InternVL\GAVD-HSMR-dcm-oneperson-filtered\HSMR-DCM_77_FastWalkData_5_clip.npy,True,True,2,62,46,float32,0,0,-0.9690617322921753,3.12385892868042,
DCM_77_WalkData_1_clip,HSMR-DCM_77_WalkData_1_clip.npy,77,WalkData,1,C:\Users\1nkas-Strix-4090-ll\Desktop\InternVL\GAVD-HSMR-dcm-oneperson-filtered\HSMR-DCM_77_WalkData_1_clip.npy,True,True,2,101,46,float32,0,0,-3.141357660293579,3.140486240386963,
DCM_77_WalkData_2_clip,HSMR-DCM_77_WalkData_2_clip.npy,77,WalkData,2,C:\Users\1nkas-Strix-4090-ll\Desktop\InternVL\GAVD-HSMR-dcm-oneperson-filtered\HSMR-DCM_77_WalkData_2_clip.npy,True,True,2,93,46,float32,0,0,-3.137028694152832,3.1412253379821777,
DCM_77_WalkData_3_clip,HSMR-DCM_77_WalkData_3_clip.npy,77,WalkData,3,C:\Users\1nkas-Strix-4090-ll\Desktop\InternVL\GAVD-HSMR-dcm-oneperson-filtered\HSMR-DCM_77_WalkData_3_clip.npy,True,True,2,97,46,float32,0,0,-0.9473522305488586,3.1287941932678223,
DCM_77_WalkData_4_clip,HSMR-DCM_77_WalkData_4_clip.npy,77,WalkData,4,C:\Users\1nkas-Strix-4090-ll\Desktop\InternVL\GAVD-HSMR-dcm-oneperson-filtered\HSMR-DCM_77_WalkData_4_clip.npy,True,True,2,93,46,float32,0,0,-3.14131236076355,3.138587474822998,
DCM_77_WalkData_5_clip,HSMR-DCM_77_WalkData_5_clip.npy,77,WalkData,5,C:\Users\1nkas-Strix-4090-ll\Desktop\InternVL\GAVD-HSMR-dcm-oneperson-filtered\HSMR-DCM_77_WalkData_5_clip.npy,True,True,2,95,46,float32,0,0,-3.14133882522583,3.1395816802978516,
DCM_80_WalkData_1_clip,HSMR-DCM_80_WalkData_1_clip.npy,80,WalkData,1,C:\Users\1nkas-Strix-4090-ll\Desktop\InternVL\GAVD-HSMR-dcm-oneperson-filtered\HSMR-DCM_80_WalkData_1_clip.npy,True,True,2,200,46,float32,0,0,-3.1414852142333984,3.1410109996795654,
DCM_80_WalkData_2_clip,HSMR-DCM_80_WalkData_2_clip.npy,80,WalkData,2,C:\Users\1nkas-Strix-4090-ll\Desktop\InternVL\GAVD-HSMR-dcm-oneperson-filtered\HSMR-DCM_80_WalkData_2_clip.npy,True,True,2,189,46,float32,0,0,-1.0344345569610596,3.1415064334869385,
DCM_80_WalkData_3_clip,HSMR-DCM_80_WalkData_3_clip.npy,80,WalkData,3,C:\Users\1nkas-Strix-4090-ll\Desktop\InternVL\GAVD-HSMR-dcm-oneperson-filtered\HSMR-DCM_80_WalkData_3_clip.npy,True,True,2,184,46,float32,0,0,-3.140650510787964,3.139164447784424,
DCM_80_WalkData_4_clip,HSMR-DCM_80_WalkData_4_clip.npy,80,WalkData,4,C:\Users\1nkas-Strix-4090-ll\Desktop\InternVL\GAVD-HSMR-dcm-oneperson-filtered\HSMR-DCM_80_WalkData_4_clip.npy,True,True,2,189,46,float32,0,0,-1.0279550552368164,3.1204030513763428,
DCM_80_WalkData_5_clip,HSMR-DCM_80_WalkData_5_clip.npy,80,WalkData,5,C:\Users\1nkas-Strix-4090-ll\Desktop\InternVL\GAVD-HSMR-dcm-oneperson-filtered\HSMR-DCM_80_WalkData_5_clip.npy,True,True,2,184,46,float32,0,0,-3.136991500854492,3.13919734954834,
DCM_81_FastWalkData_1_clip,HSMR-DCM_81_FastWalkData_1_clip.npy,81,FastWalkData,1,C:\Users\1nkas-Strix-4090-ll\Desktop\InternVL\GAVD-HSMR-dcm-oneperson-filtered\HSMR-DCM_81_FastWalkData_1_clip.npy,True,True,2,116,46,float32,0,0,-1.0155006647109985,3.1082301139831543,
DCM_81_FastWalkData_2_clip,HSMR-DCM_81_FastWalkData_2_clip.npy,81,FastWalkData,2,C:\Users\1nkas-Strix-4090-ll\Desktop\InternVL\GAVD-HSMR-dcm-oneperson-filtered\HSMR-DCM_81_FastWalkData_2_clip.npy,True,True,2,110,46,float32,0,0,-1.0353000164031982,3.1025779247283936,
DCM_81_FastWalkData_3_clip,HSMR-DCM_81_FastWalkData_3_clip.npy,81,FastWalkData,3,C:\Users\1nkas-Strix-4090-ll\Desktop\InternVL\GAVD-HSMR-dcm-oneperson-filtered\HSMR-DCM_81_FastWalkData_3_clip.npy,True,True,2,94,46,float32,0,0,-1.0062377452850342,3.11124587059021,
DCM_81_FastWalkData_4_clip,HSMR-DCM_81_FastWalkData_4_clip.npy,81,FastWalkData,4,C:\Users\1nkas-Strix-4090-ll\Desktop\InternVL\GAVD-HSMR-dcm-oneperson-filtered\HSMR-DCM_81_FastWalkData_4_clip.npy,True,True,2,125,46,float32,0,0,-1.0236103534698486,3.1286396980285645,
DCM_81_FastWalkData_5_clip,HSMR-DCM_81_FastWalkData_5_clip.npy,81,FastWalkData,5,C:\Users\1nkas-Strix-4090-ll\Desktop\InternVL\GAVD-HSMR-dcm-oneperson-filtered\HSMR-DCM_81_FastWalkData_5_clip.npy,True,True,2,116,46,float32,0,0,-0.9721744060516357,3.1162643432617188,
DCM_81_WalkData_1_clip,HSMR-DCM_81_WalkData_1_clip.npy,81,WalkData,1,C:\Users\1nkas-Strix-4090-ll\Desktop\InternVL\GAVD-HSMR-dcm-oneperson-filtered\HSMR-DCM_81_WalkData_1_clip.npy,True,True,2,162,46,float32,0,0,-1.0088540315628052,3.128826141357422,
DCM_81_WalkData_2_clip,HSMR-DCM_81_WalkData_2_clip.npy,81,WalkData,2,C:\Users\1nkas-Strix-4090-ll\Desktop\InternVL\GAVD-HSMR-dcm-oneperson-filtered\HSMR-DCM_81_WalkData_2_clip.npy,True,True,2,152,46,float32,0,0,-1.01409912109375,3.135713815689087,
DCM_81_WalkData_3_clip,HSMR-DCM_81_WalkData_3_clip.npy,81,WalkData,3,C:\Users\1nkas-Strix-4090-ll\Desktop\InternVL\GAVD-HSMR-dcm-oneperson-filtered\HSMR-DCM_81_WalkData_3_clip.npy,True,True,2,151,46,float32,0,0,-1.0020794868469238,3.1222760677337646,
DCM_81_WalkData_4_clip,HSMR-DCM_81_WalkData_4_clip.npy,81,WalkData,4,C:\Users\1nkas-Strix-4090-ll\Desktop\InternVL\GAVD-HSMR-dcm-oneperson-filtered\HSMR-DCM_81_WalkData_4_clip.npy,True,True,2,178,46,float32,0,0,-3.138969898223877,3.1406681537628174,
DCM_81_WalkData_5_clip,HSMR-DCM_81_WalkData_5_clip.npy,81,WalkData,5,C:\Users\1nkas-Strix-4090-ll\Desktop\InternVL\GAVD-HSMR-dcm-oneperson-filtered\HSMR-DCM_81_WalkData_5_clip.npy,True,True,2,169,46,float32,0,0,-3.1401419639587402,3.14147686958313,
DCM_82_FastWalkData_4_clip,HSMR-DCM_82_FastWalkData_4_clip.npy,82,FastWalkData,4,C:\Users\1nkas-Strix-4090-ll\Desktop\InternVL\GAVD-HSMR-dcm-oneperson-filtered\HSMR-DCM_82_FastWalkData_4_clip.npy,True,True,2,96,46,float32,0,0,-3.140101432800293,3.1348109245300293,
DCM_82_FastWalkData_5_clip,HSMR-DCM_82_FastWalkData_5_clip.npy,82,FastWalkData,5,C:\Users\1nkas-Strix-4090-ll\Desktop\InternVL\GAVD-HSMR-dcm-oneperson-filtered\HSMR-DCM_82_FastWalkData_5_clip.npy,True,True,2,72,46,float32,0,0,-3.1391375064849854,3.140972137451172,
DCM_82_FwdWalkData_1_clip,HSMR-DCM_82_FwdWalkData_1_clip.npy,82,FwdWalkData,1,C:\Users\1nkas-Strix-4090-ll\Desktop\InternVL\GAVD-HSMR-dcm-oneperson-filtered\HSMR-DCM_82_FwdWalkData_1_clip.npy,True,True,2,126,46,float32,0,0,-3.1414129734039307,3.141390800476074,
DCM_82_FwdWalkData_2_clip,HSMR-DCM_82_FwdWalkData_2_clip.npy,82,FwdWalkData,2,C:\Users\1nkas-Strix-4090-ll\Desktop\InternVL\GAVD-HSMR-dcm-oneperson-filtered\HSMR-DCM_82_FwdWalkData_2_clip.npy,True,True,2,128,46,float32,0,0,-3.138518810272217,3.1413400173187256,
DCM_82_FwdWalkData_3_clip,HSMR-DCM_82_FwdWalkData_3_clip.npy,82,FwdWalkData,3,C:\Users\1nkas-Strix-4090-ll\Desktop\InternVL\GAVD-HSMR-dcm-oneperson-filtered\HSMR-DCM_82_FwdWalkData_3_clip.npy,True,True,2,99,46,float32,0,0,-3.1398589611053467,3.1406421661376953,
DCM_82_FwdWalkData_4_clip,HSMR-DCM_82_FwdWalkData_4_clip.npy,82,FwdWalkData,4,C:\Users\1nkas-Strix-4090-ll\Desktop\InternVL\GAVD-HSMR-dcm-oneperson-filtered\HSMR-DCM_82_FwdWalkData_4_clip.npy,True,True,2,80,46,float32,0,0,-3.1325042247772217,2.3547191619873047,
DCM_82_FwdWalkData_5_clip,HSMR-DCM_82_FwdWalkData_5_clip.npy,82,FwdWalkData,5,C:\Users\1nkas-Strix-4090-ll\Desktop\InternVL\GAVD-HSMR-dcm-oneperson-filtered\HSMR-DCM_82_FwdWalkData_5_clip.npy,True,True,2,120,46,float32,0,0,-3.140965223312378,3.1391332149505615,
DCM_86_FastWalkData_2_clip,HSMR-DCM_86_FastWalkData_2_clip.npy,86,FastWalkData,2,C:\Users\1nkas-Strix-4090-ll\Desktop\InternVL\GAVD-HSMR-dcm-oneperson-filtered\HSMR-DCM_86_FastWalkData_2_clip.npy,True,True,2,52,46,float32,0,0,-0.9670705199241638,3.108288049697876,
DCM_86_FastWalkData_4_clip,HSMR-DCM_86_FastWalkData_4_clip.npy,86,FastWalkData,4,C:\Users\1nkas-Strix-4090-ll\Desktop\InternVL\GAVD-HSMR-dcm-oneperson-filtered\HSMR-DCM_86_FastWalkData_4_clip.npy,True,True,2,38,46,float32,0,0,-3.108506917953491,3.1232495307922363,
DCM_86_FastWalkData_5_clip,HSMR-DCM_86_FastWalkData_5_clip.npy,86,FastWalkData,5,C:\Users\1nkas-Strix-4090-ll\Desktop\InternVL\GAVD-HSMR-dcm-oneperson-filtered\HSMR-DCM_86_FastWalkData_5_clip.npy,True,True,2,56,46,float32,0,0,-3.1400768756866455,3.129291296005249,
DCM_86_WalkData_1_clip,HSMR-DCM_86_WalkData_1_clip.npy,86,WalkData,1,C:\Users\1nkas-Strix-4090-ll\Desktop\InternVL\GAVD-HSMR-dcm-oneperson-filtered\HSMR-DCM_86_WalkData_1_clip.npy,True,True,2,112,46,float32,0,0,-3.141080141067505,3.1385557651519775,
DCM_86_WalkData_2_clip,HSMR-DCM_86_WalkData_2_clip.npy,86,WalkData,2,C:\Users\1nkas-Strix-4090-ll\Desktop\InternVL\GAVD-HSMR-dcm-oneperson-filtered\HSMR-DCM_86_WalkData_2_clip.npy,True,True,2,95,46,float32,0,0,-0.9978160858154297,3.133458137512207,
DCM_86_WalkData_3_clip,HSMR-DCM_86_WalkData_3_clip.npy,86,WalkData,3,C:\Users\1nkas-Strix-4090-ll\Desktop\InternVL\GAVD-HSMR-dcm-oneperson-filtered\HSMR-DCM_86_WalkData_3_clip.npy,True,True,2,87,46,float32,0,0,-3.1363511085510254,3.140458583831787,
DCM_86_WalkData_4_clip,HSMR-DCM_86_WalkData_4_clip.npy,86,WalkData,4,C:\Users\1nkas-Strix-4090-ll\Desktop\InternVL\GAVD-HSMR-dcm-oneperson-filtered\HSMR-DCM_86_WalkData_4_clip.npy,True,True,2,102,46,float32,0,0,-0.9968717098236084,3.1137871742248535,
DCM_86_WalkData_5_clip,HSMR-DCM_86_WalkData_5_clip.npy,86,WalkData,5,C:\Users\1nkas-Strix-4090-ll\Desktop\InternVL\GAVD-HSMR-dcm-oneperson-filtered\HSMR-DCM_86_WalkData_5_clip.npy,True,True,2,99,46,float32,0,0,-0.9913702011108398,3.128964900970459,
DCM_89_FastWalkData_1_clip,HSMR-DCM_89_FastWalkData_1_clip.npy,89,FastWalkData,1,C:\Users\1nkas-Strix-4090-ll\Desktop\InternVL\GAVD-HSMR-dcm-oneperson-filtered\HSMR-DCM_89_FastWalkData_1_clip.npy,True,True,2,86,46,float32,0,0,-0.9832215309143066,3.122844934463501,
DCM_89_FastWalkData_2_clip,HSMR-DCM_89_FastWalkData_2_clip.npy,89,FastWalkData,2,C:\Users\1nkas-Strix-4090-ll\Desktop\InternVL\GAVD-HSMR-dcm-oneperson-filtered\HSMR-DCM_89_FastWalkData_2_clip.npy,True,True,2,64,46,float32,0,0,-0.9725891351699829,3.1350231170654297,
DCM_89_FastWalkData_3_clip,HSMR-DCM_89_FastWalkData_3_clip.npy,89,FastWalkData,3,C:\Users\1nkas-Strix-4090-ll\Desktop\InternVL\GAVD-HSMR-dcm-oneperson-filtered\HSMR-DCM_89_FastWalkData_3_clip.npy,True,True,2,92,46,float32,0,0,-0.9725126624107361,3.137751817703247,
DCM_89_FastWalkData_4_clip,HSMR-DCM_89_FastWalkData_4_clip.npy,89,FastWalkData,4,C:\Users\1nkas-Strix-4090-ll\Desktop\InternVL\GAVD-HSMR-dcm-oneperson-filtered\HSMR-DCM_89_FastWalkData_4_clip.npy,True,True,2,79,46,float32,0,0,-0.9436222314834595,3.103060007095337,
DCM_89_FastWalkData_5_clip,HSMR-DCM_89_FastWalkData_5_clip.npy,89,FastWalkData,5,C:\Users\1nkas-Strix-4090-ll\Desktop\InternVL\GAVD-HSMR-dcm-oneperson-filtered\HSMR-DCM_89_FastWalkData_5_clip.npy,True,True,2,100,46,float32,0,0,-0.9555149674415588,3.092926502227783,
DCM_89_WalkData_1_clip,HSMR-DCM_89_WalkData_1_clip.npy,89,WalkData,1,C:\Users\1nkas-Strix-4090-ll\Desktop\InternVL\GAVD-HSMR-dcm-oneperson-filtered\HSMR-DCM_89_WalkData_1_clip.npy,True,True,2,145,46,float32,0,0,-0.9859935641288757,3.1314148902893066,
DCM_89_WalkData_2_clip,HSMR-DCM_89_WalkData_2_clip.npy,89,WalkData,2,C:\Users\1nkas-Strix-4090-ll\Desktop\InternVL\GAVD-HSMR-dcm-oneperson-filtered\HSMR-DCM_89_WalkData_2_clip.npy,True,True,2,149,46,float32,0,0,-0.9798394441604614,3.1068503856658936,
DCM_89_WalkData_3_clip,HSMR-DCM_89_WalkData_3_clip.npy,89,WalkData,3,C:\Users\1nkas-Strix-4090-ll\Desktop\InternVL\GAVD-HSMR-dcm-oneperson-filtered\HSMR-DCM_89_WalkData_3_clip.npy,True,True,2,123,46,float32,0,0,-0.9883313179016113,3.1278514862060547,
DCM_92_WalkData_1_clip,HSMR-DCM_92_WalkData_1_clip.npy,92,WalkData,1,C:\Users\1nkas-Strix-4090-ll\Desktop\InternVL\GAVD-HSMR-dcm-oneperson-filtered\HSMR-DCM_92_WalkData_1_clip.npy,True,True,2,138,46,float32,0,0,-0.968243420124054,3.077589273452759,
DCM_92_WalkData_2_clip,HSMR-DCM_92_WalkData_2_clip.npy,92,WalkData,2,C:\Users\1nkas-Strix-4090-ll\Desktop\InternVL\GAVD-HSMR-dcm-oneperson-filtered\HSMR-DCM_92_WalkData_2_clip.npy,True,True,2,145,46,float32,0,0,-1.2028748989105225,3.1027653217315674,
DCM_92_WalkData_3_clip,HSMR-DCM_92_WalkData_3_clip.npy,92,WalkData,3,C:\Users\1nkas-Strix-4090-ll\Desktop\InternVL\GAVD-HSMR-dcm-oneperson-filtered\HSMR-DCM_92_WalkData_3_clip.npy,True,True,2,192,46,float32,0,0,-1.4366414546966553,3.0897889137268066,
