seq_id,subject_id,type,T,multi_frames,empty_frames,max_people,out_path
DCM_19_FastWalkData_1_clip,19,FastWalkData,109,1,0,2,C:\Users\1nkas-Strix-4090-ll\Desktop\InternVL\.\GAVD-HSMR-dcm-oneperson\HSMR-DCM_19_FastWalkData_1_clip.npy
DCM_19_FastWalkData_2_clip,19,FastWalkData,109,1,0,2,C:\Users\1nkas-Strix-4090-ll\Desktop\InternVL\.\GAVD-HSMR-dcm-oneperson\HSMR-DCM_19_FastWalkData_2_clip.npy
DCM_19_FastWalkData_3_clip,19,FastWalkData,112,0,0,1,C:\Users\1nkas-Strix-4090-ll\Desktop\InternVL\.\GAVD-HSMR-dcm-oneperson\HSMR-DCM_19_FastWalkData_3_clip.npy
DCM_19_FastWalkData_4_clip,19,FastWalkData,113,0,0,1,C:\Users\1nkas-Strix-4090-ll\Desktop\InternVL\.\GAVD-HSMR-dcm-oneperson\HSMR-DCM_19_FastWalkData_4_clip.npy
DCM_19_FastWalkData_5_clip,19,FastWalkData,116,1,0,2,C:\Users\1nkas-Strix-4090-ll\Desktop\InternVL\.\GAVD-HSMR-dcm-oneperson\HSMR-DCM_19_FastWalkData_5_clip.npy
DCM_19_WalkData_1_clip,19,WalkData,209,5,16,2,C:\Users\1nkas-Strix-4090-ll\Desktop\InternVL\.\GAVD-HSMR-dcm-oneperson\HSMR-DCM_19_WalkData_1_clip.npy
DCM_19_WalkData_2_clip,19,WalkData,194,0,16,1,C:\Users\1nkas-Strix-4090-ll\Desktop\InternVL\.\GAVD-HSMR-dcm-oneperson\HSMR-DCM_19_WalkData_2_clip.npy
DCM_19_WalkData_3_clip,19,WalkData,164,0,0,1,C:\Users\1nkas-Strix-4090-ll\Desktop\InternVL\.\GAVD-HSMR-dcm-oneperson\HSMR-DCM_19_WalkData_3_clip.npy
DCM_19_WalkData_4_clip,19,WalkData,153,1,4,2,C:\Users\1nkas-Strix-4090-ll\Desktop\InternVL\.\GAVD-HSMR-dcm-oneperson\HSMR-DCM_19_WalkData_4_clip.npy
DCM_19_WalkData_5_clip,19,WalkData,141,0,0,1,C:\Users\1nkas-Strix-4090-ll\Desktop\InternVL\.\GAVD-HSMR-dcm-oneperson\HSMR-DCM_19_WalkData_5_clip.npy
DCM_19_WalkData_6_clip,19,WalkData,183,61,0,2,C:\Users\1nkas-Strix-4090-ll\Desktop\InternVL\.\GAVD-HSMR-dcm-oneperson\HSMR-DCM_19_WalkData_6_clip.npy
DCM_20_FastWalkData_1_clip,20,FastWalkData,80,0,0,1,C:\Users\1nkas-Strix-4090-ll\Desktop\InternVL\.\GAVD-HSMR-dcm-oneperson\HSMR-DCM_20_FastWalkData_1_clip.npy
DCM_20_FastWalkData_2_clip,20,FastWalkData,82,0,0,1,C:\Users\1nkas-Strix-4090-ll\Desktop\InternVL\.\GAVD-HSMR-dcm-oneperson\HSMR-DCM_20_FastWalkData_2_clip.npy
DCM_20_FastWalkData_3_clip,20,FastWalkData,92,0,0,1,C:\Users\1nkas-Strix-4090-ll\Desktop\InternVL\.\GAVD-HSMR-dcm-oneperson\HSMR-DCM_20_FastWalkData_3_clip.npy
DCM_20_FastWalkData_4_clip,20,FastWalkData,92,0,0,1,C:\Users\1nkas-Strix-4090-ll\Desktop\InternVL\.\GAVD-HSMR-dcm-oneperson\HSMR-DCM_20_FastWalkData_4_clip.npy
DCM_20_FastWalkData_5_clip,20,FastWalkData,91,0,0,1,C:\Users\1nkas-Strix-4090-ll\Desktop\InternVL\.\GAVD-HSMR-dcm-oneperson\HSMR-DCM_20_FastWalkData_5_clip.npy
DCM_20_WalkData_1_clip,20,WalkData,197,4,2,2,C:\Users\1nkas-Strix-4090-ll\Desktop\InternVL\.\GAVD-HSMR-dcm-oneperson\HSMR-DCM_20_WalkData_1_clip.npy
DCM_20_WalkData_2_clip,20,WalkData,148,0,0,1,C:\Users\1nkas-Strix-4090-ll\Desktop\InternVL\.\GAVD-HSMR-dcm-oneperson\HSMR-DCM_20_WalkData_2_clip.npy
DCM_20_WalkData_3_clip,20,WalkData,141,0,0,1,C:\Users\1nkas-Strix-4090-ll\Desktop\InternVL\.\GAVD-HSMR-dcm-oneperson\HSMR-DCM_20_WalkData_3_clip.npy
DCM_20_WalkData_4_clip,20,WalkData,119,0,0,1,C:\Users\1nkas-Strix-4090-ll\Desktop\InternVL\.\GAVD-HSMR-dcm-oneperson\HSMR-DCM_20_WalkData_4_clip.npy
DCM_20_WalkData_5_clip,20,WalkData,130,1,0,2,C:\Users\1nkas-Strix-4090-ll\Desktop\InternVL\.\GAVD-HSMR-dcm-oneperson\HSMR-DCM_20_WalkData_5_clip.npy
DCM_21_FastWalkData_1_clip,21,FastWalkData,152,152,0,2,C:\Users\1nkas-Strix-4090-ll\Desktop\InternVL\.\GAVD-HSMR-dcm-oneperson\HSMR-DCM_21_FastWalkData_1_clip.npy
DCM_21_FastWalkData_2_clip,21,FastWalkData,111,101,0,2,C:\Users\1nkas-Strix-4090-ll\Desktop\InternVL\.\GAVD-HSMR-dcm-oneperson\HSMR-DCM_21_FastWalkData_2_clip.npy
DCM_21_FastWalkData_3_clip,21,FastWalkData,105,94,0,2,C:\Users\1nkas-Strix-4090-ll\Desktop\InternVL\.\GAVD-HSMR-dcm-oneperson\HSMR-DCM_21_FastWalkData_3_clip.npy
DCM_21_FastWalkData_4_clip,21,FastWalkData,151,151,0,2,C:\Users\1nkas-Strix-4090-ll\Desktop\InternVL\.\GAVD-HSMR-dcm-oneperson\HSMR-DCM_21_FastWalkData_4_clip.npy
DCM_21_WalkData_1_clip,21,WalkData,80,0,1,1,C:\Users\1nkas-Strix-4090-ll\Desktop\InternVL\.\GAVD-HSMR-dcm-oneperson\HSMR-DCM_21_WalkData_1_clip.npy
DCM_21_WalkData_2_clip,21,WalkData,144,56,0,2,C:\Users\1nkas-Strix-4090-ll\Desktop\InternVL\.\GAVD-HSMR-dcm-oneperson\HSMR-DCM_21_WalkData_2_clip.npy
DCM_21_WalkData_3_clip,21,WalkData,198,68,0,2,C:\Users\1nkas-Strix-4090-ll\Desktop\InternVL\.\GAVD-HSMR-dcm-oneperson\HSMR-DCM_21_WalkData_3_clip.npy
DCM_21_WalkData_4_clip,21,WalkData,116,0,0,1,C:\Users\1nkas-Strix-4090-ll\Desktop\InternVL\.\GAVD-HSMR-dcm-oneperson\HSMR-DCM_21_WalkData_4_clip.npy
DCM_21_WalkData_5_clip,21,WalkData,151,0,4,1,C:\Users\1nkas-Strix-4090-ll\Desktop\InternVL\.\GAVD-HSMR-dcm-oneperson\HSMR-DCM_21_WalkData_5_clip.npy
DCM_22_FastWalkData_1_clip,22,FastWalkData,478,343,0,3,C:\Users\1nkas-Strix-4090-ll\Desktop\InternVL\.\GAVD-HSMR-dcm-oneperson\HSMR-DCM_22_FastWalkData_1_clip.npy
DCM_22_FastWalkData_2_clip,22,FastWalkData,612,525,0,2,C:\Users\1nkas-Strix-4090-ll\Desktop\InternVL\.\GAVD-HSMR-dcm-oneperson\HSMR-DCM_22_FastWalkData_2_clip.npy
DCM_22_FastWalkData_3_clip,22,FastWalkData,585,540,0,3,C:\Users\1nkas-Strix-4090-ll\Desktop\InternVL\.\GAVD-HSMR-dcm-oneperson\HSMR-DCM_22_FastWalkData_3_clip.npy
DCM_22_FastWalkData_4_clip,22,FastWalkData,614,477,0,3,C:\Users\1nkas-Strix-4090-ll\Desktop\InternVL\.\GAVD-HSMR-dcm-oneperson\HSMR-DCM_22_FastWalkData_4_clip.npy
DCM_22_FastWalkData_5_clip,22,FastWalkData,562,399,0,2,C:\Users\1nkas-Strix-4090-ll\Desktop\InternVL\.\GAVD-HSMR-dcm-oneperson\HSMR-DCM_22_FastWalkData_5_clip.npy
DCM_22_WalkData_1_clip,22,WalkData,500,0,0,1,C:\Users\1nkas-Strix-4090-ll\Desktop\InternVL\.\GAVD-HSMR-dcm-oneperson\HSMR-DCM_22_WalkData_1_clip.npy
DCM_22_WalkData_2_clip,22,WalkData,805,464,0,2,C:\Users\1nkas-Strix-4090-ll\Desktop\InternVL\.\GAVD-HSMR-dcm-oneperson\HSMR-DCM_22_WalkData_2_clip.npy
DCM_22_WalkData_3_clip,22,WalkData,840,350,0,2,C:\Users\1nkas-Strix-4090-ll\Desktop\InternVL\.\GAVD-HSMR-dcm-oneperson\HSMR-DCM_22_WalkData_3_clip.npy
DCM_22_WalkData_4_clip,22,WalkData,596,0,0,1,C:\Users\1nkas-Strix-4090-ll\Desktop\InternVL\.\GAVD-HSMR-dcm-oneperson\HSMR-DCM_22_WalkData_4_clip.npy
DCM_22_WalkData_5_clip,22,WalkData,630,0,0,1,C:\Users\1nkas-Strix-4090-ll\Desktop\InternVL\.\GAVD-HSMR-dcm-oneperson\HSMR-DCM_22_WalkData_5_clip.npy
DCM_22_WalkData_6_clip,22,WalkData,539,5,0,2,C:\Users\1nkas-Strix-4090-ll\Desktop\InternVL\.\GAVD-HSMR-dcm-oneperson\HSMR-DCM_22_WalkData_6_clip.npy
DCM_25_FastWalkData_1_clip,25,FastWalkData,138,102,0,3,C:\Users\1nkas-Strix-4090-ll\Desktop\InternVL\.\GAVD-HSMR-dcm-oneperson\HSMR-DCM_25_FastWalkData_1_clip.npy
DCM_25_FastWalkData_2_clip,25,FastWalkData,130,102,0,3,C:\Users\1nkas-Strix-4090-ll\Desktop\InternVL\.\GAVD-HSMR-dcm-oneperson\HSMR-DCM_25_FastWalkData_2_clip.npy
DCM_25_FastWalkData_3_clip,25,FastWalkData,135,107,0,2,C:\Users\1nkas-Strix-4090-ll\Desktop\InternVL\.\GAVD-HSMR-dcm-oneperson\HSMR-DCM_25_FastWalkData_3_clip.npy
DCM_25_FastWalkData_4_clip,25,FastWalkData,136,104,0,3,C:\Users\1nkas-Strix-4090-ll\Desktop\InternVL\.\GAVD-HSMR-dcm-oneperson\HSMR-DCM_25_FastWalkData_4_clip.npy
DCM_25_FastWalkData_5_clip,25,FastWalkData,115,78,0,3,C:\Users\1nkas-Strix-4090-ll\Desktop\InternVL\.\GAVD-HSMR-dcm-oneperson\HSMR-DCM_25_FastWalkData_5_clip.npy
DCM_25_WalkData_1_clip,25,WalkData,261,261,0,2,C:\Users\1nkas-Strix-4090-ll\Desktop\InternVL\.\GAVD-HSMR-dcm-oneperson\HSMR-DCM_25_WalkData_1_clip.npy
DCM_25_WalkData_2_clip,25,WalkData,205,187,0,3,C:\Users\1nkas-Strix-4090-ll\Desktop\InternVL\.\GAVD-HSMR-dcm-oneperson\HSMR-DCM_25_WalkData_2_clip.npy
DCM_25_WalkData_3_clip,25,WalkData,184,153,0,3,C:\Users\1nkas-Strix-4090-ll\Desktop\InternVL\.\GAVD-HSMR-dcm-oneperson\HSMR-DCM_25_WalkData_3_clip.npy
DCM_25_WalkData_4_clip,25,WalkData,155,133,0,3,C:\Users\1nkas-Strix-4090-ll\Desktop\InternVL\.\GAVD-HSMR-dcm-oneperson\HSMR-DCM_25_WalkData_4_clip.npy
DCM_25_WalkData_5_clip,25,WalkData,177,147,0,3,C:\Users\1nkas-Strix-4090-ll\Desktop\InternVL\.\GAVD-HSMR-dcm-oneperson\HSMR-DCM_25_WalkData_5_clip.npy
DCM_25_WalkData_6_clip,25,WalkData,198,135,1,2,C:\Users\1nkas-Strix-4090-ll\Desktop\InternVL\.\GAVD-HSMR-dcm-oneperson\HSMR-DCM_25_WalkData_6_clip.npy
DCM_29_FastWalkData_1_clip,29,FastWalkData,75,59,0,3,C:\Users\1nkas-Strix-4090-ll\Desktop\InternVL\.\GAVD-HSMR-dcm-oneperson\HSMR-DCM_29_FastWalkData_1_clip.npy
DCM_29_FastWalkData_2_clip,29,FastWalkData,103,23,0,2,C:\Users\1nkas-Strix-4090-ll\Desktop\InternVL\.\GAVD-HSMR-dcm-oneperson\HSMR-DCM_29_FastWalkData_2_clip.npy
DCM_29_FastWalkData_3_clip,29,FastWalkData,105,0,0,1,C:\Users\1nkas-Strix-4090-ll\Desktop\InternVL\.\GAVD-HSMR-dcm-oneperson\HSMR-DCM_29_FastWalkData_3_clip.npy
DCM_29_FastWalkData_4_clip,29,FastWalkData,101,0,0,1,C:\Users\1nkas-Strix-4090-ll\Desktop\InternVL\.\GAVD-HSMR-dcm-oneperson\HSMR-DCM_29_FastWalkData_4_clip.npy
DCM_29_FastWalkData_5_clip,29,FastWalkData,115,0,0,1,C:\Users\1nkas-Strix-4090-ll\Desktop\InternVL\.\GAVD-HSMR-dcm-oneperson\HSMR-DCM_29_FastWalkData_5_clip.npy
DCM_29_WalkData_1_clip,29,WalkData,176,176,0,3,C:\Users\1nkas-Strix-4090-ll\Desktop\InternVL\.\GAVD-HSMR-dcm-oneperson\HSMR-DCM_29_WalkData_1_clip.npy
DCM_29_WalkData_2_clip,29,WalkData,147,141,0,2,C:\Users\1nkas-Strix-4090-ll\Desktop\InternVL\.\GAVD-HSMR-dcm-oneperson\HSMR-DCM_29_WalkData_2_clip.npy
DCM_29_WalkData_3_clip,29,WalkData,129,51,0,3,C:\Users\1nkas-Strix-4090-ll\Desktop\InternVL\.\GAVD-HSMR-dcm-oneperson\HSMR-DCM_29_WalkData_3_clip.npy
DCM_29_WalkData_4_clip,29,WalkData,135,2,0,2,C:\Users\1nkas-Strix-4090-ll\Desktop\InternVL\.\GAVD-HSMR-dcm-oneperson\HSMR-DCM_29_WalkData_4_clip.npy
DCM_29_WalkData_5_clip,29,WalkData,141,49,0,2,C:\Users\1nkas-Strix-4090-ll\Desktop\InternVL\.\GAVD-HSMR-dcm-oneperson\HSMR-DCM_29_WalkData_5_clip.npy
DCM_30_FastWalkData_1_clip,30,FastWalkData,106,0,0,1,C:\Users\1nkas-Strix-4090-ll\Desktop\InternVL\.\GAVD-HSMR-dcm-oneperson\HSMR-DCM_30_FastWalkData_1_clip.npy
DCM_30_FastWalkData_2_clip,30,FastWalkData,108,0,0,1,C:\Users\1nkas-Strix-4090-ll\Desktop\InternVL\.\GAVD-HSMR-dcm-oneperson\HSMR-DCM_30_FastWalkData_2_clip.npy
DCM_30_FastWalkData_3_clip,30,FastWalkData,106,106,0,2,C:\Users\1nkas-Strix-4090-ll\Desktop\InternVL\.\GAVD-HSMR-dcm-oneperson\HSMR-DCM_30_FastWalkData_3_clip.npy
DCM_30_FastWalkData_4_clip,30,FastWalkData,107,0,0,1,C:\Users\1nkas-Strix-4090-ll\Desktop\InternVL\.\GAVD-HSMR-dcm-oneperson\HSMR-DCM_30_FastWalkData_4_clip.npy
DCM_30_FastWalkData_5_clip,30,FastWalkData,109,6,0,2,C:\Users\1nkas-Strix-4090-ll\Desktop\InternVL\.\GAVD-HSMR-dcm-oneperson\HSMR-DCM_30_FastWalkData_5_clip.npy
DCM_30_WalkData_1_clip,30,WalkData,150,0,0,1,C:\Users\1nkas-Strix-4090-ll\Desktop\InternVL\.\GAVD-HSMR-dcm-oneperson\HSMR-DCM_30_WalkData_1_clip.npy
DCM_30_WalkData_2_clip,30,WalkData,126,0,0,1,C:\Users\1nkas-Strix-4090-ll\Desktop\InternVL\.\GAVD-HSMR-dcm-oneperson\HSMR-DCM_30_WalkData_2_clip.npy
DCM_30_WalkData_3_clip,30,WalkData,138,6,0,2,C:\Users\1nkas-Strix-4090-ll\Desktop\InternVL\.\GAVD-HSMR-dcm-oneperson\HSMR-DCM_30_WalkData_3_clip.npy
DCM_30_WalkData_4_clip,30,WalkData,167,0,0,1,C:\Users\1nkas-Strix-4090-ll\Desktop\InternVL\.\GAVD-HSMR-dcm-oneperson\HSMR-DCM_30_WalkData_4_clip.npy
DCM_30_WalkData_5_clip,30,WalkData,143,0,0,1,C:\Users\1nkas-Strix-4090-ll\Desktop\InternVL\.\GAVD-HSMR-dcm-oneperson\HSMR-DCM_30_WalkData_5_clip.npy
DCM_33_FastWalkData_1_clip,33,FastWalkData,82,0,0,1,C:\Users\1nkas-Strix-4090-ll\Desktop\InternVL\.\GAVD-HSMR-dcm-oneperson\HSMR-DCM_33_FastWalkData_1_clip.npy
DCM_33_FastWalkData_2_clip,33,FastWalkData,90,13,0,3,C:\Users\1nkas-Strix-4090-ll\Desktop\InternVL\.\GAVD-HSMR-dcm-oneperson\HSMR-DCM_33_FastWalkData_2_clip.npy
DCM_33_FastWalkData_3_clip,33,FastWalkData,85,0,0,1,C:\Users\1nkas-Strix-4090-ll\Desktop\InternVL\.\GAVD-HSMR-dcm-oneperson\HSMR-DCM_33_FastWalkData_3_clip.npy
DCM_33_FastWalkData_4_clip,33,FastWalkData,88,0,0,1,C:\Users\1nkas-Strix-4090-ll\Desktop\InternVL\.\GAVD-HSMR-dcm-oneperson\HSMR-DCM_33_FastWalkData_4_clip.npy
DCM_33_FastWalkData_5_clip,33,FastWalkData,91,0,0,1,C:\Users\1nkas-Strix-4090-ll\Desktop\InternVL\.\GAVD-HSMR-dcm-oneperson\HSMR-DCM_33_FastWalkData_5_clip.npy
DCM_33_WalkData_1_clip,33,WalkData,161,2,0,2,C:\Users\1nkas-Strix-4090-ll\Desktop\InternVL\.\GAVD-HSMR-dcm-oneperson\HSMR-DCM_33_WalkData_1_clip.npy
DCM_33_WalkData_2_clip,33,WalkData,111,26,0,2,C:\Users\1nkas-Strix-4090-ll\Desktop\InternVL\.\GAVD-HSMR-dcm-oneperson\HSMR-DCM_33_WalkData_2_clip.npy
DCM_33_WalkData_3_clip,33,WalkData,113,113,0,2,C:\Users\1nkas-Strix-4090-ll\Desktop\InternVL\.\GAVD-HSMR-dcm-oneperson\HSMR-DCM_33_WalkData_3_clip.npy
DCM_33_WalkData_4_clip,33,WalkData,135,18,0,2,C:\Users\1nkas-Strix-4090-ll\Desktop\InternVL\.\GAVD-HSMR-dcm-oneperson\HSMR-DCM_33_WalkData_4_clip.npy
DCM_33_WalkData_5_clip,33,WalkData,128,2,0,2,C:\Users\1nkas-Strix-4090-ll\Desktop\InternVL\.\GAVD-HSMR-dcm-oneperson\HSMR-DCM_33_WalkData_5_clip.npy
DCM_36_FastWalkData_1_clip,36,FastWalkData,119,119,0,2,C:\Users\1nkas-Strix-4090-ll\Desktop\InternVL\.\GAVD-HSMR-dcm-oneperson\HSMR-DCM_36_FastWalkData_1_clip.npy
DCM_36_FastWalkData_2_clip,36,FastWalkData,110,110,0,2,C:\Users\1nkas-Strix-4090-ll\Desktop\InternVL\.\GAVD-HSMR-dcm-oneperson\HSMR-DCM_36_FastWalkData_2_clip.npy
DCM_36_FastWalkData_3_clip,36,FastWalkData,128,118,0,3,C:\Users\1nkas-Strix-4090-ll\Desktop\InternVL\.\GAVD-HSMR-dcm-oneperson\HSMR-DCM_36_FastWalkData_3_clip.npy
DCM_36_FastWalkData_4_clip,36,FastWalkData,126,125,0,2,C:\Users\1nkas-Strix-4090-ll\Desktop\InternVL\.\GAVD-HSMR-dcm-oneperson\HSMR-DCM_36_FastWalkData_4_clip.npy
DCM_36_FastWalkData_5_clip,36,FastWalkData,116,116,0,2,C:\Users\1nkas-Strix-4090-ll\Desktop\InternVL\.\GAVD-HSMR-dcm-oneperson\HSMR-DCM_36_FastWalkData_5_clip.npy
DCM_36_WalkData_1_clip,36,WalkData,168,154,0,4,C:\Users\1nkas-Strix-4090-ll\Desktop\InternVL\.\GAVD-HSMR-dcm-oneperson\HSMR-DCM_36_WalkData_1_clip.npy
DCM_36_WalkData_2_clip,36,WalkData,154,0,0,1,C:\Users\1nkas-Strix-4090-ll\Desktop\InternVL\.\GAVD-HSMR-dcm-oneperson\HSMR-DCM_36_WalkData_2_clip.npy
DCM_36_WalkData_3_clip,36,WalkData,131,0,0,1,C:\Users\1nkas-Strix-4090-ll\Desktop\InternVL\.\GAVD-HSMR-dcm-oneperson\HSMR-DCM_36_WalkData_3_clip.npy
DCM_36_WalkData_4_clip,36,WalkData,150,2,0,2,C:\Users\1nkas-Strix-4090-ll\Desktop\InternVL\.\GAVD-HSMR-dcm-oneperson\HSMR-DCM_36_WalkData_4_clip.npy
DCM_36_WalkData_5_clip,36,WalkData,119,0,0,1,C:\Users\1nkas-Strix-4090-ll\Desktop\InternVL\.\GAVD-HSMR-dcm-oneperson\HSMR-DCM_36_WalkData_5_clip.npy
DCM_36_WalkData_6_clip,36,WalkData,130,0,0,1,C:\Users\1nkas-Strix-4090-ll\Desktop\InternVL\.\GAVD-HSMR-dcm-oneperson\HSMR-DCM_36_WalkData_6_clip.npy
DCM_37_FastWalkData_1_clip,37,FastWalkData,197,163,0,3,C:\Users\1nkas-Strix-4090-ll\Desktop\InternVL\.\GAVD-HSMR-dcm-oneperson\HSMR-DCM_37_FastWalkData_1_clip.npy
DCM_37_FastWalkData_2_clip,37,FastWalkData,197,159,0,3,C:\Users\1nkas-Strix-4090-ll\Desktop\InternVL\.\GAVD-HSMR-dcm-oneperson\HSMR-DCM_37_FastWalkData_2_clip.npy
DCM_37_WalkData_1_clip,37,WalkData,230,181,0,3,C:\Users\1nkas-Strix-4090-ll\Desktop\InternVL\.\GAVD-HSMR-dcm-oneperson\HSMR-DCM_37_WalkData_1_clip.npy
DCM_37_WalkData_2_clip,37,WalkData,153,104,0,2,C:\Users\1nkas-Strix-4090-ll\Desktop\InternVL\.\GAVD-HSMR-dcm-oneperson\HSMR-DCM_37_WalkData_2_clip.npy
DCM_37_WalkData_3_clip,37,WalkData,152,112,0,2,C:\Users\1nkas-Strix-4090-ll\Desktop\InternVL\.\GAVD-HSMR-dcm-oneperson\HSMR-DCM_37_WalkData_3_clip.npy
DCM_37_WalkData_4_clip,37,WalkData,160,118,0,2,C:\Users\1nkas-Strix-4090-ll\Desktop\InternVL\.\GAVD-HSMR-dcm-oneperson\HSMR-DCM_37_WalkData_4_clip.npy
DCM_37_WalkData_5_clip,37,WalkData,188,116,0,3,C:\Users\1nkas-Strix-4090-ll\Desktop\InternVL\.\GAVD-HSMR-dcm-oneperson\HSMR-DCM_37_WalkData_5_clip.npy
DCM_38_WalkData_1_clip,38,WalkData,239,193,0,3,C:\Users\1nkas-Strix-4090-ll\Desktop\InternVL\.\GAVD-HSMR-dcm-oneperson\HSMR-DCM_38_WalkData_1_clip.npy
DCM_38_WalkData_2_clip,38,WalkData,206,192,0,3,C:\Users\1nkas-Strix-4090-ll\Desktop\InternVL\.\GAVD-HSMR-dcm-oneperson\HSMR-DCM_38_WalkData_2_clip.npy
DCM_38_WalkData_3_clip,38,WalkData,248,218,0,3,C:\Users\1nkas-Strix-4090-ll\Desktop\InternVL\.\GAVD-HSMR-dcm-oneperson\HSMR-DCM_38_WalkData_3_clip.npy
DCM_38_WalkData_4_clip,38,WalkData,222,222,0,2,C:\Users\1nkas-Strix-4090-ll\Desktop\InternVL\.\GAVD-HSMR-dcm-oneperson\HSMR-DCM_38_WalkData_4_clip.npy
DCM_38_WalkData_5_clip,38,WalkData,169,153,0,3,C:\Users\1nkas-Strix-4090-ll\Desktop\InternVL\.\GAVD-HSMR-dcm-oneperson\HSMR-DCM_38_WalkData_5_clip.npy
DCM_41_FastWalkData_1_clip,41,FastWalkData,83,0,0,1,C:\Users\1nkas-Strix-4090-ll\Desktop\InternVL\.\GAVD-HSMR-dcm-oneperson\HSMR-DCM_41_FastWalkData_1_clip.npy
DCM_41_FastWalkData_2_clip,41,FastWalkData,103,0,0,1,C:\Users\1nkas-Strix-4090-ll\Desktop\InternVL\.\GAVD-HSMR-dcm-oneperson\HSMR-DCM_41_FastWalkData_2_clip.npy
DCM_41_FastWalkData_3_clip,41,FastWalkData,88,0,0,1,C:\Users\1nkas-Strix-4090-ll\Desktop\InternVL\.\GAVD-HSMR-dcm-oneperson\HSMR-DCM_41_FastWalkData_3_clip.npy
DCM_41_FastWalkData_4_clip,41,FastWalkData,76,0,0,1,C:\Users\1nkas-Strix-4090-ll\Desktop\InternVL\.\GAVD-HSMR-dcm-oneperson\HSMR-DCM_41_FastWalkData_4_clip.npy
DCM_41_FastWalkData_5_clip,41,FastWalkData,75,0,0,1,C:\Users\1nkas-Strix-4090-ll\Desktop\InternVL\.\GAVD-HSMR-dcm-oneperson\HSMR-DCM_41_FastWalkData_5_clip.npy
DCM_41_WalkData_1_clip,41,WalkData,122,0,0,1,C:\Users\1nkas-Strix-4090-ll\Desktop\InternVL\.\GAVD-HSMR-dcm-oneperson\HSMR-DCM_41_WalkData_1_clip.npy
DCM_41_WalkData_2_clip,41,WalkData,126,0,0,1,C:\Users\1nkas-Strix-4090-ll\Desktop\InternVL\.\GAVD-HSMR-dcm-oneperson\HSMR-DCM_41_WalkData_2_clip.npy
DCM_41_WalkData_3_clip,41,WalkData,120,0,0,1,C:\Users\1nkas-Strix-4090-ll\Desktop\InternVL\.\GAVD-HSMR-dcm-oneperson\HSMR-DCM_41_WalkData_3_clip.npy
DCM_41_WalkData_4_clip,41,WalkData,139,0,0,1,C:\Users\1nkas-Strix-4090-ll\Desktop\InternVL\.\GAVD-HSMR-dcm-oneperson\HSMR-DCM_41_WalkData_4_clip.npy
DCM_41_WalkData_5_clip,41,WalkData,117,0,0,1,C:\Users\1nkas-Strix-4090-ll\Desktop\InternVL\.\GAVD-HSMR-dcm-oneperson\HSMR-DCM_41_WalkData_5_clip.npy
DCM_42_FastWalkData_1_clip,42,FastWalkData,108,38,0,3,C:\Users\1nkas-Strix-4090-ll\Desktop\InternVL\.\GAVD-HSMR-dcm-oneperson\HSMR-DCM_42_FastWalkData_1_clip.npy
DCM_42_FastWalkData_2_clip,42,FastWalkData,76,0,0,1,C:\Users\1nkas-Strix-4090-ll\Desktop\InternVL\.\GAVD-HSMR-dcm-oneperson\HSMR-DCM_42_FastWalkData_2_clip.npy
DCM_42_FastWalkData_3_clip,42,FastWalkData,73,1,0,2,C:\Users\1nkas-Strix-4090-ll\Desktop\InternVL\.\GAVD-HSMR-dcm-oneperson\HSMR-DCM_42_FastWalkData_3_clip.npy
DCM_42_FastWalkData_4_clip,42,FastWalkData,76,2,0,2,C:\Users\1nkas-Strix-4090-ll\Desktop\InternVL\.\GAVD-HSMR-dcm-oneperson\HSMR-DCM_42_FastWalkData_4_clip.npy
DCM_42_FastWalkData_5_clip,42,FastWalkData,73,0,2,1,C:\Users\1nkas-Strix-4090-ll\Desktop\InternVL\.\GAVD-HSMR-dcm-oneperson\HSMR-DCM_42_FastWalkData_5_clip.npy
DCM_42_WalkData_1_clip,42,WalkData,94,0,2,1,C:\Users\1nkas-Strix-4090-ll\Desktop\InternVL\.\GAVD-HSMR-dcm-oneperson\HSMR-DCM_42_WalkData_1_clip.npy
DCM_42_WalkData_2_clip,42,WalkData,84,0,0,1,C:\Users\1nkas-Strix-4090-ll\Desktop\InternVL\.\GAVD-HSMR-dcm-oneperson\HSMR-DCM_42_WalkData_2_clip.npy
DCM_42_WalkData_3_clip,42,WalkData,97,1,0,2,C:\Users\1nkas-Strix-4090-ll\Desktop\InternVL\.\GAVD-HSMR-dcm-oneperson\HSMR-DCM_42_WalkData_3_clip.npy
DCM_42_WalkData_4_clip,42,WalkData,89,1,0,2,C:\Users\1nkas-Strix-4090-ll\Desktop\InternVL\.\GAVD-HSMR-dcm-oneperson\HSMR-DCM_42_WalkData_4_clip.npy
DCM_42_WalkData_5_clip,42,WalkData,90,3,0,2,C:\Users\1nkas-Strix-4090-ll\Desktop\InternVL\.\GAVD-HSMR-dcm-oneperson\HSMR-DCM_42_WalkData_5_clip.npy
DCM_44_FastWalkData_1_clip,44,FastWalkData,102,98,0,2,C:\Users\1nkas-Strix-4090-ll\Desktop\InternVL\.\GAVD-HSMR-dcm-oneperson\HSMR-DCM_44_FastWalkData_1_clip.npy
DCM_44_FastWalkData_2_clip,44,FastWalkData,108,108,0,3,C:\Users\1nkas-Strix-4090-ll\Desktop\InternVL\.\GAVD-HSMR-dcm-oneperson\HSMR-DCM_44_FastWalkData_2_clip.npy
DCM_44_FastWalkData_3_clip,44,FastWalkData,112,97,0,3,C:\Users\1nkas-Strix-4090-ll\Desktop\InternVL\.\GAVD-HSMR-dcm-oneperson\HSMR-DCM_44_FastWalkData_3_clip.npy
DCM_44_FastWalkData_4_clip,44,FastWalkData,109,105,0,2,C:\Users\1nkas-Strix-4090-ll\Desktop\InternVL\.\GAVD-HSMR-dcm-oneperson\HSMR-DCM_44_FastWalkData_4_clip.npy
DCM_44_FastWalkData_5_clip,44,FastWalkData,116,113,0,2,C:\Users\1nkas-Strix-4090-ll\Desktop\InternVL\.\GAVD-HSMR-dcm-oneperson\HSMR-DCM_44_FastWalkData_5_clip.npy
DCM_44_WalkData_1_clip,44,WalkData,87,0,0,1,C:\Users\1nkas-Strix-4090-ll\Desktop\InternVL\.\GAVD-HSMR-dcm-oneperson\HSMR-DCM_44_WalkData_1_clip.npy
DCM_44_WalkData_2_clip,44,WalkData,123,123,0,2,C:\Users\1nkas-Strix-4090-ll\Desktop\InternVL\.\GAVD-HSMR-dcm-oneperson\HSMR-DCM_44_WalkData_2_clip.npy
DCM_44_WalkData_3_clip,44,WalkData,134,115,0,2,C:\Users\1nkas-Strix-4090-ll\Desktop\InternVL\.\GAVD-HSMR-dcm-oneperson\HSMR-DCM_44_WalkData_3_clip.npy
DCM_44_WalkData_4_clip,44,WalkData,128,117,0,3,C:\Users\1nkas-Strix-4090-ll\Desktop\InternVL\.\GAVD-HSMR-dcm-oneperson\HSMR-DCM_44_WalkData_4_clip.npy
DCM_44_WalkData_5_clip,44,WalkData,150,150,0,2,C:\Users\1nkas-Strix-4090-ll\Desktop\InternVL\.\GAVD-HSMR-dcm-oneperson\HSMR-DCM_44_WalkData_5_clip.npy
DCM_46_FastWalkData_1_clip,46,FastWalkData,106,106,0,3,C:\Users\1nkas-Strix-4090-ll\Desktop\InternVL\.\GAVD-HSMR-dcm-oneperson\HSMR-DCM_46_FastWalkData_1_clip.npy
DCM_46_FastWalkData_2_clip,46,FastWalkData,69,1,0,2,C:\Users\1nkas-Strix-4090-ll\Desktop\InternVL\.\GAVD-HSMR-dcm-oneperson\HSMR-DCM_46_FastWalkData_2_clip.npy
DCM_46_FastWalkData_3_clip,46,FastWalkData,70,11,0,3,C:\Users\1nkas-Strix-4090-ll\Desktop\InternVL\.\GAVD-HSMR-dcm-oneperson\HSMR-DCM_46_FastWalkData_3_clip.npy
DCM_46_FastWalkData_4_clip,46,FastWalkData,73,0,0,1,C:\Users\1nkas-Strix-4090-ll\Desktop\InternVL\.\GAVD-HSMR-dcm-oneperson\HSMR-DCM_46_FastWalkData_4_clip.npy
DCM_46_FastWalkData_5_clip,46,FastWalkData,85,2,0,2,C:\Users\1nkas-Strix-4090-ll\Desktop\InternVL\.\GAVD-HSMR-dcm-oneperson\HSMR-DCM_46_FastWalkData_5_clip.npy
DCM_46_WalkData_1_clip,46,WalkData,155,0,0,1,C:\Users\1nkas-Strix-4090-ll\Desktop\InternVL\.\GAVD-HSMR-dcm-oneperson\HSMR-DCM_46_WalkData_1_clip.npy
DCM_46_WalkData_2_clip,46,WalkData,116,0,0,1,C:\Users\1nkas-Strix-4090-ll\Desktop\InternVL\.\GAVD-HSMR-dcm-oneperson\HSMR-DCM_46_WalkData_2_clip.npy
DCM_46_WalkData_3_clip,46,WalkData,119,1,0,2,C:\Users\1nkas-Strix-4090-ll\Desktop\InternVL\.\GAVD-HSMR-dcm-oneperson\HSMR-DCM_46_WalkData_3_clip.npy
DCM_46_WalkData_4_clip,46,WalkData,122,4,0,3,C:\Users\1nkas-Strix-4090-ll\Desktop\InternVL\.\GAVD-HSMR-dcm-oneperson\HSMR-DCM_46_WalkData_4_clip.npy
DCM_46_WalkData_5_clip,46,WalkData,94,0,0,1,C:\Users\1nkas-Strix-4090-ll\Desktop\InternVL\.\GAVD-HSMR-dcm-oneperson\HSMR-DCM_46_WalkData_5_clip.npy
DCM_55_FastWalkData_1_clip,55,FastWalkData,101,4,0,2,C:\Users\1nkas-Strix-4090-ll\Desktop\InternVL\.\GAVD-HSMR-dcm-oneperson\HSMR-DCM_55_FastWalkData_1_clip.npy
DCM_55_FastWalkData_2_clip,55,FastWalkData,112,2,0,2,C:\Users\1nkas-Strix-4090-ll\Desktop\InternVL\.\GAVD-HSMR-dcm-oneperson\HSMR-DCM_55_FastWalkData_2_clip.npy
DCM_55_FastWalkData_3_clip,55,FastWalkData,103,0,0,1,C:\Users\1nkas-Strix-4090-ll\Desktop\InternVL\.\GAVD-HSMR-dcm-oneperson\HSMR-DCM_55_FastWalkData_3_clip.npy
DCM_55_FastWalkData_4_clip,55,FastWalkData,94,0,0,1,C:\Users\1nkas-Strix-4090-ll\Desktop\InternVL\.\GAVD-HSMR-dcm-oneperson\HSMR-DCM_55_FastWalkData_4_clip.npy
DCM_55_FastWalkData_5_clip,55,FastWalkData,98,0,0,1,C:\Users\1nkas-Strix-4090-ll\Desktop\InternVL\.\GAVD-HSMR-dcm-oneperson\HSMR-DCM_55_FastWalkData_5_clip.npy
DCM_55_WalkData_1_clip,55,WalkData,136,2,0,2,C:\Users\1nkas-Strix-4090-ll\Desktop\InternVL\.\GAVD-HSMR-dcm-oneperson\HSMR-DCM_55_WalkData_1_clip.npy
DCM_55_WalkData_2_clip,55,WalkData,151,3,0,2,C:\Users\1nkas-Strix-4090-ll\Desktop\InternVL\.\GAVD-HSMR-dcm-oneperson\HSMR-DCM_55_WalkData_2_clip.npy
DCM_55_WalkData_3_clip,55,WalkData,125,0,0,1,C:\Users\1nkas-Strix-4090-ll\Desktop\InternVL\.\GAVD-HSMR-dcm-oneperson\HSMR-DCM_55_WalkData_3_clip.npy
DCM_55_WalkData_4_clip,55,WalkData,134,1,0,2,C:\Users\1nkas-Strix-4090-ll\Desktop\InternVL\.\GAVD-HSMR-dcm-oneperson\HSMR-DCM_55_WalkData_4_clip.npy
DCM_55_WalkData_5_clip,55,WalkData,136,1,0,2,C:\Users\1nkas-Strix-4090-ll\Desktop\InternVL\.\GAVD-HSMR-dcm-oneperson\HSMR-DCM_55_WalkData_5_clip.npy
DCM_58_FastWalkData_1_clip,58,FastWalkData,83,68,0,3,C:\Users\1nkas-Strix-4090-ll\Desktop\InternVL\.\GAVD-HSMR-dcm-oneperson\HSMR-DCM_58_FastWalkData_1_clip.npy
DCM_58_FastWalkData_2_clip,58,FastWalkData,99,96,0,3,C:\Users\1nkas-Strix-4090-ll\Desktop\InternVL\.\GAVD-HSMR-dcm-oneperson\HSMR-DCM_58_FastWalkData_2_clip.npy
DCM_58_FastWalkData_3_clip,58,FastWalkData,119,110,0,3,C:\Users\1nkas-Strix-4090-ll\Desktop\InternVL\.\GAVD-HSMR-dcm-oneperson\HSMR-DCM_58_FastWalkData_3_clip.npy
DCM_58_FastWalkData_4_clip,58,FastWalkData,118,110,0,2,C:\Users\1nkas-Strix-4090-ll\Desktop\InternVL\.\GAVD-HSMR-dcm-oneperson\HSMR-DCM_58_FastWalkData_4_clip.npy
DCM_58_FastWalkData_5_clip,58,FastWalkData,112,110,0,2,C:\Users\1nkas-Strix-4090-ll\Desktop\InternVL\.\GAVD-HSMR-dcm-oneperson\HSMR-DCM_58_FastWalkData_5_clip.npy
DCM_58_WalkData_1_clip,58,WalkData,148,56,0,2,C:\Users\1nkas-Strix-4090-ll\Desktop\InternVL\.\GAVD-HSMR-dcm-oneperson\HSMR-DCM_58_WalkData_1_clip.npy
DCM_58_WalkData_2_clip,58,WalkData,117,2,0,3,C:\Users\1nkas-Strix-4090-ll\Desktop\InternVL\.\GAVD-HSMR-dcm-oneperson\HSMR-DCM_58_WalkData_2_clip.npy
DCM_58_WalkData_3_clip,58,WalkData,138,0,0,1,C:\Users\1nkas-Strix-4090-ll\Desktop\InternVL\.\GAVD-HSMR-dcm-oneperson\HSMR-DCM_58_WalkData_3_clip.npy
DCM_58_WalkData_4_clip,58,WalkData,164,1,0,2,C:\Users\1nkas-Strix-4090-ll\Desktop\InternVL\.\GAVD-HSMR-dcm-oneperson\HSMR-DCM_58_WalkData_4_clip.npy
DCM_58_WalkData_5_clip,58,WalkData,118,10,0,3,C:\Users\1nkas-Strix-4090-ll\Desktop\InternVL\.\GAVD-HSMR-dcm-oneperson\HSMR-DCM_58_WalkData_5_clip.npy
DCM_61_FastWalkData_1_clip,61,FastWalkData,94,1,0,2,C:\Users\1nkas-Strix-4090-ll\Desktop\InternVL\.\GAVD-HSMR-dcm-oneperson\HSMR-DCM_61_FastWalkData_1_clip.npy
DCM_61_FastWalkData_2_clip,61,FastWalkData,102,0,0,1,C:\Users\1nkas-Strix-4090-ll\Desktop\InternVL\.\GAVD-HSMR-dcm-oneperson\HSMR-DCM_61_FastWalkData_2_clip.npy
DCM_61_FastWalkData_3_clip,61,FastWalkData,95,0,0,1,C:\Users\1nkas-Strix-4090-ll\Desktop\InternVL\.\GAVD-HSMR-dcm-oneperson\HSMR-DCM_61_FastWalkData_3_clip.npy
DCM_61_FastWalkData_4_clip,61,FastWalkData,99,1,0,2,C:\Users\1nkas-Strix-4090-ll\Desktop\InternVL\.\GAVD-HSMR-dcm-oneperson\HSMR-DCM_61_FastWalkData_4_clip.npy
DCM_61_FastWalkData_5_clip,61,FastWalkData,100,0,0,1,C:\Users\1nkas-Strix-4090-ll\Desktop\InternVL\.\GAVD-HSMR-dcm-oneperson\HSMR-DCM_61_FastWalkData_5_clip.npy
DCM_61_WalkData_4_clip,61,WalkData,128,1,0,2,C:\Users\1nkas-Strix-4090-ll\Desktop\InternVL\.\GAVD-HSMR-dcm-oneperson\HSMR-DCM_61_WalkData_4_clip.npy
DCM_61_WalkData_5_clip,61,WalkData,121,0,0,1,C:\Users\1nkas-Strix-4090-ll\Desktop\InternVL\.\GAVD-HSMR-dcm-oneperson\HSMR-DCM_61_WalkData_5_clip.npy
DCM_64_FastWalkData_1_clip,64,FastWalkData,93,0,0,1,C:\Users\1nkas-Strix-4090-ll\Desktop\InternVL\.\GAVD-HSMR-dcm-oneperson\HSMR-DCM_64_FastWalkData_1_clip.npy
DCM_64_FastWalkData_2_clip,64,FastWalkData,85,0,0,1,C:\Users\1nkas-Strix-4090-ll\Desktop\InternVL\.\GAVD-HSMR-dcm-oneperson\HSMR-DCM_64_FastWalkData_2_clip.npy
DCM_64_FastWalkData_3_clip,64,FastWalkData,80,0,0,1,C:\Users\1nkas-Strix-4090-ll\Desktop\InternVL\.\GAVD-HSMR-dcm-oneperson\HSMR-DCM_64_FastWalkData_3_clip.npy
DCM_64_FastWalkData_4_clip,64,FastWalkData,92,0,0,1,C:\Users\1nkas-Strix-4090-ll\Desktop\InternVL\.\GAVD-HSMR-dcm-oneperson\HSMR-DCM_64_FastWalkData_4_clip.npy
DCM_64_FastWalkData_5_clip,64,FastWalkData,87,0,0,1,C:\Users\1nkas-Strix-4090-ll\Desktop\InternVL\.\GAVD-HSMR-dcm-oneperson\HSMR-DCM_64_FastWalkData_5_clip.npy
DCM_64_WalkData_1_clip,64,WalkData,116,0,0,1,C:\Users\1nkas-Strix-4090-ll\Desktop\InternVL\.\GAVD-HSMR-dcm-oneperson\HSMR-DCM_64_WalkData_1_clip.npy
DCM_64_WalkData_2_clip,64,WalkData,128,0,0,1,C:\Users\1nkas-Strix-4090-ll\Desktop\InternVL\.\GAVD-HSMR-dcm-oneperson\HSMR-DCM_64_WalkData_2_clip.npy
DCM_64_WalkData_3_clip,64,WalkData,141,0,0,1,C:\Users\1nkas-Strix-4090-ll\Desktop\InternVL\.\GAVD-HSMR-dcm-oneperson\HSMR-DCM_64_WalkData_3_clip.npy
DCM_64_WalkData_4_clip,64,WalkData,107,7,0,2,C:\Users\1nkas-Strix-4090-ll\Desktop\InternVL\.\GAVD-HSMR-dcm-oneperson\HSMR-DCM_64_WalkData_4_clip.npy
DCM_64_WalkData_5_clip,64,WalkData,109,0,0,1,C:\Users\1nkas-Strix-4090-ll\Desktop\InternVL\.\GAVD-HSMR-dcm-oneperson\HSMR-DCM_64_WalkData_5_clip.npy
DCM_65_FastWalkData_1_clip,65,FastWalkData,132,74,0,3,C:\Users\1nkas-Strix-4090-ll\Desktop\InternVL\.\GAVD-HSMR-dcm-oneperson\HSMR-DCM_65_FastWalkData_1_clip.npy
DCM_65_FastWalkData_2_clip,65,FastWalkData,151,117,0,3,C:\Users\1nkas-Strix-4090-ll\Desktop\InternVL\.\GAVD-HSMR-dcm-oneperson\HSMR-DCM_65_FastWalkData_2_clip.npy
DCM_65_WalkData_1_clip,65,WalkData,209,171,0,3,C:\Users\1nkas-Strix-4090-ll\Desktop\InternVL\.\GAVD-HSMR-dcm-oneperson\HSMR-DCM_65_WalkData_1_clip.npy
DCM_65_WalkData_2_clip,65,WalkData,173,149,0,3,C:\Users\1nkas-Strix-4090-ll\Desktop\InternVL\.\GAVD-HSMR-dcm-oneperson\HSMR-DCM_65_WalkData_2_clip.npy
DCM_65_WalkData_3_clip,65,WalkData,160,83,0,3,C:\Users\1nkas-Strix-4090-ll\Desktop\InternVL\.\GAVD-HSMR-dcm-oneperson\HSMR-DCM_65_WalkData_3_clip.npy
DCM_65_WalkData_4_clip,65,WalkData,211,181,0,3,C:\Users\1nkas-Strix-4090-ll\Desktop\InternVL\.\GAVD-HSMR-dcm-oneperson\HSMR-DCM_65_WalkData_4_clip.npy
DCM_67_FastWalkData_1_clip,67,FastWalkData,72,0,0,1,C:\Users\1nkas-Strix-4090-ll\Desktop\InternVL\.\GAVD-HSMR-dcm-oneperson\HSMR-DCM_67_FastWalkData_1_clip.npy
DCM_67_FastWalkData_2_clip,67,FastWalkData,85,5,0,2,C:\Users\1nkas-Strix-4090-ll\Desktop\InternVL\.\GAVD-HSMR-dcm-oneperson\HSMR-DCM_67_FastWalkData_2_clip.npy
DCM_67_FastWalkData_3_clip,67,FastWalkData,71,71,0,2,C:\Users\1nkas-Strix-4090-ll\Desktop\InternVL\.\GAVD-HSMR-dcm-oneperson\HSMR-DCM_67_FastWalkData_3_clip.npy
DCM_67_FastWalkData_4_clip,67,FastWalkData,101,1,0,2,C:\Users\1nkas-Strix-4090-ll\Desktop\InternVL\.\GAVD-HSMR-dcm-oneperson\HSMR-DCM_67_FastWalkData_4_clip.npy
DCM_67_FastWalkData_5_clip,67,FastWalkData,117,117,0,2,C:\Users\1nkas-Strix-4090-ll\Desktop\InternVL\.\GAVD-HSMR-dcm-oneperson\HSMR-DCM_67_FastWalkData_5_clip.npy
DCM_67_WalkData_1_clip,67,WalkData,125,0,0,1,C:\Users\1nkas-Strix-4090-ll\Desktop\InternVL\.\GAVD-HSMR-dcm-oneperson\HSMR-DCM_67_WalkData_1_clip.npy
DCM_67_WalkData_2_clip,67,WalkData,141,0,0,1,C:\Users\1nkas-Strix-4090-ll\Desktop\InternVL\.\GAVD-HSMR-dcm-oneperson\HSMR-DCM_67_WalkData_2_clip.npy
DCM_67_WalkData_3_clip,67,WalkData,132,0,0,1,C:\Users\1nkas-Strix-4090-ll\Desktop\InternVL\.\GAVD-HSMR-dcm-oneperson\HSMR-DCM_67_WalkData_3_clip.npy
DCM_67_WalkData_4_clip,67,WalkData,67,6,0,3,C:\Users\1nkas-Strix-4090-ll\Desktop\InternVL\.\GAVD-HSMR-dcm-oneperson\HSMR-DCM_67_WalkData_4_clip.npy
DCM_67_WalkData_5_clip,67,WalkData,122,0,0,1,C:\Users\1nkas-Strix-4090-ll\Desktop\InternVL\.\GAVD-HSMR-dcm-oneperson\HSMR-DCM_67_WalkData_5_clip.npy
DCM_68_WalkData_1_clip,68,WalkData,248,145,0,3,C:\Users\1nkas-Strix-4090-ll\Desktop\InternVL\.\GAVD-HSMR-dcm-oneperson\HSMR-DCM_68_WalkData_1_clip.npy
DCM_68_WalkData_2_clip,68,WalkData,285,250,0,3,C:\Users\1nkas-Strix-4090-ll\Desktop\InternVL\.\GAVD-HSMR-dcm-oneperson\HSMR-DCM_68_WalkData_2_clip.npy
DCM_68_WalkData_3_clip,68,WalkData,258,224,0,2,C:\Users\1nkas-Strix-4090-ll\Desktop\InternVL\.\GAVD-HSMR-dcm-oneperson\HSMR-DCM_68_WalkData_3_clip.npy
DCM_77_FastWalkData_1_clip,77,FastWalkData,64,0,0,1,C:\Users\1nkas-Strix-4090-ll\Desktop\InternVL\.\GAVD-HSMR-dcm-oneperson\HSMR-DCM_77_FastWalkData_1_clip.npy
DCM_77_FastWalkData_2_clip,77,FastWalkData,66,0,0,1,C:\Users\1nkas-Strix-4090-ll\Desktop\InternVL\.\GAVD-HSMR-dcm-oneperson\HSMR-DCM_77_FastWalkData_2_clip.npy
DCM_77_FastWalkData_3_clip,77,FastWalkData,65,0,0,1,C:\Users\1nkas-Strix-4090-ll\Desktop\InternVL\.\GAVD-HSMR-dcm-oneperson\HSMR-DCM_77_FastWalkData_3_clip.npy
DCM_77_FastWalkData_4_clip,77,FastWalkData,113,113,0,3,C:\Users\1nkas-Strix-4090-ll\Desktop\InternVL\.\GAVD-HSMR-dcm-oneperson\HSMR-DCM_77_FastWalkData_4_clip.npy
DCM_77_FastWalkData_5_clip,77,FastWalkData,62,0,0,1,C:\Users\1nkas-Strix-4090-ll\Desktop\InternVL\.\GAVD-HSMR-dcm-oneperson\HSMR-DCM_77_FastWalkData_5_clip.npy
DCM_77_WalkData_1_clip,77,WalkData,101,0,0,1,C:\Users\1nkas-Strix-4090-ll\Desktop\InternVL\.\GAVD-HSMR-dcm-oneperson\HSMR-DCM_77_WalkData_1_clip.npy
DCM_77_WalkData_2_clip,77,WalkData,93,0,0,1,C:\Users\1nkas-Strix-4090-ll\Desktop\InternVL\.\GAVD-HSMR-dcm-oneperson\HSMR-DCM_77_WalkData_2_clip.npy
DCM_77_WalkData_3_clip,77,WalkData,97,0,0,1,C:\Users\1nkas-Strix-4090-ll\Desktop\InternVL\.\GAVD-HSMR-dcm-oneperson\HSMR-DCM_77_WalkData_3_clip.npy
DCM_77_WalkData_4_clip,77,WalkData,93,0,0,1,C:\Users\1nkas-Strix-4090-ll\Desktop\InternVL\.\GAVD-HSMR-dcm-oneperson\HSMR-DCM_77_WalkData_4_clip.npy
DCM_77_WalkData_5_clip,77,WalkData,95,0,0,1,C:\Users\1nkas-Strix-4090-ll\Desktop\InternVL\.\GAVD-HSMR-dcm-oneperson\HSMR-DCM_77_WalkData_5_clip.npy
DCM_80_WalkData_1_clip,80,WalkData,200,126,0,2,C:\Users\1nkas-Strix-4090-ll\Desktop\InternVL\.\GAVD-HSMR-dcm-oneperson\HSMR-DCM_80_WalkData_1_clip.npy
DCM_80_WalkData_2_clip,80,WalkData,189,138,0,3,C:\Users\1nkas-Strix-4090-ll\Desktop\InternVL\.\GAVD-HSMR-dcm-oneperson\HSMR-DCM_80_WalkData_2_clip.npy
DCM_80_WalkData_3_clip,80,WalkData,184,137,0,3,C:\Users\1nkas-Strix-4090-ll\Desktop\InternVL\.\GAVD-HSMR-dcm-oneperson\HSMR-DCM_80_WalkData_3_clip.npy
DCM_80_WalkData_4_clip,80,WalkData,189,127,0,3,C:\Users\1nkas-Strix-4090-ll\Desktop\InternVL\.\GAVD-HSMR-dcm-oneperson\HSMR-DCM_80_WalkData_4_clip.npy
DCM_80_WalkData_5_clip,80,WalkData,184,136,0,3,C:\Users\1nkas-Strix-4090-ll\Desktop\InternVL\.\GAVD-HSMR-dcm-oneperson\HSMR-DCM_80_WalkData_5_clip.npy
DCM_81_FastWalkData_1_clip,81,FastWalkData,116,101,0,3,C:\Users\1nkas-Strix-4090-ll\Desktop\InternVL\.\GAVD-HSMR-dcm-oneperson\HSMR-DCM_81_FastWalkData_1_clip.npy
DCM_81_FastWalkData_2_clip,81,FastWalkData,110,91,0,3,C:\Users\1nkas-Strix-4090-ll\Desktop\InternVL\.\GAVD-HSMR-dcm-oneperson\HSMR-DCM_81_FastWalkData_2_clip.npy
DCM_81_FastWalkData_3_clip,81,FastWalkData,94,83,0,3,C:\Users\1nkas-Strix-4090-ll\Desktop\InternVL\.\GAVD-HSMR-dcm-oneperson\HSMR-DCM_81_FastWalkData_3_clip.npy
DCM_81_FastWalkData_4_clip,81,FastWalkData,125,89,0,2,C:\Users\1nkas-Strix-4090-ll\Desktop\InternVL\.\GAVD-HSMR-dcm-oneperson\HSMR-DCM_81_FastWalkData_4_clip.npy
DCM_81_FastWalkData_5_clip,81,FastWalkData,116,90,0,3,C:\Users\1nkas-Strix-4090-ll\Desktop\InternVL\.\GAVD-HSMR-dcm-oneperson\HSMR-DCM_81_FastWalkData_5_clip.npy
DCM_81_WalkData_1_clip,81,WalkData,162,138,0,3,C:\Users\1nkas-Strix-4090-ll\Desktop\InternVL\.\GAVD-HSMR-dcm-oneperson\HSMR-DCM_81_WalkData_1_clip.npy
DCM_81_WalkData_2_clip,81,WalkData,152,129,0,3,C:\Users\1nkas-Strix-4090-ll\Desktop\InternVL\.\GAVD-HSMR-dcm-oneperson\HSMR-DCM_81_WalkData_2_clip.npy
DCM_81_WalkData_3_clip,81,WalkData,151,150,0,2,C:\Users\1nkas-Strix-4090-ll\Desktop\InternVL\.\GAVD-HSMR-dcm-oneperson\HSMR-DCM_81_WalkData_3_clip.npy
DCM_81_WalkData_4_clip,81,WalkData,178,154,0,2,C:\Users\1nkas-Strix-4090-ll\Desktop\InternVL\.\GAVD-HSMR-dcm-oneperson\HSMR-DCM_81_WalkData_4_clip.npy
DCM_81_WalkData_5_clip,81,WalkData,169,167,0,2,C:\Users\1nkas-Strix-4090-ll\Desktop\InternVL\.\GAVD-HSMR-dcm-oneperson\HSMR-DCM_81_WalkData_5_clip.npy
DCM_82_FastWalkData_1_clip,82,FastWalkData,99,99,0,2,C:\Users\1nkas-Strix-4090-ll\Desktop\InternVL\.\GAVD-HSMR-dcm-oneperson\HSMR-DCM_82_FastWalkData_1_clip.npy
DCM_82_FastWalkData_2_clip,82,FastWalkData,99,99,0,2,C:\Users\1nkas-Strix-4090-ll\Desktop\InternVL\.\GAVD-HSMR-dcm-oneperson\HSMR-DCM_82_FastWalkData_2_clip.npy
DCM_82_FastWalkData_3_clip,82,FastWalkData,77,77,0,2,C:\Users\1nkas-Strix-4090-ll\Desktop\InternVL\.\GAVD-HSMR-dcm-oneperson\HSMR-DCM_82_FastWalkData_3_clip.npy
DCM_82_FastWalkData_4_clip,82,FastWalkData,96,56,0,3,C:\Users\1nkas-Strix-4090-ll\Desktop\InternVL\.\GAVD-HSMR-dcm-oneperson\HSMR-DCM_82_FastWalkData_4_clip.npy
DCM_82_FastWalkData_5_clip,82,FastWalkData,72,58,0,3,C:\Users\1nkas-Strix-4090-ll\Desktop\InternVL\.\GAVD-HSMR-dcm-oneperson\HSMR-DCM_82_FastWalkData_5_clip.npy
DCM_82_FwdWalkData_1_clip,82,FwdWalkData,126,0,0,1,C:\Users\1nkas-Strix-4090-ll\Desktop\InternVL\.\GAVD-HSMR-dcm-oneperson\HSMR-DCM_82_FwdWalkData_1_clip.npy
DCM_82_FwdWalkData_2_clip,82,FwdWalkData,128,1,0,2,C:\Users\1nkas-Strix-4090-ll\Desktop\InternVL\.\GAVD-HSMR-dcm-oneperson\HSMR-DCM_82_FwdWalkData_2_clip.npy
DCM_82_FwdWalkData_3_clip,82,FwdWalkData,99,16,0,2,C:\Users\1nkas-Strix-4090-ll\Desktop\InternVL\.\GAVD-HSMR-dcm-oneperson\HSMR-DCM_82_FwdWalkData_3_clip.npy
DCM_82_FwdWalkData_4_clip,82,FwdWalkData,80,3,0,2,C:\Users\1nkas-Strix-4090-ll\Desktop\InternVL\.\GAVD-HSMR-dcm-oneperson\HSMR-DCM_82_FwdWalkData_4_clip.npy
DCM_82_FwdWalkData_5_clip,82,FwdWalkData,120,0,0,1,C:\Users\1nkas-Strix-4090-ll\Desktop\InternVL\.\GAVD-HSMR-dcm-oneperson\HSMR-DCM_82_FwdWalkData_5_clip.npy
DCM_86_FastWalkData_1_clip,86,FastWalkData,91,91,0,2,C:\Users\1nkas-Strix-4090-ll\Desktop\InternVL\.\GAVD-HSMR-dcm-oneperson\HSMR-DCM_86_FastWalkData_1_clip.npy
DCM_86_FastWalkData_2_clip,86,FastWalkData,52,0,0,1,C:\Users\1nkas-Strix-4090-ll\Desktop\InternVL\.\GAVD-HSMR-dcm-oneperson\HSMR-DCM_86_FastWalkData_2_clip.npy
DCM_86_FastWalkData_3_clip,86,FastWalkData,85,85,0,2,C:\Users\1nkas-Strix-4090-ll\Desktop\InternVL\.\GAVD-HSMR-dcm-oneperson\HSMR-DCM_86_FastWalkData_3_clip.npy
DCM_86_FastWalkData_4_clip,86,FastWalkData,38,9,0,2,C:\Users\1nkas-Strix-4090-ll\Desktop\InternVL\.\GAVD-HSMR-dcm-oneperson\HSMR-DCM_86_FastWalkData_4_clip.npy
DCM_86_FastWalkData_5_clip,86,FastWalkData,56,4,0,2,C:\Users\1nkas-Strix-4090-ll\Desktop\InternVL\.\GAVD-HSMR-dcm-oneperson\HSMR-DCM_86_FastWalkData_5_clip.npy
DCM_86_WalkData_1_clip,86,WalkData,112,0,0,1,C:\Users\1nkas-Strix-4090-ll\Desktop\InternVL\.\GAVD-HSMR-dcm-oneperson\HSMR-DCM_86_WalkData_1_clip.npy
DCM_86_WalkData_2_clip,86,WalkData,95,0,0,1,C:\Users\1nkas-Strix-4090-ll\Desktop\InternVL\.\GAVD-HSMR-dcm-oneperson\HSMR-DCM_86_WalkData_2_clip.npy
DCM_86_WalkData_3_clip,86,WalkData,87,0,0,1,C:\Users\1nkas-Strix-4090-ll\Desktop\InternVL\.\GAVD-HSMR-dcm-oneperson\HSMR-DCM_86_WalkData_3_clip.npy
DCM_86_WalkData_4_clip,86,WalkData,102,0,0,1,C:\Users\1nkas-Strix-4090-ll\Desktop\InternVL\.\GAVD-HSMR-dcm-oneperson\HSMR-DCM_86_WalkData_4_clip.npy
DCM_86_WalkData_5_clip,86,WalkData,99,0,0,1,C:\Users\1nkas-Strix-4090-ll\Desktop\InternVL\.\GAVD-HSMR-dcm-oneperson\HSMR-DCM_86_WalkData_5_clip.npy
DCM_89_FastWalkData_1_clip,89,FastWalkData,86,69,0,3,C:\Users\1nkas-Strix-4090-ll\Desktop\InternVL\.\GAVD-HSMR-dcm-oneperson\HSMR-DCM_89_FastWalkData_1_clip.npy
DCM_89_FastWalkData_2_clip,89,FastWalkData,64,53,0,3,C:\Users\1nkas-Strix-4090-ll\Desktop\InternVL\.\GAVD-HSMR-dcm-oneperson\HSMR-DCM_89_FastWalkData_2_clip.npy
DCM_89_FastWalkData_3_clip,89,FastWalkData,92,81,0,2,C:\Users\1nkas-Strix-4090-ll\Desktop\InternVL\.\GAVD-HSMR-dcm-oneperson\HSMR-DCM_89_FastWalkData_3_clip.npy
DCM_89_FastWalkData_4_clip,89,FastWalkData,79,68,0,2,C:\Users\1nkas-Strix-4090-ll\Desktop\InternVL\.\GAVD-HSMR-dcm-oneperson\HSMR-DCM_89_FastWalkData_4_clip.npy
DCM_89_FastWalkData_5_clip,89,FastWalkData,100,77,0,3,C:\Users\1nkas-Strix-4090-ll\Desktop\InternVL\.\GAVD-HSMR-dcm-oneperson\HSMR-DCM_89_FastWalkData_5_clip.npy
DCM_89_WalkData_1_clip,89,WalkData,145,141,0,2,C:\Users\1nkas-Strix-4090-ll\Desktop\InternVL\.\GAVD-HSMR-dcm-oneperson\HSMR-DCM_89_WalkData_1_clip.npy
DCM_89_WalkData_2_clip,89,WalkData,149,141,0,3,C:\Users\1nkas-Strix-4090-ll\Desktop\InternVL\.\GAVD-HSMR-dcm-oneperson\HSMR-DCM_89_WalkData_2_clip.npy
DCM_89_WalkData_3_clip,89,WalkData,123,115,0,3,C:\Users\1nkas-Strix-4090-ll\Desktop\InternVL\.\GAVD-HSMR-dcm-oneperson\HSMR-DCM_89_WalkData_3_clip.npy
DCM_89_WalkData_4_clip,89,WalkData,140,140,0,2,C:\Users\1nkas-Strix-4090-ll\Desktop\InternVL\.\GAVD-HSMR-dcm-oneperson\HSMR-DCM_89_WalkData_4_clip.npy
DCM_92_WalkData_1_clip,92,WalkData,138,106,0,3,C:\Users\1nkas-Strix-4090-ll\Desktop\InternVL\.\GAVD-HSMR-dcm-oneperson\HSMR-DCM_92_WalkData_1_clip.npy
DCM_92_WalkData_2_clip,92,WalkData,145,124,0,2,C:\Users\1nkas-Strix-4090-ll\Desktop\InternVL\.\GAVD-HSMR-dcm-oneperson\HSMR-DCM_92_WalkData_2_clip.npy
DCM_92_WalkData_3_clip,92,WalkData,192,153,0,3,C:\Users\1nkas-Strix-4090-ll\Desktop\InternVL\.\GAVD-HSMR-dcm-oneperson\HSMR-DCM_92_WalkData_3_clip.npy
